,equity,deposit,net,nav,adverse_nav
2020-01-01 00:00:00+00:00,100.0,0.0,0.0,1.0,1.0
2020-01-02 00:00:00+00:00,100.0,0.0,0.0,1.0,1.0
2020-01-03 00:00:00+00:00,100.0,0.0,0.0,1.0,1.0
2020-01-04 00:00:00+00:00,100.0,0.0,0.0,1.0,1.0
2020-01-05 00:00:00+00:00,100.0,0.0,0.0,1.0,1.0
2020-01-06 00:00:00+00:00,100.0,0.0,0.0,1.0,1.0
2020-01-07 00:00:00+00:00,100.0,0.0,0.0,1.0,1.0
2020-01-08 00:00:00+00:00,100.0,0.0,0.0,1.0,1.0
2020-01-09 00:00:00+00:00,100.0,0.0,0.0,1.0,1.0
2020-01-10 00:00:00+00:00,100.0,0.0,0.0,1.0,1.0
2020-01-11 00:00:00+00:00,100.0,0.0,0.0,1.0,1.0
2020-01-12 00:00:00+00:00,100.0,0.0,0.0,1.0,1.0
2020-01-13 00:00:00+00:00,100.0,0.0,0.0,1.0,1.0
2020-01-14 00:00:00+00:00,100.0,0.0,0.0,1.0,1.0
2020-01-15 00:00:00+00:00,100.0,0.0,0.0,1.0,1.0
2020-01-16 00:00:00+00:00,100.0,0.0,0.0,1.0,1.0
2020-01-17 00:00:00+00:00,100.0,0.0,0.0,1.0,1.0
2020-01-18 00:00:00+00:00,100.0,0.0,0.0,1.0,1.0
2020-01-19 00:00:00+00:00,100.0,0.0,0.0,1.0,1.0
2020-01-20 00:00:00+00:00,100.0,0.0,0.0,1.0,1.0
2020-01-21 00:00:00+00:00,100.0,0.0,0.0,1.0,1.0
2020-01-22 00:00:00+00:00,100.0,0.0,0.0,1.0,1.0
2020-01-23 00:00:00+00:00,100.0,0.0,0.0,1.0,1.0
2020-01-24 00:00:00+00:00,100.0,0.0,0.0,1.0,1.0
2020-01-25 00:00:00+00:00,100.0,0.0,0.0,1.0,1.0
2020-01-26 00:00:00+00:00,100.0,0.0,0.0,1.0,1.0
2020-01-27 00:00:00+00:00,100.0,0.0,0.0,1.0,1.0
2020-01-28 00:00:00+00:00,100.0,0.0,0.0,1.0,1.0
2020-01-29 00:00:00+00:00,100.0,0.0,0.0,1.0,1.0
2020-01-30 00:00:00+00:00,100.0,0.0,0.0,1.0,1.0
2020-01-31 00:00:00+00:00,100.0,0.0,0.0,1.0,1.0
2020-02-01 00:00:00+00:00,100.0,0.0,0.0,1.0,1.0
2020-02-02 00:00:00+00:00,100.0,0.0,0.0,1.0,1.0
2020-02-03 00:00:00+00:00,100.0,0.0,0.0,1.0,1.0
2020-02-04 00:00:00+00:00,100.0,0.0,0.0,1.0,1.0
2020-02-05 00:00:00+00:00,100.0,0.0,0.0,1.0,1.0
2020-02-06 00:00:00+00:00,100.0,0.0,0.0,1.0,1.0
2020-02-07 00:00:00+00:00,100.0,0.0,0.0,1.0,1.0
2020-02-08 00:00:00+00:00,100.0,0.0,0.0,1.0,1.0
2020-02-09 00:00:00+00:00,100.0,0.0,0.0,1.0,1.0
2020-02-10 00:00:00+00:00,100.0,0.0,0.0,1.0,1.0
2020-02-11 00:00:00+00:00,100.0,0.0,0.0,1.0,1.0
2020-02-12 00:00:00+00:00,100.0,0.0,0.0,1.0,1.0
2020-02-13 00:00:00+00:00,100.0,0.0,0.0,1.0,1.0
2020-02-14 00:00:00+00:00,100.0,0.0,0.0,1.0,1.0
2020-02-15 00:00:00+00:00,100.0,0.0,0.0,1.0,1.0
2020-02-16 00:00:00+00:00,100.0,0.0,0.0,1.0,1.0
2020-02-17 00:00:00+00:00,100.0,0.0,0.0,1.0,1.0
2020-02-18 00:00:00+00:00,100.0,0.0,0.0,1.0,1.0
2020-02-19 00:00:00+00:00,100.0,0.0,0.0,1.0,1.0
2020-02-20 00:00:00+00:00,100.0,0.0,0.0,1.0,1.0
2020-02-21 00:00:00+00:00,100.0,0.0,0.0,1.0,1.0
2020-02-22 00:00:00+00:00,100.0,0.0,0.0,1.0,1.0
2020-02-23 00:00:00+00:00,100.0,0.0,0.0,1.0,1.0
2020-02-24 00:00:00+00:00,100.0,0.0,0.0,1.0,1.0
2020-02-25 00:00:00+00:00,100.0,0.0,0.0,1.0,1.0
2020-02-26 00:00:00+00:00,100.0,0.0,0.0,1.0,1.0
2020-02-27 00:00:00+00:00,100.0,0.0,0.0,1.0,1.0
2020-02-28 00:00:00+00:00,100.0,0.0,0.0,1.0,1.0
2020-02-29 00:00:00+00:00,100.0,0.0,0.0,1.0,1.0
2020-03-01 00:00:00+00:00,100.0,0.0,0.0,1.0,1.0
2020-03-02 00:00:00+00:00,100.0,0.0,0.0,1.0,1.0
2020-03-03 00:00:00+00:00,100.0,0.0,0.0,1.0,1.0
2020-03-04 00:00:00+00:00,100.0,0.0,0.0,1.0,1.0
2020-03-05 00:00:00+00:00,100.0,0.0,0.0,1.0,1.0
2020-03-06 00:00:00+00:00,100.0,0.0,0.0,1.0,1.0
2020-03-07 00:00:00+00:00,100.0,0.0,0.0,1.0,1.0
2020-03-08 00:00:00+00:00,100.0,0.0,0.0,1.0,1.0
2020-03-09 00:00:00+00:00,100.0,0.0,0.0,1.0,1.0
2020-03-10 00:00:00+00:00,100.0,0.0,0.0,1.0,1.0
2020-03-11 00:00:00+00:00,100.0,0.0,0.0,1.0,1.0
2020-03-12 00:00:00+00:00,81.89154668478402,0.0,-18.108453315215982,0.8189154668478402,0.6508484491763205
2020-03-13 00:00:00+00:00,81.89154668478402,0.0,0.0,0.8189154668478402,0.8189154668478402
2020-03-14 00:00:00+00:00,81.89154668478402,0.0,0.0,0.8189154668478402,0.8189154668478402
2020-03-15 00:00:00+00:00,81.89154668478402,0.0,0.0,0.8189154668478402,0.8189154668478402
2020-03-16 00:00:00+00:00,81.89154668478402,0.0,0.0,0.8189154668478402,0.8189154668478402
2020-03-17 00:00:00+00:00,81.89154668478402,0.0,0.0,0.8189154668478402,0.8189154668478402
2020-03-18 00:00:00+00:00,81.89154668478402,0.0,0.0,0.8189154668478402,0.8189154668478402
2020-03-19 00:00:00+00:00,81.89154668478402,0.0,0.0,0.8189154668478402,0.8189154668478402
2020-03-20 00:00:00+00:00,81.89154668478402,0.0,0.0,0.8189154668478402,0.8189154668478402
2020-03-21 00:00:00+00:00,81.89154668478402,0.0,0.0,0.8189154668478402,0.8189154668478402
2020-03-22 00:00:00+00:00,81.89154668478402,0.0,0.0,0.8189154668478402,0.8189154668478402
2020-03-23 00:00:00+00:00,81.89154668478402,0.0,0.0,0.8189154668478402,0.8189154668478402
2020-03-24 00:00:00+00:00,81.89154668478402,0.0,0.0,0.8189154668478402,0.8189154668478402
2020-03-25 00:00:00+00:00,81.89154668478402,0.0,0.0,0.8189154668478402,0.8189154668478402
2020-03-26 00:00:00+00:00,81.89154668478402,0.0,0.0,0.8189154668478402,0.8189154668478402
2020-03-27 00:00:00+00:00,81.89154668478402,0.0,0.0,0.8189154668478402,0.8189154668478402
2020-03-28 00:00:00+00:00,81.89154668478402,0.0,0.0,0.8189154668478402,0.8189154668478402
2020-03-29 00:00:00+00:00,81.89154668478402,0.0,0.0,0.8189154668478402,0.8189154668478402
2020-03-30 00:00:00+00:00,81.89154668478402,0.0,0.0,0.8189154668478402,0.8189154668478402
2020-03-31 00:00:00+00:00,81.89154668478402,0.0,0.0,0.8189154668478402,0.8189154668478402
2020-04-01 00:00:00+00:00,381.89154668478403,300.0,0.0,0.8189154668478402,0.8189154668478402
2020-04-02 00:00:00+00:00,381.89154668478403,0.0,0.0,0.8189154668478402,0.8189154668478402
2020-04-03 00:00:00+00:00,381.89154668478403,0.0,0.0,0.8189154668478402,0.8189154668478402
2020-04-04 00:00:00+00:00,381.89154668478403,0.0,0.0,0.8189154668478402,0.8189154668478402
2020-04-05 00:00:00+00:00,381.89154668478403,0.0,0.0,0.8189154668478402,0.8189154668478402
2020-04-06 00:00:00+00:00,381.89154668478403,0.0,0.0,0.8189154668478402,0.8189154668478402
2020-04-07 00:00:00+00:00,381.89154668478403,0.0,0.0,0.8189154668478402,0.8189154668478402
2020-04-08 00:00:00+00:00,381.89154668478403,0.0,0.0,0.8189154668478402,0.8189154668478402
2020-04-09 00:00:00+00:00,381.89154668478403,0.0,0.0,0.8189154668478402,0.8189154668478402
2020-04-10 00:00:00+00:00,355.6300565501842,0.0,-26.261490134599853,0.7626012052717731,0.7614855405507874
2020-04-11 00:00:00+00:00,339.17100069610433,0.0,-16.45905585407985,0.7273069560912753,0.7273069560912753
2020-04-12 00:00:00+00:00,339.17100069610433,0.0,0.0,0.7273069560912753,0.7273069560912753
2020-04-13 00:00:00+00:00,319.29286990198784,0.0,-19.878130794116487,0.6846809569021318,0.6838582538524759
2020-04-14 00:00:00+00:00,319.29286990198784,0.0,0.0,0.6846809569021318,0.6846809569021318
2020-04-15 00:00:00+00:00,334.2948501547798,0.0,15.001980252791952,0.7168507018703221,0.6798287700911051
2020-04-16 00:00:00+00:00,263.01025309409704,0.0,-71.28459706068276,0.5639903948334836,0.5252937784239845
2020-04-17 00:00:00+00:00,263.01025309409704,0.0,0.0,0.5639903948334836,0.5639903948334836
2020-04-18 00:00:00+00:00,263.01025309409704,0.0,0.0,0.5639903948334836,0.5639903948334836
2020-04-19 00:00:00+00:00,263.01025309409704,0.0,0.0,0.5639903948334836,0.5639903948334836
2020-04-20 00:00:00+00:00,263.01025309409704,0.0,0.0,0.5639903948334836,0.5639903948334836
2020-04-21 00:00:00+00:00,263.01025309409704,0.0,0.0,0.5639903948334836,0.5639903948334836
2020-04-22 00:00:00+00:00,263.01025309409704,0.0,0.0,0.5639903948334836,0.5639903948334836
2020-04-23 00:00:00+00:00,263.01025309409704,0.0,0.0,0.5639903948334836,0.5639903948334836
2020-04-24 00:00:00+00:00,263.01025309409704,0.0,0.0,0.5639903948334836,0.5639903948334836
2020-04-25 00:00:00+00:00,263.01025309409704,0.0,0.0,0.5639903948334836,0.5639903948334836
2020-04-26 00:00:00+00:00,263.01025309409704,0.0,0.0,0.5639903948334836,0.5639903948334836
2020-04-27 00:00:00+00:00,263.01025309409704,0.0,0.0,0.5639903948334836,0.5639903948334836
2020-04-28 00:00:00+00:00,263.01025309409704,0.0,0.0,0.5639903948334836,0.5639903948334836
2020-04-29 00:00:00+00:00,263.01025309409704,0.0,0.0,0.5639903948334836,0.5639903948334836
2020-04-30 00:00:00+00:00,263.01025309409704,0.0,0.0,0.5639903948334836,0.5639903948334836
2020-05-01 00:00:00+00:00,563.010253094097,300.0,0.0,0.5639903948334836,0.5639903948334836
2020-05-02 00:00:00+00:00,563.010253094097,0.0,0.0,0.5639903948334836,0.5639903948334836
2020-05-03 00:00:00+00:00,563.010253094097,0.0,0.0,0.5639903948334836,0.5639903948334836
2020-05-04 00:00:00+00:00,563.010253094097,0.0,0.0,0.5639903948334836,0.5639903948334836
2020-05-05 00:00:00+00:00,563.010253094097,0.0,0.0,0.5639903948334836,0.5639903948334836
2020-05-06 00:00:00+00:00,563.010253094097,0.0,0.0,0.5639903948334836,0.5639903948334836
2020-05-07 00:00:00+00:00,563.010253094097,0.0,0.0,0.5639903948334836,0.5639903948334836
2020-05-08 00:00:00+00:00,563.010253094097,0.0,0.0,0.5639903948334836,0.5639903948334836
2020-05-09 00:00:00+00:00,563.010253094097,0.0,0.0,0.5639903948334836,0.5639903948334836
2020-05-10 00:00:00+00:00,610.5667267807772,0.0,47.55647368668019,0.6116296593478302,0.5412440325555802
2020-05-11 00:00:00+00:00,610.5667267807772,0.0,0.0,0.6116296593478302,0.6116296593478302
2020-05-12 00:00:00+00:00,610.5667267807772,0.0,0.0,0.6116296593478302,0.6116296593478302
2020-05-13 00:00:00+00:00,610.5667267807772,0.0,0.0,0.6116296593478302,0.6116296593478302
2020-05-14 00:00:00+00:00,610.5667267807772,0.0,0.0,0.6116296593478302,0.6116296593478302
2020-05-15 00:00:00+00:00,610.5667267807772,0.0,0.0,0.6116296593478302,0.6116296593478302
2020-05-16 00:00:00+00:00,610.5667267807772,0.0,0.0,0.6116296593478302,0.6116296593478302
2020-05-17 00:00:00+00:00,610.5667267807772,0.0,0.0,0.6116296593478302,0.6116296593478302
2020-05-18 00:00:00+00:00,610.5667267807772,0.0,0.0,0.6116296593478302,0.6116296593478302
2020-05-19 00:00:00+00:00,610.5667267807772,0.0,0.0,0.6116296593478302,0.6116296593478302
2020-05-20 00:00:00+00:00,610.5667267807772,0.0,0.0,0.6116296593478302,0.6116296593478302
2020-05-21 00:00:00+00:00,610.5667267807772,0.0,0.0,0.6116296593478302,0.6116296593478302
2020-05-22 00:00:00+00:00,610.5667267807772,0.0,0.0,0.6116296593478302,0.6116296593478302
2020-05-23 00:00:00+00:00,610.5667267807772,0.0,0.0,0.6116296593478302,0.6116296593478302
2020-05-24 00:00:00+00:00,610.5667267807772,0.0,0.0,0.6116296593478302,0.6116296593478302
2020-05-25 00:00:00+00:00,610.5667267807772,0.0,0.0,0.6116296593478302,0.6116296593478302
2020-05-26 00:00:00+00:00,610.5667267807772,0.0,0.0,0.6116296593478302,0.6116296593478302
2020-05-27 00:00:00+00:00,610.5667267807772,0.0,0.0,0.6116296593478302,0.6116296593478302
2020-05-28 00:00:00+00:00,610.5667267807772,0.0,0.0,0.6116296593478302,0.6116296593478302
2020-05-29 00:00:00+00:00,610.5667267807772,0.0,0.0,0.6116296593478302,0.6116296593478302
2020-05-30 00:00:00+00:00,610.5667267807772,0.0,0.0,0.6116296593478302,0.6116296593478302
2020-05-31 00:00:00+00:00,610.5667267807772,0.0,0.0,0.6116296593478302,0.6116296593478302
2020-06-01 00:00:00+00:00,910.5667267807772,300.0,0.0,0.6116296593478302,0.6116296593478302
2020-06-02 00:00:00+00:00,910.5667267807772,0.0,0.0,0.6116296593478302,0.6116296593478302
2020-06-03 00:00:00+00:00,910.5667267807772,0.0,0.0,0.6116296593478302,0.6116296593478302
2020-06-04 00:00:00+00:00,910.5667267807772,0.0,0.0,0.6116296593478302,0.6116296593478302
2020-06-05 00:00:00+00:00,910.5667267807772,0.0,0.0,0.6116296593478302,0.6116296593478302
2020-06-06 00:00:00+00:00,910.5667267807772,0.0,0.0,0.6116296593478302,0.6116296593478302
2020-06-07 00:00:00+00:00,910.5667267807772,0.0,0.0,0.6116296593478302,0.6116296593478302
2020-06-08 00:00:00+00:00,910.5667267807772,0.0,0.0,0.6116296593478302,0.6116296593478302
2020-06-09 00:00:00+00:00,910.5667267807772,0.0,0.0,0.6116296593478302,0.6116296593478302
2020-06-10 00:00:00+00:00,910.5667267807772,0.0,0.0,0.6116296593478302,0.6116296593478302
2020-06-11 00:00:00+00:00,910.5667267807772,0.0,0.0,0.6116296593478302,0.6116296593478302
2020-06-12 00:00:00+00:00,910.5667267807772,0.0,0.0,0.6116296593478302,0.6116296593478302
2020-06-13 00:00:00+00:00,910.5667267807772,0.0,0.0,0.6116296593478302,0.6116296593478302
2020-06-14 00:00:00+00:00,910.5667267807772,0.0,0.0,0.6116296593478302,0.6116296593478302
2020-06-15 00:00:00+00:00,910.5667267807772,0.0,0.0,0.6116296593478302,0.6116296593478302
2020-06-16 00:00:00+00:00,910.5667267807772,0.0,0.0,0.6116296593478302,0.6116296593478302
2020-06-17 00:00:00+00:00,910.5667267807772,0.0,0.0,0.6116296593478302,0.6116296593478302
2020-06-18 00:00:00+00:00,910.5667267807772,0.0,0.0,0.6116296593478302,0.6116296593478302
2020-06-19 00:00:00+00:00,910.5667267807772,0.0,0.0,0.6116296593478302,0.6116296593478302
2020-06-20 00:00:00+00:00,910.5667267807772,0.0,0.0,0.6116296593478302,0.6116296593478302
2020-06-21 00:00:00+00:00,910.5667267807772,0.0,0.0,0.6116296593478302,0.6116296593478302
2020-06-22 00:00:00+00:00,910.5667267807772,0.0,0.0,0.6116296593478302,0.6116296593478302
2020-06-23 00:00:00+00:00,910.5667267807772,0.0,0.0,0.6116296593478302,0.6116296593478302
2020-06-24 00:00:00+00:00,910.5667267807772,0.0,0.0,0.6116296593478302,0.6116296593478302
2020-06-25 00:00:00+00:00,910.5667267807772,0.0,0.0,0.6116296593478302,0.6116296593478302
2020-06-26 00:00:00+00:00,910.5667267807772,0.0,0.0,0.6116296593478302,0.6116296593478302
2020-06-27 00:00:00+00:00,910.5667267807772,0.0,0.0,0.6116296593478302,0.6116296593478302
2020-06-28 00:00:00+00:00,910.5667267807772,0.0,0.0,0.6116296593478302,0.6116296593478302
2020-06-29 00:00:00+00:00,910.5667267807772,0.0,0.0,0.6116296593478302,0.6116296593478302
2020-06-30 00:00:00+00:00,910.5667267807772,0.0,0.0,0.6116296593478302,0.6116296593478302
2020-07-01 00:00:00+00:00,1210.5667267807771,300.0,-1.1368683772161603e-13,0.6116296593478302,0.6116296593478302
2020-07-02 00:00:00+00:00,1210.5667267807771,0.0,0.0,0.6116296593478302,0.6116296593478302
2020-07-03 00:00:00+00:00,1210.5667267807771,0.0,0.0,0.6116296593478302,0.6116296593478302
2020-07-04 00:00:00+00:00,1210.5667267807771,0.0,0.0,0.6116296593478302,0.6116296593478302
2020-07-05 00:00:00+00:00,1210.5667267807771,0.0,0.0,0.6116296593478302,0.6116296593478302
2020-07-06 00:00:00+00:00,1210.5667267807771,0.0,0.0,0.6116296593478302,0.6116296593478302
2020-07-07 00:00:00+00:00,1210.5667267807771,0.0,0.0,0.6116296593478302,0.6116296593478302
2020-07-08 00:00:00+00:00,1210.5667267807771,0.0,0.0,0.6116296593478302,0.6116296593478302
2020-07-09 00:00:00+00:00,1210.5667267807771,0.0,0.0,0.6116296593478302,0.6116296593478302
2020-07-10 00:00:00+00:00,1210.5667267807771,0.0,0.0,0.6116296593478302,0.6116296593478302
2020-07-11 00:00:00+00:00,1210.5667267807771,0.0,0.0,0.6116296593478302,0.6116296593478302
2020-07-12 00:00:00+00:00,1210.5667267807771,0.0,0.0,0.6116296593478302,0.6116296593478302
2020-07-13 00:00:00+00:00,1210.5667267807771,0.0,0.0,0.6116296593478302,0.6116296593478302
2020-07-14 00:00:00+00:00,1210.5667267807771,0.0,0.0,0.6116296593478302,0.6116296593478302
2020-07-15 00:00:00+00:00,1210.5667267807771,0.0,0.0,0.6116296593478302,0.6116296593478302
2020-07-16 00:00:00+00:00,1210.5667267807771,0.0,0.0,0.6116296593478302,0.6116296593478302
2020-07-17 00:00:00+00:00,1210.5667267807771,0.0,0.0,0.6116296593478302,0.6116296593478302
2020-07-18 00:00:00+00:00,1210.5667267807771,0.0,0.0,0.6116296593478302,0.6116296593478302
2020-07-19 00:00:00+00:00,1210.5667267807771,0.0,0.0,0.6116296593478302,0.6116296593478302
2020-07-20 00:00:00+00:00,1210.5667267807771,0.0,0.0,0.6116296593478302,0.6116296593478302
2020-07-21 00:00:00+00:00,1210.5667267807771,0.0,0.0,0.6116296593478302,0.6116296593478302
2020-07-22 00:00:00+00:00,1210.5667267807771,0.0,0.0,0.6116296593478302,0.6116296593478302
2020-07-23 00:00:00+00:00,1210.5667267807771,0.0,0.0,0.6116296593478302,0.6116296593478302
2020-07-24 00:00:00+00:00,1210.5667267807771,0.0,0.0,0.6116296593478302,0.6116296593478302
2020-07-25 00:00:00+00:00,1210.5667267807771,0.0,0.0,0.6116296593478302,0.6116296593478302
2020-07-26 00:00:00+00:00,1210.5667267807771,0.0,0.0,0.6116296593478302,0.6116296593478302
2020-07-27 00:00:00+00:00,1210.5667267807771,0.0,0.0,0.6116296593478302,0.6116296593478302
2020-07-28 00:00:00+00:00,1210.5667267807771,0.0,0.0,0.6116296593478302,0.6116296593478302
2020-07-29 00:00:00+00:00,1210.5667267807771,0.0,0.0,0.6116296593478302,0.6116296593478302
2020-07-30 00:00:00+00:00,1210.5667267807771,0.0,0.0,0.6116296593478302,0.6116296593478302
2020-07-31 00:00:00+00:00,1210.5667267807771,0.0,0.0,0.6116296593478302,0.6116296593478302
2020-08-01 00:00:00+00:00,1510.5667267807771,300.0,0.0,0.6116296593478301,0.6116296593478301
2020-08-02 00:00:00+00:00,1510.5667267807771,0.0,0.0,0.6116296593478301,0.6116296593478301
2020-08-03 00:00:00+00:00,1510.5667267807771,0.0,0.0,0.6116296593478301,0.6116296593478301
2020-08-04 00:00:00+00:00,1510.5667267807771,0.0,0.0,0.6116296593478301,0.6116296593478301
2020-08-05 00:00:00+00:00,1510.5667267807771,0.0,0.0,0.6116296593478301,0.6116296593478301
2020-08-06 00:00:00+00:00,1510.5667267807771,0.0,0.0,0.6116296593478301,0.6116296593478301
2020-08-07 00:00:00+00:00,1510.5667267807771,0.0,0.0,0.6116296593478301,0.6116296593478301
2020-08-08 00:00:00+00:00,1510.5667267807771,0.0,0.0,0.6116296593478301,0.6116296593478301
2020-08-09 00:00:00+00:00,1510.5667267807771,0.0,0.0,0.6116296593478301,0.6116296593478301
2020-08-10 00:00:00+00:00,1510.5667267807771,0.0,0.0,0.6116296593478301,0.6116296593478301
2020-08-11 00:00:00+00:00,1510.5667267807771,0.0,0.0,0.6116296593478301,0.6116296593478301
2020-08-12 00:00:00+00:00,1510.5667267807771,0.0,0.0,0.6116296593478301,0.6116296593478301
2020-08-13 00:00:00+00:00,1510.5667267807771,0.0,0.0,0.6116296593478301,0.6116296593478301
2020-08-14 00:00:00+00:00,1510.5667267807771,0.0,0.0,0.6116296593478301,0.6116296593478301
2020-08-15 00:00:00+00:00,1510.5667267807771,0.0,0.0,0.6116296593478301,0.6116296593478301
2020-08-16 00:00:00+00:00,1510.5667267807771,0.0,0.0,0.6116296593478301,0.6116296593478301
2020-08-17 00:00:00+00:00,1510.5667267807771,0.0,0.0,0.6116296593478301,0.6116296593478301
2020-08-18 00:00:00+00:00,1510.5667267807771,0.0,0.0,0.6116296593478301,0.6116296593478301
2020-08-19 00:00:00+00:00,1510.5667267807771,0.0,0.0,0.6116296593478301,0.6116296593478301
2020-08-20 00:00:00+00:00,1510.5667267807771,0.0,0.0,0.6116296593478301,0.6116296593478301
2020-08-21 00:00:00+00:00,1510.5667267807771,0.0,0.0,0.6116296593478301,0.6116296593478301
2020-08-22 00:00:00+00:00,1510.5667267807771,0.0,0.0,0.6116296593478301,0.6116296593478301
2020-08-23 00:00:00+00:00,1510.5667267807771,0.0,0.0,0.6116296593478301,0.6116296593478301
2020-08-24 00:00:00+00:00,1510.5667267807771,0.0,0.0,0.6116296593478301,0.6116296593478301
2020-08-25 00:00:00+00:00,1510.5667267807771,0.0,0.0,0.6116296593478301,0.6116296593478301
2020-08-26 00:00:00+00:00,1510.5667267807771,0.0,0.0,0.6116296593478301,0.6116296593478301
2020-08-27 00:00:00+00:00,1510.5667267807771,0.0,0.0,0.6116296593478301,0.6116296593478301
2020-08-28 00:00:00+00:00,1510.5667267807771,0.0,0.0,0.6116296593478301,0.6116296593478301
2020-08-29 00:00:00+00:00,1510.5667267807771,0.0,0.0,0.6116296593478301,0.6116296593478301
2020-08-30 00:00:00+00:00,1510.5667267807771,0.0,0.0,0.6116296593478301,0.6116296593478301
2020-08-31 00:00:00+00:00,1510.5667267807771,0.0,0.0,0.6116296593478301,0.6116296593478301
2020-09-01 00:00:00+00:00,1810.5667267807771,300.0,0.0,0.6116296593478301,0.6116296593478301
2020-09-02 00:00:00+00:00,1810.5667267807771,0.0,0.0,0.6116296593478301,0.6116296593478301
2020-09-03 00:00:00+00:00,1810.5667267807771,0.0,0.0,0.6116296593478301,0.6116296593478301
2020-09-04 00:00:00+00:00,1810.5667267807771,0.0,0.0,0.6116296593478301,0.6116296593478301
2020-09-05 00:00:00+00:00,1810.5667267807771,0.0,0.0,0.6116296593478301,0.6116296593478301
2020-09-06 00:00:00+00:00,1810.5667267807771,0.0,0.0,0.6116296593478301,0.6116296593478301
2020-09-07 00:00:00+00:00,1810.5667267807771,0.0,0.0,0.6116296593478301,0.6116296593478301
2020-09-08 00:00:00+00:00,1810.5667267807771,0.0,0.0,0.6116296593478301,0.6116296593478301
2020-09-09 00:00:00+00:00,1810.5667267807771,0.0,0.0,0.6116296593478301,0.6116296593478301
2020-09-10 00:00:00+00:00,1810.5667267807771,0.0,0.0,0.6116296593478301,0.6116296593478301
2020-09-11 00:00:00+00:00,1810.5667267807771,0.0,0.0,0.6116296593478301,0.6116296593478301
2020-09-12 00:00:00+00:00,1810.5667267807771,0.0,0.0,0.6116296593478301,0.6116296593478301
2020-09-13 00:00:00+00:00,1810.5667267807771,0.0,0.0,0.6116296593478301,0.6116296593478301
2020-09-14 00:00:00+00:00,1810.5667267807771,0.0,0.0,0.6116296593478301,0.6116296593478301
2020-09-15 00:00:00+00:00,1810.5667267807771,0.0,0.0,0.6116296593478301,0.6116296593478301
2020-09-16 00:00:00+00:00,1810.5667267807771,0.0,0.0,0.6116296593478301,0.6116296593478301
2020-09-17 00:00:00+00:00,1810.5667267807771,0.0,0.0,0.6116296593478301,0.6116296593478301
2020-09-18 00:00:00+00:00,1810.5667267807771,0.0,0.0,0.6116296593478301,0.6116296593478301
2020-09-19 00:00:00+00:00,1810.5667267807771,0.0,0.0,0.6116296593478301,0.6116296593478301
2020-09-20 00:00:00+00:00,1810.5667267807771,0.0,0.0,0.6116296593478301,0.6116296593478301
2020-09-21 00:00:00+00:00,1810.5667267807771,0.0,0.0,0.6116296593478301,0.6116296593478301
2020-09-22 00:00:00+00:00,1810.5667267807771,0.0,0.0,0.6116296593478301,0.6116296593478301
2020-09-23 00:00:00+00:00,1810.5667267807771,0.0,0.0,0.6116296593478301,0.6116296593478301
2020-09-24 00:00:00+00:00,1810.5667267807771,0.0,0.0,0.6116296593478301,0.6116296593478301
2020-09-25 00:00:00+00:00,1810.5667267807771,0.0,0.0,0.6116296593478301,0.6116296593478301
2020-09-26 00:00:00+00:00,1810.5667267807771,0.0,0.0,0.6116296593478301,0.6116296593478301
2020-09-27 00:00:00+00:00,1810.5667267807771,0.0,0.0,0.6116296593478301,0.6116296593478301
2020-09-28 00:00:00+00:00,1810.5667267807771,0.0,0.0,0.6116296593478301,0.6116296593478301
2020-09-29 00:00:00+00:00,1810.5667267807771,0.0,0.0,0.6116296593478301,0.6116296593478301
2020-09-30 00:00:00+00:00,1740.0355517082087,0.0,-70.53117507256843,0.5878034407694411,0.5798120363690379
2020-10-01 00:00:00+00:00,1871.055193699108,300.0,-168.98035800910066,0.5390796820031386,0.5335202086220422
2020-10-02 00:00:00+00:00,1990.8713118796015,0.0,119.8161181804935,0.5736005422669637,0.5327101083933239
2020-10-03 00:00:00+00:00,1985.9542936904645,0.0,-4.917018189137025,0.5721838739555584,0.5485097831410559
2020-10-04 00:00:00+00:00,1882.083568558355,0.0,-103.87072513210956,0.5422571258498808,0.5332531552304143
2020-10-05 00:00:00+00:00,1862.6461588907905,0.0,-19.437409667564452,0.5366569101759436,0.5265365625437255
2020-10-06 00:00:00+00:00,2069.07492759551,0.0,206.42876870471946,0.596132202708407,0.5297125984961573
2020-10-07 00:00:00+00:00,2052.1328386409696,0.0,-16.942088954540395,0.5912509271817209,0.5864562102333758
2020-10-08 00:00:00+00:00,1904.9203750107533,0.0,-147.21246363021623,0.5488367598455981,0.5422427481966874
2020-10-09 00:00:00+00:00,1904.9203750107533,0.0,0.0,0.5488367598455981,0.5488367598455981
2020-10-10 00:00:00+00:00,1904.9203750107533,0.0,0.0,0.5488367598455981,0.5488367598455981
2020-10-11 00:00:00+00:00,1904.9203750107533,0.0,0.0,0.5488367598455981,0.5488367598455981
2020-10-12 00:00:00+00:00,1904.9203750107533,0.0,0.0,0.5488367598455981,0.5488367598455981
2020-10-13 00:00:00+00:00,1904.9203750107533,0.0,0.0,0.5488367598455981,0.5488367598455981
2020-10-14 00:00:00+00:00,1904.9203750107533,0.0,0.0,0.5488367598455981,0.5488367598455981
2020-10-15 00:00:00+00:00,1904.9203750107533,0.0,0.0,0.5488367598455981,0.5488367598455981
2020-10-16 00:00:00+00:00,1874.9716609688573,0.0,-29.948714041895983,0.540208076257601,0.5317923574734237
2020-10-17 00:00:00+00:00,1874.9716609688573,0.0,0.0,0.540208076257601,0.540208076257601
2020-10-18 00:00:00+00:00,1874.9716609688573,0.0,0.0,0.540208076257601,0.540208076257601
2020-10-19 00:00:00+00:00,1874.9716609688573,0.0,0.0,0.540208076257601,0.540208076257601
2020-10-20 00:00:00+00:00,1874.9716609688573,0.0,0.0,0.540208076257601,0.540208076257601
2020-10-21 00:00:00+00:00,1874.9716609688573,0.0,0.0,0.540208076257601,0.540208076257601
2020-10-22 00:00:00+00:00,1874.9716609688573,0.0,0.0,0.540208076257601,0.540208076257601
2020-10-23 00:00:00+00:00,1874.9716609688573,0.0,0.0,0.540208076257601,0.540208076257601
2020-10-24 00:00:00+00:00,1874.9716609688573,0.0,0.0,0.540208076257601,0.540208076257601
2020-10-25 00:00:00+00:00,1874.9716609688573,0.0,0.0,0.540208076257601,0.540208076257601
2020-10-26 00:00:00+00:00,1874.9716609688573,0.0,0.0,0.540208076257601,0.540208076257601
2020-10-27 00:00:00+00:00,1874.9716609688573,0.0,0.0,0.540208076257601,0.540208076257601
2020-10-28 00:00:00+00:00,1874.9716609688573,0.0,0.0,0.540208076257601,0.540208076257601
2020-10-29 00:00:00+00:00,1874.9716609688573,0.0,0.0,0.540208076257601,0.540208076257601
2020-10-30 00:00:00+00:00,1768.6040127964652,0.0,-106.36764817239214,0.5095619263496277,0.5037840852169322
2020-10-31 00:00:00+00:00,1768.6040127964652,0.0,0.0,0.5095619263496277,0.5095619263496277
2020-11-01 00:00:00+00:00,2068.604012796465,300.0,0.0,0.5095619263496277,0.5095619263496277
2020-11-02 00:00:00+00:00,2013.1222290648816,0.0,-55.48178373158362,0.49589502614993214,0.4940766715336173
2020-11-03 00:00:00+00:00,1932.1627987268018,0.0,-80.95943033807976,0.4759521840090281,0.4744661509057246
2020-11-04 00:00:00+00:00,1932.1627987268018,0.0,0.0,0.4759521840090281,0.4759521840090281
2020-11-05 00:00:00+00:00,1932.1627987268018,0.0,0.0,0.4759521840090281,0.4759521840090281
2020-11-06 00:00:00+00:00,1932.1627987268018,0.0,0.0,0.4759521840090281,0.4759521840090281
2020-11-07 00:00:00+00:00,1932.1627987268018,0.0,0.0,0.4759521840090281,0.4759521840090281
2020-11-08 00:00:00+00:00,1932.1627987268018,0.0,0.0,0.4759521840090281,0.4759521840090281
2020-11-09 00:00:00+00:00,1932.1627987268018,0.0,0.0,0.4759521840090281,0.4759521840090281
2020-11-10 00:00:00+00:00,1932.1627987268018,0.0,0.0,0.4759521840090281,0.4759521840090281
2020-11-11 00:00:00+00:00,1932.1627987268018,0.0,0.0,0.4759521840090281,0.4759521840090281
2020-11-12 00:00:00+00:00,1932.1627987268018,0.0,0.0,0.4759521840090281,0.4759521840090281
2020-11-13 00:00:00+00:00,1932.1627987268018,0.0,0.0,0.4759521840090281,0.4759521840090281
2020-11-14 00:00:00+00:00,1932.1627987268018,0.0,0.0,0.4759521840090281,0.4759521840090281
2020-11-15 00:00:00+00:00,1932.1627987268018,0.0,0.0,0.4759521840090281,0.4759521840090281
2020-11-16 00:00:00+00:00,1932.1627987268018,0.0,0.0,0.4759521840090281,0.4759521840090281
2020-11-17 00:00:00+00:00,1932.1627987268018,0.0,0.0,0.4759521840090281,0.4759521840090281
2020-11-18 00:00:00+00:00,1932.1627987268018,0.0,0.0,0.4759521840090281,0.4759521840090281
2020-11-19 00:00:00+00:00,1932.1627987268018,0.0,0.0,0.4759521840090281,0.4759521840090281
2020-11-20 00:00:00+00:00,1932.1627987268018,0.0,0.0,0.4759521840090281,0.4759521840090281
2020-11-21 00:00:00+00:00,1932.1627987268018,0.0,0.0,0.4759521840090281,0.4759521840090281
2020-11-22 00:00:00+00:00,1932.1627987268018,0.0,0.0,0.4759521840090281,0.4759521840090281
2020-11-23 00:00:00+00:00,1932.1627987268018,0.0,0.0,0.4759521840090281,0.4759521840090281
2020-11-24 00:00:00+00:00,1932.1627987268018,0.0,0.0,0.4759521840090281,0.4759521840090281
2020-11-25 00:00:00+00:00,1932.1627987268018,0.0,0.0,0.4759521840090281,0.4759521840090281
2020-11-26 00:00:00+00:00,1932.1627987268018,0.0,0.0,0.4759521840090281,0.4759521840090281
2020-11-27 00:00:00+00:00,1932.1627987268018,0.0,0.0,0.4759521840090281,0.4759521840090281
2020-11-28 00:00:00+00:00,1932.1627987268018,0.0,0.0,0.4759521840090281,0.4759521840090281
2020-11-29 00:00:00+00:00,1932.1627987268018,0.0,0.0,0.4759521840090281,0.4759521840090281
2020-11-30 00:00:00+00:00,1932.1627987268018,0.0,0.0,0.4759521840090281,0.4759521840090281
2020-12-01 00:00:00+00:00,2232.162798726802,300.0,2.2737367544323206e-13,0.4759521840090282,0.4759521840090282
2020-12-02 00:00:00+00:00,2232.162798726802,0.0,0.0,0.4759521840090282,0.4759521840090282
2020-12-03 00:00:00+00:00,2232.162798726802,0.0,0.0,0.4759521840090282,0.4759521840090282
2020-12-04 00:00:00+00:00,2232.162798726802,0.0,0.0,0.4759521840090282,0.4759521840090282
2020-12-05 00:00:00+00:00,2232.162798726802,0.0,0.0,0.4759521840090282,0.4759521840090282
2020-12-06 00:00:00+00:00,2232.162798726802,0.0,0.0,0.4759521840090282,0.4759521840090282
2020-12-07 00:00:00+00:00,2232.162798726802,0.0,0.0,0.4759521840090282,0.4759521840090282
2020-12-08 00:00:00+00:00,2232.162798726802,0.0,0.0,0.4759521840090282,0.4759521840090282
2020-12-09 00:00:00+00:00,2232.162798726802,0.0,0.0,0.4759521840090282,0.4759521840090282
2020-12-10 00:00:00+00:00,2232.162798726802,0.0,0.0,0.4759521840090282,0.4759521840090282
2020-12-11 00:00:00+00:00,2232.162798726802,0.0,0.0,0.4759521840090282,0.4759521840090282
2020-12-12 00:00:00+00:00,2232.162798726802,0.0,0.0,0.4759521840090282,0.4759521840090282
2020-12-13 00:00:00+00:00,2232.162798726802,0.0,0.0,0.4759521840090282,0.4759521840090282
2020-12-14 00:00:00+00:00,2232.162798726802,0.0,0.0,0.4759521840090282,0.4759521840090282
2020-12-15 00:00:00+00:00,2232.162798726802,0.0,0.0,0.4759521840090282,0.4759521840090282
2020-12-16 00:00:00+00:00,2232.162798726802,0.0,0.0,0.4759521840090282,0.4759521840090282
2020-12-17 00:00:00+00:00,2232.162798726802,0.0,0.0,0.4759521840090282,0.4759521840090282
2020-12-18 00:00:00+00:00,2232.162798726802,0.0,0.0,0.4759521840090282,0.4759521840090282
2020-12-19 00:00:00+00:00,2232.162798726802,0.0,0.0,0.4759521840090282,0.4759521840090282
2020-12-20 00:00:00+00:00,2232.162798726802,0.0,0.0,0.4759521840090282,0.4759521840090282
2020-12-21 00:00:00+00:00,2232.162798726802,0.0,0.0,0.4759521840090282,0.4759521840090282
2020-12-22 00:00:00+00:00,2232.162798726802,0.0,0.0,0.4759521840090282,0.4759521840090282
2020-12-23 00:00:00+00:00,2232.162798726802,0.0,0.0,0.4759521840090282,0.4759521840090282
2020-12-24 00:00:00+00:00,2232.162798726802,0.0,0.0,0.4759521840090282,0.4759521840090282
2020-12-25 00:00:00+00:00,2232.162798726802,0.0,0.0,0.4759521840090282,0.4759521840090282
2020-12-26 00:00:00+00:00,2232.162798726802,0.0,0.0,0.4759521840090282,0.4759521840090282
2020-12-27 00:00:00+00:00,2232.162798726802,0.0,0.0,0.4759521840090282,0.4759521840090282
2020-12-28 00:00:00+00:00,2232.162798726802,0.0,0.0,0.4759521840090282,0.4759521840090282
2020-12-29 00:00:00+00:00,2232.162798726802,0.0,0.0,0.4759521840090282,0.4759521840090282
2020-12-30 00:00:00+00:00,2232.162798726802,0.0,0.0,0.4759521840090282,0.4759521840090282
2020-12-31 00:00:00+00:00,2232.162798726802,0.0,0.0,0.4759521840090282,0.4759521840090282
2021-01-01 00:00:00+00:00,2532.162798726802,300.0,0.0,0.47595218400902817,0.47595218400902817
2021-01-02 00:00:00+00:00,2532.162798726802,0.0,0.0,0.47595218400902817,0.47595218400902817
2021-01-03 00:00:00+00:00,2532.162798726802,0.0,0.0,0.47595218400902817,0.47595218400902817
2021-01-04 00:00:00+00:00,2532.162798726802,0.0,0.0,0.47595218400902817,0.47595218400902817
2021-01-05 00:00:00+00:00,2532.162798726802,0.0,0.0,0.47595218400902817,0.47595218400902817
2021-01-06 00:00:00+00:00,2532.162798726802,0.0,0.0,0.47595218400902817,0.47595218400902817
2021-01-07 00:00:00+00:00,2532.162798726802,0.0,0.0,0.47595218400902817,0.47595218400902817
2021-01-08 00:00:00+00:00,2532.162798726802,0.0,0.0,0.47595218400902817,0.47595218400902817
2021-01-09 00:00:00+00:00,2532.162798726802,0.0,0.0,0.47595218400902817,0.47595218400902817
2021-01-10 00:00:00+00:00,2532.162798726802,0.0,0.0,0.47595218400902817,0.47595218400902817
2021-01-11 00:00:00+00:00,2532.162798726802,0.0,0.0,0.47595218400902817,0.47595218400902817
2021-01-12 00:00:00+00:00,2532.162798726802,0.0,0.0,0.47595218400902817,0.47595218400902817
2021-01-13 00:00:00+00:00,2532.162798726802,0.0,0.0,0.47595218400902817,0.47595218400902817
2021-01-14 00:00:00+00:00,2532.162798726802,0.0,0.0,0.47595218400902817,0.47595218400902817
2021-01-15 00:00:00+00:00,2532.162798726802,0.0,0.0,0.47595218400902817,0.47595218400902817
2021-01-16 00:00:00+00:00,2532.162798726802,0.0,0.0,0.47595218400902817,0.47595218400902817
2021-01-17 00:00:00+00:00,2532.162798726802,0.0,0.0,0.47595218400902817,0.47595218400902817
2021-01-18 00:00:00+00:00,2532.162798726802,0.0,0.0,0.47595218400902817,0.47595218400902817
2021-01-19 00:00:00+00:00,2532.162798726802,0.0,0.0,0.47595218400902817,0.47595218400902817
2021-01-20 00:00:00+00:00,2532.162798726802,0.0,0.0,0.47595218400902817,0.47595218400902817
2021-01-21 00:00:00+00:00,2532.162798726802,0.0,0.0,0.47595218400902817,0.47595218400902817
2021-01-22 00:00:00+00:00,2532.162798726802,0.0,0.0,0.47595218400902817,0.47595218400902817
2021-01-23 00:00:00+00:00,2532.162798726802,0.0,0.0,0.47595218400902817,0.47595218400902817
2021-01-24 00:00:00+00:00,2532.162798726802,0.0,0.0,0.47595218400902817,0.47595218400902817
2021-01-25 00:00:00+00:00,2532.162798726802,0.0,0.0,0.47595218400902817,0.47595218400902817
2021-01-26 00:00:00+00:00,2532.162798726802,0.0,0.0,0.47595218400902817,0.47595218400902817
2021-01-27 00:00:00+00:00,2532.162798726802,0.0,0.0,0.47595218400902817,0.47595218400902817
2021-01-28 00:00:00+00:00,2532.162798726802,0.0,0.0,0.47595218400902817,0.47595218400902817
2021-01-29 00:00:00+00:00,2532.162798726802,0.0,0.0,0.47595218400902817,0.47595218400902817
2021-01-30 00:00:00+00:00,2532.162798726802,0.0,0.0,0.47595218400902817,0.47595218400902817
2021-01-31 00:00:00+00:00,2532.162798726802,0.0,0.0,0.47595218400902817,0.47595218400902817
2021-02-01 00:00:00+00:00,2832.162798726802,300.0,0.0,0.47595218400902817,0.47595218400902817
2021-02-02 00:00:00+00:00,2832.162798726802,0.0,0.0,0.47595218400902817,0.47595218400902817
2021-02-03 00:00:00+00:00,2832.162798726802,0.0,0.0,0.47595218400902817,0.47595218400902817
2021-02-04 00:00:00+00:00,2832.162798726802,0.0,0.0,0.47595218400902817,0.47595218400902817
2021-02-05 00:00:00+00:00,2832.162798726802,0.0,0.0,0.47595218400902817,0.47595218400902817
2021-02-06 00:00:00+00:00,2832.162798726802,0.0,0.0,0.47595218400902817,0.47595218400902817
2021-02-07 00:00:00+00:00,2832.162798726802,0.0,0.0,0.47595218400902817,0.47595218400902817
2021-02-08 00:00:00+00:00,2832.162798726802,0.0,0.0,0.47595218400902817,0.47595218400902817
2021-02-09 00:00:00+00:00,2832.162798726802,0.0,0.0,0.47595218400902817,0.47595218400902817
2021-02-10 00:00:00+00:00,2832.162798726802,0.0,0.0,0.47595218400902817,0.47595218400902817
2021-02-11 00:00:00+00:00,2832.162798726802,0.0,0.0,0.47595218400902817,0.47595218400902817
2021-02-12 00:00:00+00:00,2832.162798726802,0.0,0.0,0.47595218400902817,0.47595218400902817
2021-02-13 00:00:00+00:00,2832.162798726802,0.0,0.0,0.47595218400902817,0.47595218400902817
2021-02-14 00:00:00+00:00,2832.162798726802,0.0,0.0,0.47595218400902817,0.47595218400902817
2021-02-15 00:00:00+00:00,2832.162798726802,0.0,0.0,0.47595218400902817,0.47595218400902817
2021-02-16 00:00:00+00:00,2832.162798726802,0.0,0.0,0.47595218400902817,0.47595218400902817
2021-02-17 00:00:00+00:00,2832.162798726802,0.0,0.0,0.47595218400902817,0.47595218400902817
2021-02-18 00:00:00+00:00,2832.162798726802,0.0,0.0,0.47595218400902817,0.47595218400902817
2021-02-19 00:00:00+00:00,2832.162798726802,0.0,0.0,0.47595218400902817,0.47595218400902817
2021-02-20 00:00:00+00:00,2832.162798726802,0.0,0.0,0.47595218400902817,0.47595218400902817
2021-02-21 00:00:00+00:00,2832.162798726802,0.0,0.0,0.47595218400902817,0.47595218400902817
2021-02-22 00:00:00+00:00,2832.162798726802,0.0,0.0,0.47595218400902817,0.47595218400902817
2021-02-23 00:00:00+00:00,2832.162798726802,0.0,0.0,0.47595218400902817,0.47595218400902817
2021-02-24 00:00:00+00:00,2832.162798726802,0.0,0.0,0.47595218400902817,0.47595218400902817
2021-02-25 00:00:00+00:00,2832.162798726802,0.0,0.0,0.47595218400902817,0.47595218400902817
2021-02-26 00:00:00+00:00,2832.162798726802,0.0,0.0,0.47595218400902817,0.47595218400902817
2021-02-27 00:00:00+00:00,2832.162798726802,0.0,0.0,0.47595218400902817,0.47595218400902817
2021-02-28 00:00:00+00:00,2832.162798726802,0.0,0.0,0.47595218400902817,0.47595218400902817
2021-03-01 00:00:00+00:00,3132.162798726802,300.0,0.0,0.47595218400902817,0.47595218400902817
2021-03-02 00:00:00+00:00,3132.162798726802,0.0,0.0,0.47595218400902817,0.47595218400902817
2021-03-03 00:00:00+00:00,3132.162798726802,0.0,0.0,0.47595218400902817,0.47595218400902817
2021-03-04 00:00:00+00:00,3132.162798726802,0.0,0.0,0.47595218400902817,0.47595218400902817
2021-03-05 00:00:00+00:00,3132.162798726802,0.0,0.0,0.47595218400902817,0.47595218400902817
2021-03-06 00:00:00+00:00,3132.162798726802,0.0,0.0,0.47595218400902817,0.47595218400902817
2021-03-07 00:00:00+00:00,3132.162798726802,0.0,0.0,0.47595218400902817,0.47595218400902817
2021-03-08 00:00:00+00:00,3132.162798726802,0.0,0.0,0.47595218400902817,0.47595218400902817
2021-03-09 00:00:00+00:00,3132.162798726802,0.0,0.0,0.47595218400902817,0.47595218400902817
2021-03-10 00:00:00+00:00,3132.162798726802,0.0,0.0,0.47595218400902817,0.47595218400902817
2021-03-11 00:00:00+00:00,3132.162798726802,0.0,0.0,0.47595218400902817,0.47595218400902817
2021-03-12 00:00:00+00:00,3132.162798726802,0.0,0.0,0.47595218400902817,0.47595218400902817
2021-03-13 00:00:00+00:00,3132.162798726802,0.0,0.0,0.47595218400902817,0.47595218400902817
2021-03-14 00:00:00+00:00,3132.162798726802,0.0,0.0,0.47595218400902817,0.47595218400902817
2021-03-15 00:00:00+00:00,3132.162798726802,0.0,0.0,0.47595218400902817,0.47595218400902817
2021-03-16 00:00:00+00:00,3132.162798726802,0.0,0.0,0.47595218400902817,0.47595218400902817
2021-03-17 00:00:00+00:00,3132.162798726802,0.0,0.0,0.47595218400902817,0.47595218400902817
2021-03-18 00:00:00+00:00,3132.162798726802,0.0,0.0,0.47595218400902817,0.47595218400902817
2021-03-19 00:00:00+00:00,3132.162798726802,0.0,0.0,0.47595218400902817,0.47595218400902817
2021-03-20 00:00:00+00:00,3132.162798726802,0.0,0.0,0.47595218400902817,0.47595218400902817
2021-03-21 00:00:00+00:00,3132.162798726802,0.0,0.0,0.47595218400902817,0.47595218400902817
2021-03-22 00:00:00+00:00,3132.162798726802,0.0,0.0,0.47595218400902817,0.47595218400902817
2021-03-23 00:00:00+00:00,3132.162798726802,0.0,0.0,0.47595218400902817,0.47595218400902817
2021-03-24 00:00:00+00:00,3132.162798726802,0.0,0.0,0.47595218400902817,0.47595218400902817
2021-03-25 00:00:00+00:00,3132.162798726802,0.0,0.0,0.47595218400902817,0.47595218400902817
2021-03-26 00:00:00+00:00,3132.162798726802,0.0,0.0,0.47595218400902817,0.47595218400902817
2021-03-27 00:00:00+00:00,3132.162798726802,0.0,0.0,0.47595218400902817,0.47595218400902817
2021-03-28 00:00:00+00:00,3132.162798726802,0.0,0.0,0.47595218400902817,0.47595218400902817
2021-03-29 00:00:00+00:00,3132.162798726802,0.0,0.0,0.47595218400902817,0.47595218400902817
2021-03-30 00:00:00+00:00,3132.162798726802,0.0,0.0,0.47595218400902817,0.47595218400902817
2021-03-31 00:00:00+00:00,3132.162798726802,0.0,0.0,0.47595218400902817,0.47595218400902817
2021-04-01 00:00:00+00:00,3432.162798726802,300.0,0.0,0.4759521840090281,0.4759521840090281
2021-04-02 00:00:00+00:00,3432.162798726802,0.0,0.0,0.4759521840090281,0.4759521840090281
2021-04-03 00:00:00+00:00,3432.162798726802,0.0,0.0,0.4759521840090281,0.4759521840090281
2021-04-04 00:00:00+00:00,3432.162798726802,0.0,0.0,0.4759521840090281,0.4759521840090281
2021-04-05 00:00:00+00:00,3432.162798726802,0.0,0.0,0.4759521840090281,0.4759521840090281
2021-04-06 00:00:00+00:00,3432.162798726802,0.0,0.0,0.4759521840090281,0.4759521840090281
2021-04-07 00:00:00+00:00,3432.162798726802,0.0,0.0,0.4759521840090281,0.4759521840090281
2021-04-08 00:00:00+00:00,3432.162798726802,0.0,0.0,0.4759521840090281,0.4759521840090281
2021-04-09 00:00:00+00:00,3432.162798726802,0.0,0.0,0.4759521840090281,0.4759521840090281
2021-04-10 00:00:00+00:00,3432.162798726802,0.0,0.0,0.4759521840090281,0.4759521840090281
2021-04-11 00:00:00+00:00,3432.162798726802,0.0,0.0,0.4759521840090281,0.4759521840090281
2021-04-12 00:00:00+00:00,3432.162798726802,0.0,0.0,0.4759521840090281,0.4759521840090281
2021-04-13 00:00:00+00:00,3432.162798726802,0.0,0.0,0.4759521840090281,0.4759521840090281
2021-04-14 00:00:00+00:00,3432.162798726802,0.0,0.0,0.4759521840090281,0.4759521840090281
2021-04-15 00:00:00+00:00,3432.162798726802,0.0,0.0,0.4759521840090281,0.4759521840090281
2021-04-16 00:00:00+00:00,3432.162798726802,0.0,0.0,0.4759521840090281,0.4759521840090281
2021-04-17 00:00:00+00:00,3432.162798726802,0.0,0.0,0.4759521840090281,0.4759521840090281
2021-04-18 00:00:00+00:00,3432.162798726802,0.0,0.0,0.4759521840090281,0.4759521840090281
2021-04-19 00:00:00+00:00,3432.162798726802,0.0,0.0,0.4759521840090281,0.4759521840090281
2021-04-20 00:00:00+00:00,3432.162798726802,0.0,0.0,0.4759521840090281,0.4759521840090281
2021-04-21 00:00:00+00:00,3432.162798726802,0.0,0.0,0.4759521840090281,0.4759521840090281
2021-04-22 00:00:00+00:00,3432.162798726802,0.0,0.0,0.4759521840090281,0.4759521840090281
2021-04-23 00:00:00+00:00,3432.162798726802,0.0,0.0,0.4759521840090281,0.4759521840090281
2021-04-24 00:00:00+00:00,3432.162798726802,0.0,0.0,0.4759521840090281,0.4759521840090281
2021-04-25 00:00:00+00:00,3432.162798726802,0.0,0.0,0.4759521840090281,0.4759521840090281
2021-04-26 00:00:00+00:00,3432.162798726802,0.0,0.0,0.4759521840090281,0.4759521840090281
2021-04-27 00:00:00+00:00,3432.162798726802,0.0,0.0,0.4759521840090281,0.4759521840090281
2021-04-28 00:00:00+00:00,3432.162798726802,0.0,0.0,0.4759521840090281,0.4759521840090281
2021-04-29 00:00:00+00:00,3432.162798726802,0.0,0.0,0.4759521840090281,0.4759521840090281
2021-04-30 00:00:00+00:00,3432.162798726802,0.0,0.0,0.4759521840090281,0.4759521840090281
2021-05-01 00:00:00+00:00,3732.162798726802,300.0,0.0,0.4759521840090281,0.4759521840090281
2021-05-02 00:00:00+00:00,3732.162798726802,0.0,0.0,0.4759521840090281,0.4759521840090281
2021-05-03 00:00:00+00:00,3732.162798726802,0.0,0.0,0.4759521840090281,0.4759521840090281
2021-05-04 00:00:00+00:00,3732.162798726802,0.0,0.0,0.4759521840090281,0.4759521840090281
2021-05-05 00:00:00+00:00,3732.162798726802,0.0,0.0,0.4759521840090281,0.4759521840090281
2021-05-06 00:00:00+00:00,3732.162798726802,0.0,0.0,0.4759521840090281,0.4759521840090281
2021-05-07 00:00:00+00:00,3732.162798726802,0.0,0.0,0.4759521840090281,0.4759521840090281
2021-05-08 00:00:00+00:00,3732.162798726802,0.0,0.0,0.4759521840090281,0.4759521840090281
2021-05-09 00:00:00+00:00,3732.162798726802,0.0,0.0,0.4759521840090281,0.4759521840090281
2021-05-10 00:00:00+00:00,3732.162798726802,0.0,0.0,0.4759521840090281,0.4759521840090281
2021-05-11 00:00:00+00:00,3732.162798726802,0.0,0.0,0.4759521840090281,0.4759521840090281
2021-05-12 00:00:00+00:00,3732.162798726802,0.0,0.0,0.4759521840090281,0.4759521840090281
2021-05-13 00:00:00+00:00,3732.162798726802,0.0,0.0,0.4759521840090281,0.4759521840090281
2021-05-14 00:00:00+00:00,3732.162798726802,0.0,0.0,0.4759521840090281,0.4759521840090281
2021-05-15 00:00:00+00:00,3732.162798726802,0.0,0.0,0.4759521840090281,0.4759521840090281
2021-05-16 00:00:00+00:00,3732.162798726802,0.0,0.0,0.4759521840090281,0.4759521840090281
2021-05-17 00:00:00+00:00,3732.162798726802,0.0,0.0,0.4759521840090281,0.4759521840090281
2021-05-18 00:00:00+00:00,3732.162798726802,0.0,0.0,0.4759521840090281,0.4759521840090281
2021-05-19 00:00:00+00:00,3732.162798726802,0.0,0.0,0.4759521840090281,0.4759521840090281
2021-05-20 00:00:00+00:00,3732.162798726802,0.0,0.0,0.4759521840090281,0.4759521840090281
2021-05-21 00:00:00+00:00,3732.162798726802,0.0,0.0,0.4759521840090281,0.4759521840090281
2021-05-22 00:00:00+00:00,3732.162798726802,0.0,0.0,0.4759521840090281,0.4759521840090281
2021-05-23 00:00:00+00:00,3732.162798726802,0.0,0.0,0.4759521840090281,0.4759521840090281
2021-05-24 00:00:00+00:00,3732.162798726802,0.0,0.0,0.4759521840090281,0.4759521840090281
2021-05-25 00:00:00+00:00,3732.162798726802,0.0,0.0,0.4759521840090281,0.4759521840090281
2021-05-26 00:00:00+00:00,3732.162798726802,0.0,0.0,0.4759521840090281,0.4759521840090281
2021-05-27 00:00:00+00:00,3732.162798726802,0.0,0.0,0.4759521840090281,0.4759521840090281
2021-05-28 00:00:00+00:00,3732.162798726802,0.0,0.0,0.4759521840090281,0.4759521840090281
2021-05-29 00:00:00+00:00,3732.162798726802,0.0,0.0,0.4759521840090281,0.4759521840090281
2021-05-30 00:00:00+00:00,3732.162798726802,0.0,0.0,0.4759521840090281,0.4759521840090281
2021-05-31 00:00:00+00:00,3732.162798726802,0.0,0.0,0.4759521840090281,0.4759521840090281
2021-06-01 00:00:00+00:00,4032.162798726802,300.0,0.0,0.47595218400902817,0.47595218400902817
2021-06-02 00:00:00+00:00,4032.162798726802,0.0,0.0,0.47595218400902817,0.47595218400902817
2021-06-03 00:00:00+00:00,4032.162798726802,0.0,0.0,0.47595218400902817,0.47595218400902817
2021-06-04 00:00:00+00:00,4032.162798726802,0.0,0.0,0.47595218400902817,0.47595218400902817
2021-06-05 00:00:00+00:00,4032.162798726802,0.0,0.0,0.47595218400902817,0.47595218400902817
2021-06-06 00:00:00+00:00,4032.162798726802,0.0,0.0,0.47595218400902817,0.47595218400902817
2021-06-07 00:00:00+00:00,4032.162798726802,0.0,0.0,0.47595218400902817,0.47595218400902817
2021-06-08 00:00:00+00:00,4032.162798726802,0.0,0.0,0.47595218400902817,0.47595218400902817
2021-06-09 00:00:00+00:00,4032.162798726802,0.0,0.0,0.47595218400902817,0.47595218400902817
2021-06-10 00:00:00+00:00,4032.162798726802,0.0,0.0,0.47595218400902817,0.47595218400902817
2021-06-11 00:00:00+00:00,4032.162798726802,0.0,0.0,0.47595218400902817,0.47595218400902817
2021-06-12 00:00:00+00:00,4032.162798726802,0.0,0.0,0.47595218400902817,0.47595218400902817
2021-06-13 00:00:00+00:00,4032.162798726802,0.0,0.0,0.47595218400902817,0.47595218400902817
2021-06-14 00:00:00+00:00,4032.162798726802,0.0,0.0,0.47595218400902817,0.47595218400902817
2021-06-15 00:00:00+00:00,4032.162798726802,0.0,0.0,0.47595218400902817,0.47595218400902817
2021-06-16 00:00:00+00:00,4032.162798726802,0.0,0.0,0.47595218400902817,0.47595218400902817
2021-06-17 00:00:00+00:00,4032.162798726802,0.0,0.0,0.47595218400902817,0.47595218400902817
2021-06-18 00:00:00+00:00,4032.162798726802,0.0,0.0,0.47595218400902817,0.47595218400902817
2021-06-19 00:00:00+00:00,4248.479940885464,0.0,216.31714215866214,0.5014860280992312,0.47468182171827245
2021-06-20 00:00:00+00:00,3829.6188252490897,0.0,-418.8611156363745,0.4520441100183094,0.430866333642438
2021-06-21 00:00:00+00:00,5733.692882857356,0.0,1904.0740576082667,0.6767989752037489,0.4418361576691606
2021-06-22 00:00:00+00:00,5777.419989757292,0.0,43.72710689993528,0.6819604761322312,0.6076787368988659
2021-06-23 00:00:00+00:00,5304.227777626664,0.0,-473.1922121306279,0.6261053735330132,0.5779587514333748
2021-06-24 00:00:00+00:00,5182.484960783166,0.0,-121.74281684349808,0.6117349816474548,0.5832452505693879
2021-06-25 00:00:00+00:00,6152.387689970887,0.0,969.902729187721,0.7262212624045157,0.592824237990495
2021-06-26 00:00:00+00:00,6337.515468339645,0.0,185.1277783687583,0.7480735473527256,0.6994965037228478
2021-06-27 00:00:00+00:00,6337.515468339645,0.0,0.0,0.7480735473527256,0.7480735473527256
2021-06-28 00:00:00+00:00,6337.515468339645,0.0,0.0,0.7480735473527256,0.7480735473527256
2021-06-29 00:00:00+00:00,6337.515468339645,0.0,0.0,0.7480735473527256,0.7480735473527256
2021-06-30 00:00:00+00:00,6337.515468339645,0.0,0.0,0.7480735473527256,0.7480735473527256
2021-07-01 00:00:00+00:00,6637.515468339645,300.0,0.0,0.7480735473527257,0.7480735473527257
2021-07-02 00:00:00+00:00,6637.515468339645,0.0,0.0,0.7480735473527257,0.7480735473527257
2021-07-03 00:00:00+00:00,6637.515468339645,0.0,0.0,0.7480735473527257,0.7480735473527257
2021-07-04 00:00:00+00:00,6637.515468339645,0.0,0.0,0.7480735473527257,0.7480735473527257
2021-07-05 00:00:00+00:00,6623.365881818484,0.0,-14.149586521160927,0.7464788344766581,0.6871691763619331
2021-07-06 00:00:00+00:00,5529.375749002595,0.0,-1093.9901328158894,0.6231819347062416,0.6225776476127319
2021-07-07 00:00:00+00:00,5529.375749002595,0.0,0.0,0.6231819347062416,0.6231819347062416
2021-07-08 00:00:00+00:00,6514.585693798816,0.0,985.209944796221,0.7342188884890782,0.6214792583007727
2021-07-09 00:00:00+00:00,6281.08368772073,0.0,-233.5020060780853,0.7079023134341494,0.6758122218294627
2021-07-10 00:00:00+00:00,6546.895510495349,0.0,265.81182277461903,0.7378603292218014,0.6720173458743659
2021-07-11 00:00:00+00:00,6344.669287723869,0.0,-202.22622277148002,0.7150686553555791,0.6872014006970301
2021-07-12 00:00:00+00:00,7123.907844419421,0.0,779.2385566955518,0.8028918407209122,0.6929293613527233
2021-07-13 00:00:00+00:00,7782.614747914864,0.0,658.7069034954429,0.877130644730333,0.7934099834412854
2021-07-14 00:00:00+00:00,7399.196360125224,0.0,-383.4183877896403,0.8339179162866571,0.814701660079612
2021-07-15 00:00:00+00:00,7505.401091749206,0.0,106.2047316239823,0.8458875984230771,0.7964502859014252
2021-07-16 00:00:00+00:00,7505.401091749206,0.0,0.0,0.8458875984230771,0.8458875984230771
2021-07-17 00:00:00+00:00,7505.401091749206,0.0,0.0,0.8458875984230771,0.8458875984230771
2021-07-18 00:00:00+00:00,7505.401091749206,0.0,0.0,0.8458875984230771,0.8458875984230771
2021-07-19 00:00:00+00:00,7505.401091749206,0.0,0.0,0.8458875984230771,0.8458875984230771
2021-07-20 00:00:00+00:00,7505.401091749206,0.0,0.0,0.8458875984230771,0.8458875984230771
2021-07-21 00:00:00+00:00,7505.401091749206,0.0,0.0,0.8458875984230771,0.8458875984230771
2021-07-22 00:00:00+00:00,7505.401091749206,0.0,0.0,0.8458875984230771,0.8458875984230771
2021-07-23 00:00:00+00:00,7060.52833426919,0.0,-444.87275748001593,0.7957487259193401,0.7872207163916332
2021-07-24 00:00:00+00:00,7060.52833426919,0.0,0.0,0.7957487259193401,0.7957487259193401
2021-07-25 00:00:00+00:00,7060.52833426919,0.0,0.0,0.7957487259193401,0.7957487259193401
2021-07-26 00:00:00+00:00,7060.52833426919,0.0,0.0,0.7957487259193401,0.7957487259193401
2021-07-27 00:00:00+00:00,7060.52833426919,0.0,0.0,0.7957487259193401,0.7957487259193401
2021-07-28 00:00:00+00:00,7060.52833426919,0.0,0.0,0.7957487259193401,0.7957487259193401
2021-07-29 00:00:00+00:00,7060.52833426919,0.0,0.0,0.7957487259193401,0.7957487259193401
2021-07-30 00:00:00+00:00,7060.52833426919,0.0,0.0,0.7957487259193401,0.7957487259193401
2021-07-31 00:00:00+00:00,7060.52833426919,0.0,0.0,0.7957487259193401,0.7957487259193401
2021-08-01 00:00:00+00:00,7360.52833426919,300.0,0.0,0.7957487259193401,0.7957487259193401
2021-08-02 00:00:00+00:00,7360.52833426919,0.0,0.0,0.7957487259193401,0.7957487259193401
2021-08-03 00:00:00+00:00,7360.52833426919,0.0,0.0,0.7957487259193401,0.7957487259193401
2021-08-04 00:00:00+00:00,7360.52833426919,0.0,0.0,0.7957487259193401,0.7957487259193401
2021-08-05 00:00:00+00:00,7360.52833426919,0.0,0.0,0.7957487259193401,0.7957487259193401
2021-08-06 00:00:00+00:00,7360.52833426919,0.0,0.0,0.7957487259193401,0.7957487259193401
2021-08-07 00:00:00+00:00,7360.52833426919,0.0,0.0,0.7957487259193401,0.7957487259193401
2021-08-08 00:00:00+00:00,7360.52833426919,0.0,0.0,0.7957487259193401,0.7957487259193401
2021-08-09 00:00:00+00:00,7360.52833426919,0.0,0.0,0.7957487259193401,0.7957487259193401
2021-08-10 00:00:00+00:00,7360.52833426919,0.0,0.0,0.7957487259193401,0.7957487259193401
2021-08-11 00:00:00+00:00,7360.52833426919,0.0,0.0,0.7957487259193401,0.7957487259193401
2021-08-12 00:00:00+00:00,7360.52833426919,0.0,0.0,0.7957487259193401,0.7957487259193401
2021-08-13 00:00:00+00:00,7360.52833426919,0.0,0.0,0.7957487259193401,0.7957487259193401
2021-08-14 00:00:00+00:00,7360.52833426919,0.0,0.0,0.7957487259193401,0.7957487259193401
2021-08-15 00:00:00+00:00,7360.52833426919,0.0,0.0,0.7957487259193401,0.7957487259193401
2021-08-16 00:00:00+00:00,7360.52833426919,0.0,0.0,0.7957487259193401,0.7957487259193401
2021-08-17 00:00:00+00:00,7360.52833426919,0.0,0.0,0.7957487259193401,0.7957487259193401
2021-08-18 00:00:00+00:00,7360.52833426919,0.0,0.0,0.7957487259193401,0.7957487259193401
2021-08-19 00:00:00+00:00,7360.52833426919,0.0,0.0,0.7957487259193401,0.7957487259193401
2021-08-20 00:00:00+00:00,7360.52833426919,0.0,0.0,0.7957487259193401,0.7957487259193401
2021-08-21 00:00:00+00:00,7360.52833426919,0.0,0.0,0.7957487259193401,0.7957487259193401
2021-08-22 00:00:00+00:00,7360.52833426919,0.0,0.0,0.7957487259193401,0.7957487259193401
2021-08-23 00:00:00+00:00,7360.52833426919,0.0,0.0,0.7957487259193401,0.7957487259193401
2021-08-24 00:00:00+00:00,7360.52833426919,0.0,0.0,0.7957487259193401,0.7957487259193401
2021-08-25 00:00:00+00:00,7360.52833426919,0.0,0.0,0.7957487259193401,0.7957487259193401
2021-08-26 00:00:00+00:00,7360.52833426919,0.0,0.0,0.7957487259193401,0.7957487259193401
2021-08-27 00:00:00+00:00,7360.52833426919,0.0,0.0,0.7957487259193401,0.7957487259193401
2021-08-28 00:00:00+00:00,7360.52833426919,0.0,0.0,0.7957487259193401,0.7957487259193401
2021-08-29 00:00:00+00:00,7360.52833426919,0.0,0.0,0.7957487259193401,0.7957487259193401
2021-08-30 00:00:00+00:00,7360.52833426919,0.0,0.0,0.7957487259193401,0.7957487259193401
2021-08-31 00:00:00+00:00,7360.52833426919,0.0,0.0,0.7957487259193401,0.7957487259193401
2021-09-01 00:00:00+00:00,7660.52833426919,300.0,0.0,0.7957487259193402,0.7957487259193402
2021-09-02 00:00:00+00:00,7660.52833426919,0.0,0.0,0.7957487259193402,0.7957487259193402
2021-09-03 00:00:00+00:00,7660.52833426919,0.0,0.0,0.7957487259193402,0.7957487259193402
2021-09-04 00:00:00+00:00,7660.52833426919,0.0,0.0,0.7957487259193402,0.7957487259193402
2021-09-05 00:00:00+00:00,7660.52833426919,0.0,0.0,0.7957487259193402,0.7957487259193402
2021-09-06 00:00:00+00:00,7660.52833426919,0.0,0.0,0.7957487259193402,0.7957487259193402
2021-09-07 00:00:00+00:00,7660.52833426919,0.0,0.0,0.7957487259193402,0.7957487259193402
2021-09-08 00:00:00+00:00,7660.52833426919,0.0,0.0,0.7957487259193402,0.7957487259193402
2021-09-09 00:00:00+00:00,7660.52833426919,0.0,0.0,0.7957487259193402,0.7957487259193402
2021-09-10 00:00:00+00:00,7660.52833426919,0.0,0.0,0.7957487259193402,0.7957487259193402
2021-09-11 00:00:00+00:00,7660.52833426919,0.0,0.0,0.7957487259193402,0.7957487259193402
2021-09-12 00:00:00+00:00,7660.52833426919,0.0,0.0,0.7957487259193402,0.7957487259193402
2021-09-13 00:00:00+00:00,7660.52833426919,0.0,0.0,0.7957487259193402,0.7957487259193402
2021-09-14 00:00:00+00:00,7660.52833426919,0.0,0.0,0.7957487259193402,0.7957487259193402
2021-09-15 00:00:00+00:00,7660.52833426919,0.0,0.0,0.7957487259193402,0.7957487259193402
2021-09-16 00:00:00+00:00,7660.52833426919,0.0,0.0,0.7957487259193402,0.7957487259193402
2021-09-17 00:00:00+00:00,7660.52833426919,0.0,0.0,0.7957487259193402,0.7957487259193402
2021-09-18 00:00:00+00:00,7660.52833426919,0.0,0.0,0.7957487259193402,0.7957487259193402
2021-09-19 00:00:00+00:00,7660.52833426919,0.0,0.0,0.7957487259193402,0.7957487259193402
2021-09-20 00:00:00+00:00,7660.52833426919,0.0,0.0,0.7957487259193402,0.7957487259193402
2021-09-21 00:00:00+00:00,7660.52833426919,0.0,0.0,0.7957487259193402,0.7957487259193402
2021-09-22 00:00:00+00:00,7660.52833426919,0.0,0.0,0.7957487259193402,0.7957487259193402
2021-09-23 00:00:00+00:00,7660.52833426919,0.0,0.0,0.7957487259193402,0.7957487259193402
2021-09-24 00:00:00+00:00,7660.52833426919,0.0,0.0,0.7957487259193402,0.7957487259193402
2021-09-25 00:00:00+00:00,7660.52833426919,0.0,0.0,0.7957487259193402,0.7957487259193402
2021-09-26 00:00:00+00:00,7660.52833426919,0.0,0.0,0.7957487259193402,0.7957487259193402
2021-09-27 00:00:00+00:00,7660.52833426919,0.0,0.0,0.7957487259193402,0.7957487259193402
2021-09-28 00:00:00+00:00,7660.52833426919,0.0,0.0,0.7957487259193402,0.7957487259193402
2021-09-29 00:00:00+00:00,7660.52833426919,0.0,0.0,0.7957487259193402,0.7957487259193402
2021-09-30 00:00:00+00:00,7660.52833426919,0.0,0.0,0.7957487259193402,0.7957487259193402
2021-10-01 00:00:00+00:00,7960.52833426919,300.0,0.0,0.7957487259193403,0.7957487259193403
2021-10-02 00:00:00+00:00,7960.52833426919,0.0,0.0,0.7957487259193403,0.7957487259193403
2021-10-03 00:00:00+00:00,7960.52833426919,0.0,0.0,0.7957487259193403,0.7957487259193403
2021-10-04 00:00:00+00:00,7960.52833426919,0.0,0.0,0.7957487259193403,0.7957487259193403
2021-10-05 00:00:00+00:00,7960.52833426919,0.0,0.0,0.7957487259193403,0.7957487259193403
2021-10-06 00:00:00+00:00,7960.52833426919,0.0,0.0,0.7957487259193403,0.7957487259193403
2021-10-07 00:00:00+00:00,7960.52833426919,0.0,0.0,0.7957487259193403,0.7957487259193403
2021-10-08 00:00:00+00:00,7960.52833426919,0.0,0.0,0.7957487259193403,0.7957487259193403
2021-10-09 00:00:00+00:00,7960.52833426919,0.0,0.0,0.7957487259193403,0.7957487259193403
2021-10-10 00:00:00+00:00,7960.52833426919,0.0,0.0,0.7957487259193403,0.7957487259193403
2021-10-11 00:00:00+00:00,7960.52833426919,0.0,0.0,0.7957487259193403,0.7957487259193403
2021-10-12 00:00:00+00:00,7960.52833426919,0.0,0.0,0.7957487259193403,0.7957487259193403
2021-10-13 00:00:00+00:00,7960.52833426919,0.0,0.0,0.7957487259193403,0.7957487259193403
2021-10-14 00:00:00+00:00,7960.52833426919,0.0,0.0,0.7957487259193403,0.7957487259193403
2021-10-15 00:00:00+00:00,7960.52833426919,0.0,0.0,0.7957487259193403,0.7957487259193403
2021-10-16 00:00:00+00:00,7960.52833426919,0.0,0.0,0.7957487259193403,0.7957487259193403
2021-10-17 00:00:00+00:00,7960.52833426919,0.0,0.0,0.7957487259193403,0.7957487259193403
2021-10-18 00:00:00+00:00,7960.52833426919,0.0,0.0,0.7957487259193403,0.7957487259193403
2021-10-19 00:00:00+00:00,7960.52833426919,0.0,0.0,0.7957487259193403,0.7957487259193403
2021-10-20 00:00:00+00:00,7960.52833426919,0.0,0.0,0.7957487259193403,0.7957487259193403
2021-10-21 00:00:00+00:00,7960.52833426919,0.0,0.0,0.7957487259193403,0.7957487259193403
2021-10-22 00:00:00+00:00,7960.52833426919,0.0,0.0,0.7957487259193403,0.7957487259193403
2021-10-23 00:00:00+00:00,7960.52833426919,0.0,0.0,0.7957487259193403,0.7957487259193403
2021-10-24 00:00:00+00:00,7960.52833426919,0.0,0.0,0.7957487259193403,0.7957487259193403
2021-10-25 00:00:00+00:00,7960.52833426919,0.0,0.0,0.7957487259193403,0.7957487259193403
2021-10-26 00:00:00+00:00,7960.52833426919,0.0,0.0,0.7957487259193403,0.7957487259193403
2021-10-27 00:00:00+00:00,7960.52833426919,0.0,0.0,0.7957487259193403,0.7957487259193403
2021-10-28 00:00:00+00:00,7960.52833426919,0.0,0.0,0.7957487259193403,0.7957487259193403
2021-10-29 00:00:00+00:00,7960.52833426919,0.0,0.0,0.7957487259193403,0.7957487259193403
2021-10-30 00:00:00+00:00,7960.52833426919,0.0,0.0,0.7957487259193403,0.7957487259193403
2021-10-31 00:00:00+00:00,7960.52833426919,0.0,0.0,0.7957487259193403,0.7957487259193403
2021-11-01 00:00:00+00:00,8260.528334269191,300.0,9.094947017729282e-13,0.7957487259193404,0.7957487259193404
2021-11-02 00:00:00+00:00,8260.528334269191,0.0,0.0,0.7957487259193404,0.7957487259193404
2021-11-03 00:00:00+00:00,8260.528334269191,0.0,0.0,0.7957487259193404,0.7957487259193404
2021-11-04 00:00:00+00:00,8260.528334269191,0.0,0.0,0.7957487259193404,0.7957487259193404
2021-11-05 00:00:00+00:00,8260.528334269191,0.0,0.0,0.7957487259193404,0.7957487259193404
2021-11-06 00:00:00+00:00,8260.528334269191,0.0,0.0,0.7957487259193404,0.7957487259193404
2021-11-07 00:00:00+00:00,8260.528334269191,0.0,0.0,0.7957487259193404,0.7957487259193404
2021-11-08 00:00:00+00:00,8260.528334269191,0.0,0.0,0.7957487259193404,0.7957487259193404
2021-11-09 00:00:00+00:00,8260.528334269191,0.0,0.0,0.7957487259193404,0.7957487259193404
2021-11-10 00:00:00+00:00,8260.528334269191,0.0,0.0,0.7957487259193404,0.7957487259193404
2021-11-11 00:00:00+00:00,8260.528334269191,0.0,0.0,0.7957487259193404,0.7957487259193404
2021-11-12 00:00:00+00:00,8260.528334269191,0.0,0.0,0.7957487259193404,0.7957487259193404
2021-11-13 00:00:00+00:00,8260.528334269191,0.0,0.0,0.7957487259193404,0.7957487259193404
2021-11-14 00:00:00+00:00,8260.528334269191,0.0,0.0,0.7957487259193404,0.7957487259193404
2021-11-15 00:00:00+00:00,8260.528334269191,0.0,0.0,0.7957487259193404,0.7957487259193404
2021-11-16 00:00:00+00:00,8260.528334269191,0.0,0.0,0.7957487259193404,0.7957487259193404
2021-11-17 00:00:00+00:00,8260.528334269191,0.0,0.0,0.7957487259193404,0.7957487259193404
2021-11-18 00:00:00+00:00,8260.528334269191,0.0,0.0,0.7957487259193404,0.7957487259193404
2021-11-19 00:00:00+00:00,8260.528334269191,0.0,0.0,0.7957487259193404,0.7957487259193404
2021-11-20 00:00:00+00:00,8260.528334269191,0.0,0.0,0.7957487259193404,0.7957487259193404
2021-11-21 00:00:00+00:00,8260.528334269191,0.0,0.0,0.7957487259193404,0.7957487259193404
2021-11-22 00:00:00+00:00,8260.528334269191,0.0,0.0,0.7957487259193404,0.7957487259193404
2021-11-23 00:00:00+00:00,8260.528334269191,0.0,0.0,0.7957487259193404,0.7957487259193404
2021-11-24 00:00:00+00:00,8260.528334269191,0.0,0.0,0.7957487259193404,0.7957487259193404
2021-11-25 00:00:00+00:00,8260.528334269191,0.0,0.0,0.7957487259193404,0.7957487259193404
2021-11-26 00:00:00+00:00,8260.528334269191,0.0,0.0,0.7957487259193404,0.7957487259193404
2021-11-27 00:00:00+00:00,8260.528334269191,0.0,0.0,0.7957487259193404,0.7957487259193404
2021-11-28 00:00:00+00:00,8260.528334269191,0.0,0.0,0.7957487259193404,0.7957487259193404
2021-11-29 00:00:00+00:00,8260.528334269191,0.0,0.0,0.7957487259193404,0.7957487259193404
2021-11-30 00:00:00+00:00,8260.528334269191,0.0,0.0,0.7957487259193404,0.7957487259193404
2021-12-01 00:00:00+00:00,8560.528334269191,300.0,0.0,0.7957487259193404,0.7957487259193404
2021-12-02 00:00:00+00:00,8560.528334269191,0.0,0.0,0.7957487259193404,0.7957487259193404
2021-12-03 00:00:00+00:00,8560.528334269191,0.0,0.0,0.7957487259193404,0.7957487259193404
2021-12-04 00:00:00+00:00,8560.528334269191,0.0,0.0,0.7957487259193404,0.7957487259193404
2021-12-05 00:00:00+00:00,8560.528334269191,0.0,0.0,0.7957487259193404,0.7957487259193404
2021-12-06 00:00:00+00:00,8560.528334269191,0.0,0.0,0.7957487259193404,0.7957487259193404
2021-12-07 00:00:00+00:00,8560.528334269191,0.0,0.0,0.7957487259193404,0.7957487259193404
2021-12-08 00:00:00+00:00,8560.528334269191,0.0,0.0,0.7957487259193404,0.7957487259193404
2021-12-09 00:00:00+00:00,8560.528334269191,0.0,0.0,0.7957487259193404,0.7957487259193404
2021-12-10 00:00:00+00:00,8560.528334269191,0.0,0.0,0.7957487259193404,0.7957487259193404
2021-12-11 00:00:00+00:00,8560.528334269191,0.0,0.0,0.7957487259193404,0.7957487259193404
2021-12-12 00:00:00+00:00,8560.528334269191,0.0,0.0,0.7957487259193404,0.7957487259193404
2021-12-13 00:00:00+00:00,8560.528334269191,0.0,0.0,0.7957487259193404,0.7957487259193404
2021-12-14 00:00:00+00:00,8560.528334269191,0.0,0.0,0.7957487259193404,0.7957487259193404
2021-12-15 00:00:00+00:00,6386.434351984792,0.0,-2174.0939822843993,0.5936545970434259,0.5849882702983479
2021-12-16 00:00:00+00:00,6386.434351984792,0.0,0.0,0.5936545970434259,0.5936545970434259
2021-12-17 00:00:00+00:00,6386.434351984792,0.0,0.0,0.5936545970434259,0.5936545970434259
2021-12-18 00:00:00+00:00,6386.434351984792,0.0,0.0,0.5936545970434259,0.5936545970434259
2021-12-19 00:00:00+00:00,6386.434351984792,0.0,0.0,0.5936545970434259,0.5936545970434259
2021-12-20 00:00:00+00:00,6273.723820359122,0.0,-112.71053162566932,0.5831775261855704,0.5661667927100043
2021-12-21 00:00:00+00:00,6100.711705754658,0.0,-173.01211460446393,0.56709508776714,0.5317787824573937
2021-12-22 00:00:00+00:00,6100.711705754658,0.0,0.0,0.56709508776714,0.56709508776714
2021-12-23 00:00:00+00:00,6100.711705754658,0.0,0.0,0.56709508776714,0.56709508776714
2021-12-24 00:00:00+00:00,6100.711705754658,0.0,0.0,0.56709508776714,0.56709508776714
2021-12-25 00:00:00+00:00,6100.711705754658,0.0,0.0,0.56709508776714,0.56709508776714
2021-12-26 00:00:00+00:00,5987.584123912812,0.0,-113.12758184184622,0.5565792497718827,0.5543528510063861
2021-12-27 00:00:00+00:00,5987.584123912812,0.0,0.0,0.5565792497718827,0.5565792497718827
2021-12-28 00:00:00+00:00,7040.785248098707,0.0,1053.2011241858945,0.6544801526113438,0.5551225543841883
2021-12-29 00:00:00+00:00,7749.846514526908,0.0,709.0612664282016,0.7203913414220008,0.6407331639789654
2021-12-30 00:00:00+00:00,7404.736263037322,0.0,-345.1102514895865,0.6883114238980802,0.6650548964867052
2021-12-31 00:00:00+00:00,7553.592469916331,0.0,148.85620687900882,0.7021484363281394,0.6466808046238774
2022-01-01 00:00:00+00:00,7475.702894647222,300.0,-377.8895752691087,0.6683513086852206,0.6639629327332632
2022-01-02 00:00:00+00:00,7201.407755976778,0.0,-274.2951386704435,0.6438284621408976,0.6333127392302971
2022-01-03 00:00:00+00:00,7484.008897694626,0.0,282.6011417178479,0.6690938914342824,0.6351942891982841
2022-01-04 00:00:00+00:00,7466.622645713854,0.0,-17.386251980772613,0.6675395059232155,0.6675395059232155
2022-01-05 00:00:00+00:00,7466.622645713854,0.0,0.0,0.6675395059232155,0.6675395059232155
2022-01-06 00:00:00+00:00,7466.622645713854,0.0,0.0,0.6675395059232155,0.6675395059232155
2022-01-07 00:00:00+00:00,7466.622645713854,0.0,0.0,0.6675395059232155,0.6675395059232155
2022-01-08 00:00:00+00:00,7466.622645713854,0.0,0.0,0.6675395059232155,0.6675395059232155
2022-01-09 00:00:00+00:00,7466.622645713854,0.0,0.0,0.6675395059232155,0.6675395059232155
2022-01-10 00:00:00+00:00,7466.622645713854,0.0,0.0,0.6675395059232155,0.6675395059232155
2022-01-11 00:00:00+00:00,7466.622645713854,0.0,0.0,0.6675395059232155,0.6675395059232155
2022-01-12 00:00:00+00:00,7466.622645713854,0.0,0.0,0.6675395059232155,0.6675395059232155
2022-01-13 00:00:00+00:00,7466.622645713854,0.0,0.0,0.6675395059232155,0.6675395059232155
2022-01-14 00:00:00+00:00,7466.622645713854,0.0,0.0,0.6675395059232155,0.6675395059232155
2022-01-15 00:00:00+00:00,7466.622645713854,0.0,0.0,0.6675395059232155,0.6675395059232155
2022-01-16 00:00:00+00:00,7466.622645713854,0.0,0.0,0.6675395059232155,0.6675395059232155
2022-01-17 00:00:00+00:00,7466.622645713854,0.0,0.0,0.6675395059232155,0.6675395059232155
2022-01-18 00:00:00+00:00,7466.622645713854,0.0,0.0,0.6675395059232155,0.6675395059232155
2022-01-19 00:00:00+00:00,7466.622645713854,0.0,0.0,0.6675395059232155,0.6675395059232155
2022-01-20 00:00:00+00:00,7466.622645713854,0.0,0.0,0.6675395059232155,0.6675395059232155
2022-01-21 00:00:00+00:00,7466.622645713854,0.0,0.0,0.6675395059232155,0.6675395059232155
2022-01-22 00:00:00+00:00,7466.622645713854,0.0,0.0,0.6675395059232155,0.6675395059232155
2022-01-23 00:00:00+00:00,7466.622645713854,0.0,0.0,0.6675395059232155,0.6675395059232155
2022-01-24 00:00:00+00:00,7466.622645713854,0.0,0.0,0.6675395059232155,0.6675395059232155
2022-01-25 00:00:00+00:00,7466.622645713854,0.0,0.0,0.6675395059232155,0.6675395059232155
2022-01-26 00:00:00+00:00,7466.622645713854,0.0,0.0,0.6675395059232155,0.6675395059232155
2022-01-27 00:00:00+00:00,7466.622645713854,0.0,0.0,0.6675395059232155,0.6675395059232155
2022-01-28 00:00:00+00:00,7466.622645713854,0.0,0.0,0.6675395059232155,0.6675395059232155
2022-01-29 00:00:00+00:00,7466.622645713854,0.0,0.0,0.6675395059232155,0.6675395059232155
2022-01-30 00:00:00+00:00,7466.622645713854,0.0,0.0,0.6675395059232155,0.6675395059232155
2022-01-31 00:00:00+00:00,7466.622645713854,0.0,0.0,0.6675395059232155,0.6675395059232155
2022-02-01 00:00:00+00:00,7766.622645713854,300.0,0.0,0.6675395059232155,0.6675395059232155
2022-02-02 00:00:00+00:00,7766.622645713854,0.0,0.0,0.6675395059232155,0.6675395059232155
2022-02-03 00:00:00+00:00,7766.622645713854,0.0,0.0,0.6675395059232155,0.6675395059232155
2022-02-04 00:00:00+00:00,7766.622645713854,0.0,0.0,0.6675395059232155,0.6675395059232155
2022-02-05 00:00:00+00:00,7766.622645713854,0.0,0.0,0.6675395059232155,0.6675395059232155
2022-02-06 00:00:00+00:00,7766.622645713854,0.0,0.0,0.6675395059232155,0.6675395059232155
2022-02-07 00:00:00+00:00,7766.622645713854,0.0,0.0,0.6675395059232155,0.6675395059232155
2022-02-08 00:00:00+00:00,7766.622645713854,0.0,0.0,0.6675395059232155,0.6675395059232155
2022-02-09 00:00:00+00:00,7766.622645713854,0.0,0.0,0.6675395059232155,0.6675395059232155
2022-02-10 00:00:00+00:00,7766.622645713854,0.0,0.0,0.6675395059232155,0.6675395059232155
2022-02-11 00:00:00+00:00,7678.140582126997,0.0,-88.48206358685638,0.6599344920447013,0.6498089626662211
2022-02-12 00:00:00+00:00,7754.323360661398,0.0,76.18277853440031,0.6664823850816801,0.6222953970246087
2022-02-13 00:00:00+00:00,8122.8372950301855,0.0,368.5139343687879,0.6981560765813075,0.6437412974116816
2022-02-14 00:00:00+00:00,7670.938515581462,0.0,-451.8987794487239,0.6593154760112538,0.636406641244182
2022-02-15 00:00:00+00:00,6944.39440410395,0.0,-726.5441114775113,0.5968691696396197,0.5968691696396197
2022-02-16 00:00:00+00:00,6944.39440410395,0.0,0.0,0.5968691696396197,0.5968691696396197
2022-02-17 00:00:00+00:00,7485.151941760593,0.0,540.7575376566429,0.6433471609079069,0.5771604982768387
2022-02-18 00:00:00+00:00,8252.506021809075,0.0,767.3540800484816,0.7093010750904654,0.6134976949866155
2022-02-19 00:00:00+00:00,8370.540193084602,0.0,118.03417127552711,0.7194460861164361,0.6796661899286304
2022-02-20 00:00:00+00:00,9338.38961634048,0.0,967.8494232558787,0.8026325308917398,0.7189385829111131
2022-02-21 00:00:00+00:00,9693.849246149139,0.0,355.45962980865806,0.8331842077894284,0.7221827843077927
2022-02-22 00:00:00+00:00,9229.091093245082,0.0,-464.75815290405626,0.7932383469029627,0.7779562574847466
2022-02-23 00:00:00+00:00,9630.684444472245,0.0,401.5933512271622,0.8277552069963486,0.7260204929264286
2022-02-24 00:00:00+00:00,10593.29643403909,0.0,962.6119895668453,0.9104914954995419,0.819713567329051
2022-02-25 00:00:00+00:00,10593.29643403909,0.0,0.0,0.9104914954995419,0.9104914954995419
2022-02-26 00:00:00+00:00,10593.29643403909,0.0,0.0,0.9104914954995419,0.9104914954995419
2022-02-27 00:00:00+00:00,10593.29643403909,0.0,0.0,0.9104914954995419,0.9104914954995419
2022-02-28 00:00:00+00:00,9691.867254538034,0.0,-901.4291795010558,0.8330138560469563,0.7846706392149235
2022-03-01 00:00:00+00:00,9991.867254538034,300.0,0.0,0.8330138560469562,0.8330138560469562
2022-03-02 00:00:00+00:00,9991.867254538034,0.0,0.0,0.8330138560469562,0.8330138560469562
2022-03-03 00:00:00+00:00,9912.72172111381,0.0,-79.14553342422369,0.8264155572198113,0.8129204951099418
2022-03-04 00:00:00+00:00,12118.420706715915,0.0,2205.6989856021046,1.0103028898343216,0.8243342844954303
2022-03-05 00:00:00+00:00,11671.992719541951,0.0,-446.42798717396363,0.9730845512025542,0.9557775535992569
2022-03-06 00:00:00+00:00,12858.849286295483,0.0,1186.8565667535313,1.0720318190214881,0.9639714455834061
2022-03-07 00:00:00+00:00,13455.894038956189,0.0,597.0447526607059,1.1218069550372929,0.9873720656813356
2022-03-08 00:00:00+00:00,12594.688598321734,0.0,-861.2054406344541,1.0500089570579159,1.0088243728146529
2022-03-09 00:00:00+00:00,11036.132798670824,0.0,-1558.5557996509106,0.9200734261448225,0.8801431486738567
2022-03-10 00:00:00+00:00,12369.706526871403,0.0,1333.5737282005794,1.0312523845268753,0.9147913656958382
2022-03-11 00:00:00+00:00,12369.706526871403,0.0,0.0,1.0312523845268753,1.0312523845268753
2022-03-12 00:00:00+00:00,12369.706526871403,0.0,0.0,1.0312523845268753,1.0312523845268753
2022-03-13 00:00:00+00:00,12369.706526871403,0.0,0.0,1.0312523845268753,1.0312523845268753
2022-03-14 00:00:00+00:00,12369.706526871403,0.0,0.0,1.0312523845268753,1.0312523845268753
2022-03-15 00:00:00+00:00,12369.706526871403,0.0,0.0,1.0312523845268753,1.0312523845268753
2022-03-16 00:00:00+00:00,11642.305422591404,0.0,-727.4011042799993,0.9706095453724722,0.9706095453724722
2022-03-17 00:00:00+00:00,11642.305422591404,0.0,0.0,0.9706095453724722,0.9706095453724722
2022-03-18 00:00:00+00:00,11642.305422591404,0.0,0.0,0.9706095453724722,0.9706095453724722
2022-03-19 00:00:00+00:00,11642.305422591404,0.0,0.0,0.9706095453724722,0.9706095453724722
2022-03-20 00:00:00+00:00,11642.305422591404,0.0,0.0,0.9706095453724722,0.9706095453724722
2022-03-21 00:00:00+00:00,11642.305422591404,0.0,0.0,0.9706095453724722,0.9706095453724722
2022-03-22 00:00:00+00:00,11642.305422591404,0.0,0.0,0.9706095453724722,0.9706095453724722
2022-03-23 00:00:00+00:00,11642.305422591404,0.0,0.0,0.9706095453724722,0.9706095453724722
2022-03-24 00:00:00+00:00,11642.305422591404,0.0,0.0,0.9706095453724722,0.9706095453724722
2022-03-25 00:00:00+00:00,11642.305422591404,0.0,0.0,0.9706095453724722,0.9706095453724722
2022-03-26 00:00:00+00:00,11642.305422591404,0.0,0.0,0.9706095453724722,0.9706095453724722
2022-03-27 00:00:00+00:00,11642.305422591404,0.0,0.0,0.9706095453724722,0.9706095453724722
2022-03-28 00:00:00+00:00,11642.305422591404,0.0,0.0,0.9706095453724722,0.9706095453724722
2022-03-29 00:00:00+00:00,11642.305422591404,0.0,0.0,0.9706095453724722,0.9706095453724722
2022-03-30 00:00:00+00:00,11642.305422591404,0.0,0.0,0.9706095453724722,0.9706095453724722
2022-03-31 00:00:00+00:00,11642.305422591404,0.0,0.0,0.9706095453724722,0.9706095453724722
2022-04-01 00:00:00+00:00,11942.305422591404,300.0,0.0,0.9706095453724722,0.9706095453724722
2022-04-02 00:00:00+00:00,11942.305422591404,0.0,0.0,0.9706095453724722,0.9706095453724722
2022-04-03 00:00:00+00:00,11942.305422591404,0.0,0.0,0.9706095453724722,0.9706095453724722
2022-04-04 00:00:00+00:00,11942.305422591404,0.0,0.0,0.9706095453724722,0.9706095453724722
2022-04-05 00:00:00+00:00,11942.305422591404,0.0,0.0,0.9706095453724722,0.9706095453724722
2022-04-06 00:00:00+00:00,11942.305422591404,0.0,0.0,0.9706095453724722,0.9706095453724722
2022-04-07 00:00:00+00:00,11942.305422591404,0.0,0.0,0.9706095453724722,0.9706095453724722
2022-04-08 00:00:00+00:00,11942.305422591404,0.0,0.0,0.9706095453724722,0.9706095453724722
2022-04-09 00:00:00+00:00,11942.305422591404,0.0,0.0,0.9706095453724722,0.9706095453724722
2022-04-10 00:00:00+00:00,11942.305422591404,0.0,0.0,0.9706095453724722,0.9706095453724722
2022-04-11 00:00:00+00:00,13033.597386991327,0.0,1091.291964399923,1.0593041784398116,0.9656374271007871
2022-04-12 00:00:00+00:00,12914.553981263474,0.0,-119.04340572785259,1.0496289388755542,0.9637358350882321
2022-04-13 00:00:00+00:00,12914.553981263474,0.0,0.0,1.0496289388755542,1.0496289388755542
2022-04-14 00:00:00+00:00,12914.553981263474,0.0,0.0,1.0496289388755542,1.0496289388755542
2022-04-15 00:00:00+00:00,12914.553981263474,0.0,0.0,1.0496289388755542,1.0496289388755542
2022-04-16 00:00:00+00:00,12914.553981263474,0.0,0.0,1.0496289388755542,1.0496289388755542
2022-04-17 00:00:00+00:00,12914.553981263474,0.0,0.0,1.0496289388755542,1.0496289388755542
2022-04-18 00:00:00+00:00,12932.400442650342,0.0,17.846461386867304,1.0510794080404482,1.036180551184096
2022-04-19 00:00:00+00:00,12932.400442650342,0.0,0.0,1.0510794080404482,1.0510794080404482
2022-04-20 00:00:00+00:00,12932.400442650342,0.0,0.0,1.0510794080404482,1.0510794080404482
2022-04-21 00:00:00+00:00,12932.400442650342,0.0,0.0,1.0510794080404482,1.0510794080404482
2022-04-22 00:00:00+00:00,12932.400442650342,0.0,0.0,1.0510794080404482,1.0510794080404482
2022-04-23 00:00:00+00:00,12932.400442650342,0.0,0.0,1.0510794080404482,1.0510794080404482
2022-04-24 00:00:00+00:00,12932.400442650342,0.0,0.0,1.0510794080404482,1.0510794080404482
2022-04-25 00:00:00+00:00,12932.400442650342,0.0,0.0,1.0510794080404482,1.0510794080404482
2022-04-26 00:00:00+00:00,12932.400442650342,0.0,0.0,1.0510794080404482,1.0510794080404482
2022-04-27 00:00:00+00:00,12932.400442650342,0.0,0.0,1.0510794080404482,1.0510794080404482
2022-04-28 00:00:00+00:00,12932.400442650342,0.0,0.0,1.0510794080404482,1.0510794080404482
2022-04-29 00:00:00+00:00,12932.400442650342,0.0,0.0,1.0510794080404482,1.0510794080404482
2022-04-30 00:00:00+00:00,14163.750635779908,0.0,1231.3501931295668,1.1511572580749059,1.044872085202654
2022-05-01 00:00:00+00:00,13117.94692838627,300.0,-1345.8037073936375,1.0440458879322807,1.021386784012775
2022-05-02 00:00:00+00:00,12872.016701475835,0.0,-245.93022691043552,1.0244725169218767,0.994106917230471
2022-05-03 00:00:00+00:00,12872.016701475835,0.0,0.0,1.0244725169218767,1.0244725169218767
2022-05-04 00:00:00+00:00,12872.016701475835,0.0,0.0,1.0244725169218767,1.0244725169218767
2022-05-05 00:00:00+00:00,12872.016701475835,0.0,0.0,1.0244725169218767,1.0244725169218767
2022-05-06 00:00:00+00:00,12872.016701475835,0.0,0.0,1.0244725169218767,1.0244725169218767
2022-05-07 00:00:00+00:00,12872.016701475835,0.0,0.0,1.0244725169218767,1.0244725169218767
2022-05-08 00:00:00+00:00,13235.370734581373,0.0,363.3540331055374,1.0533915456539218,0.9837017754039343
2022-05-09 00:00:00+00:00,17519.535099119297,0.0,4284.1643645379245,1.3943644290205166,1.0396467646684493
2022-05-10 00:00:00+00:00,15881.896464817502,0.0,-1637.6386343017948,1.2640262067822479,1.1297668228871338
2022-05-11 00:00:00+00:00,19670.551022312964,0.0,3788.6545574954616,1.565561899306629,1.135853936498587
2022-05-12 00:00:00+00:00,21500.181250824575,0.0,1829.6302285116108,1.7111805640978834,1.439704132447378
2022-05-13 00:00:00+00:00,20765.57240457701,0.0,-734.6088462475636,1.6527136904818764,1.490962097371978
2022-05-14 00:00:00+00:00,20077.961743711257,0.0,-687.6106608657537,1.5979873612098918,1.5824170733009508
2022-05-15 00:00:00+00:00,20682.84124521679,0.0,604.879501505533,1.6461291900866966,1.5709382556186635
2022-05-16 00:00:00+00:00,20682.84124521679,0.0,0.0,1.6461291900866966,1.6461291900866966
2022-05-17 00:00:00+00:00,20682.84124521679,0.0,0.0,1.6461291900866966,1.6461291900866966
2022-05-18 00:00:00+00:00,20682.84124521679,0.0,0.0,1.6461291900866966,1.6461291900866966
2022-05-19 00:00:00+00:00,20682.84124521679,0.0,0.0,1.6461291900866966,1.6461291900866966
2022-05-20 00:00:00+00:00,20682.84124521679,0.0,0.0,1.6461291900866966,1.6461291900866966
2022-05-21 00:00:00+00:00,20682.84124521679,0.0,0.0,1.6461291900866966,1.6461291900866966
2022-05-22 00:00:00+00:00,20682.84124521679,0.0,0.0,1.6461291900866966,1.6461291900866966
2022-05-23 00:00:00+00:00,20682.84124521679,0.0,0.0,1.6461291900866966,1.6461291900866966
2022-05-24 00:00:00+00:00,20682.84124521679,0.0,0.0,1.6461291900866966,1.6461291900866966
2022-05-25 00:00:00+00:00,20682.84124521679,0.0,0.0,1.6461291900866966,1.6461291900866966
2022-05-26 00:00:00+00:00,20682.84124521679,0.0,0.0,1.6461291900866966,1.6461291900866966
2022-05-27 00:00:00+00:00,20682.84124521679,0.0,0.0,1.6461291900866966,1.6461291900866966
2022-05-28 00:00:00+00:00,20682.84124521679,0.0,0.0,1.6461291900866966,1.6461291900866966
2022-05-29 00:00:00+00:00,20682.84124521679,0.0,0.0,1.6461291900866966,1.6461291900866966
2022-05-30 00:00:00+00:00,20682.84124521679,0.0,0.0,1.6461291900866966,1.6461291900866966
2022-05-31 00:00:00+00:00,20682.84124521679,0.0,0.0,1.6461291900866966,1.6461291900866966
2022-06-01 00:00:00+00:00,20982.84124521679,300.0,0.0,1.6461291900866966,1.6461291900866966
2022-06-02 00:00:00+00:00,20982.84124521679,0.0,0.0,1.6461291900866966,1.6461291900866966
2022-06-03 00:00:00+00:00,20982.84124521679,0.0,0.0,1.6461291900866966,1.6461291900866966
2022-06-04 00:00:00+00:00,20982.84124521679,0.0,0.0,1.6461291900866966,1.6461291900866966
2022-06-05 00:00:00+00:00,20982.84124521679,0.0,0.0,1.6461291900866966,1.6461291900866966
2022-06-06 00:00:00+00:00,20982.84124521679,0.0,0.0,1.6461291900866966,1.6461291900866966
2022-06-07 00:00:00+00:00,20982.84124521679,0.0,0.0,1.6461291900866966,1.6461291900866966
2022-06-08 00:00:00+00:00,20982.84124521679,0.0,0.0,1.6461291900866966,1.6461291900866966
2022-06-09 00:00:00+00:00,20982.84124521679,0.0,0.0,1.6461291900866966,1.6461291900866966
2022-06-10 00:00:00+00:00,20982.84124521679,0.0,0.0,1.6461291900866966,1.6461291900866966
2022-06-11 00:00:00+00:00,20982.84124521679,0.0,0.0,1.6461291900866966,1.6461291900866966
2022-06-12 00:00:00+00:00,20982.84124521679,0.0,0.0,1.6461291900866966,1.6461291900866966
2022-06-13 00:00:00+00:00,20982.84124521679,0.0,0.0,1.6461291900866966,1.6461291900866966
2022-06-14 00:00:00+00:00,20982.84124521679,0.0,0.0,1.6461291900866966,1.6461291900866966
2022-06-15 00:00:00+00:00,20982.84124521679,0.0,0.0,1.6461291900866966,1.6461291900866966
2022-06-16 00:00:00+00:00,20982.84124521679,0.0,0.0,1.6461291900866966,1.6461291900866966
2022-06-17 00:00:00+00:00,20982.84124521679,0.0,0.0,1.6461291900866966,1.6461291900866966
2022-06-18 00:00:00+00:00,20982.84124521679,0.0,0.0,1.6461291900866966,1.6461291900866966
2022-06-19 00:00:00+00:00,20982.84124521679,0.0,0.0,1.6461291900866966,1.6461291900866966
2022-06-20 00:00:00+00:00,20982.84124521679,0.0,0.0,1.6461291900866966,1.6461291900866966
2022-06-21 00:00:00+00:00,20982.84124521679,0.0,0.0,1.6461291900866966,1.6461291900866966
2022-06-22 00:00:00+00:00,20982.84124521679,0.0,0.0,1.6461291900866966,1.6461291900866966
2022-06-23 00:00:00+00:00,20982.84124521679,0.0,0.0,1.6461291900866966,1.6461291900866966
2022-06-24 00:00:00+00:00,20982.84124521679,0.0,0.0,1.6461291900866966,1.6461291900866966
2022-06-25 00:00:00+00:00,20982.84124521679,0.0,0.0,1.6461291900866966,1.6461291900866966
2022-06-26 00:00:00+00:00,20982.84124521679,0.0,0.0,1.6461291900866966,1.6461291900866966
2022-06-27 00:00:00+00:00,20982.84124521679,0.0,0.0,1.6461291900866966,1.6461291900866966
2022-06-28 00:00:00+00:00,20982.84124521679,0.0,0.0,1.6461291900866966,1.6461291900866966
2022-06-29 00:00:00+00:00,20982.84124521679,0.0,0.0,1.6461291900866966,1.6461291900866966
2022-06-30 00:00:00+00:00,20982.84124521679,0.0,0.0,1.6461291900866966,1.6461291900866966
2022-07-01 00:00:00+00:00,21282.84124521679,300.0,0.0,1.6461291900866966,1.6461291900866966
2022-07-02 00:00:00+00:00,21282.84124521679,0.0,0.0,1.6461291900866966,1.6461291900866966
2022-07-03 00:00:00+00:00,21282.84124521679,0.0,0.0,1.6461291900866966,1.6461291900866966
2022-07-04 00:00:00+00:00,21282.84124521679,0.0,0.0,1.6461291900866966,1.6461291900866966
2022-07-05 00:00:00+00:00,21282.84124521679,0.0,0.0,1.6461291900866966,1.6461291900866966
2022-07-06 00:00:00+00:00,21282.84124521679,0.0,0.0,1.6461291900866966,1.6461291900866966
2022-07-07 00:00:00+00:00,21282.84124521679,0.0,0.0,1.6461291900866966,1.6461291900866966
2022-07-08 00:00:00+00:00,21282.84124521679,0.0,0.0,1.6461291900866966,1.6461291900866966
2022-07-09 00:00:00+00:00,21282.84124521679,0.0,0.0,1.6461291900866966,1.6461291900866966
2022-07-10 00:00:00+00:00,21282.84124521679,0.0,0.0,1.6461291900866966,1.6461291900866966
2022-07-11 00:00:00+00:00,21282.84124521679,0.0,0.0,1.6461291900866966,1.6461291900866966
2022-07-12 00:00:00+00:00,21282.84124521679,0.0,0.0,1.6461291900866966,1.6461291900866966
2022-07-13 00:00:00+00:00,21282.84124521679,0.0,0.0,1.6461291900866966,1.6461291900866966
2022-07-14 00:00:00+00:00,21282.84124521679,0.0,0.0,1.6461291900866966,1.6461291900866966
2022-07-15 00:00:00+00:00,19498.845374133263,0.0,-1783.9958710835272,1.5081453727688494,1.5078449958266076
2022-07-16 00:00:00+00:00,18399.63839855844,0.0,-1099.2069755748234,1.4231268046372427,1.4175026647598183
2022-07-17 00:00:00+00:00,18399.63839855844,0.0,0.0,1.4231268046372427,1.4231268046372427
2022-07-18 00:00:00+00:00,18399.63839855844,0.0,0.0,1.4231268046372427,1.4231268046372427
2022-07-19 00:00:00+00:00,18399.63839855844,0.0,0.0,1.4231268046372427,1.4231268046372427
2022-07-20 00:00:00+00:00,18399.63839855844,0.0,0.0,1.4231268046372427,1.4231268046372427
2022-07-21 00:00:00+00:00,18399.63839855844,0.0,0.0,1.4231268046372427,1.4231268046372427
2022-07-22 00:00:00+00:00,18399.63839855844,0.0,0.0,1.4231268046372427,1.4231268046372427
2022-07-23 00:00:00+00:00,18399.63839855844,0.0,0.0,1.4231268046372427,1.4231268046372427
2022-07-24 00:00:00+00:00,18399.63839855844,0.0,0.0,1.4231268046372427,1.4231268046372427
2022-07-25 00:00:00+00:00,18399.63839855844,0.0,0.0,1.4231268046372427,1.4231268046372427
2022-07-26 00:00:00+00:00,18399.63839855844,0.0,0.0,1.4231268046372427,1.4231268046372427
2022-07-27 00:00:00+00:00,18399.63839855844,0.0,0.0,1.4231268046372427,1.4231268046372427
2022-07-28 00:00:00+00:00,18399.63839855844,0.0,0.0,1.4231268046372427,1.4231268046372427
2022-07-29 00:00:00+00:00,18399.63839855844,0.0,0.0,1.4231268046372427,1.4231268046372427
2022-07-30 00:00:00+00:00,18399.63839855844,0.0,0.0,1.4231268046372427,1.4231268046372427
2022-07-31 00:00:00+00:00,18399.63839855844,0.0,0.0,1.4231268046372427,1.4231268046372427
2022-08-01 00:00:00+00:00,18699.63839855844,300.0,0.0,1.4231268046372427,1.4231268046372427
2022-08-02 00:00:00+00:00,18699.63839855844,0.0,0.0,1.4231268046372427,1.4231268046372427
2022-08-03 00:00:00+00:00,18699.63839855844,0.0,0.0,1.4231268046372427,1.4231268046372427
2022-08-04 00:00:00+00:00,18699.63839855844,0.0,0.0,1.4231268046372427,1.4231268046372427
2022-08-05 00:00:00+00:00,18699.63839855844,0.0,0.0,1.4231268046372427,1.4231268046372427
2022-08-06 00:00:00+00:00,18699.63839855844,0.0,0.0,1.4231268046372427,1.4231268046372427
2022-08-07 00:00:00+00:00,18699.63839855844,0.0,0.0,1.4231268046372427,1.4231268046372427
2022-08-08 00:00:00+00:00,18699.63839855844,0.0,0.0,1.4231268046372427,1.4231268046372427
2022-08-09 00:00:00+00:00,18699.63839855844,0.0,0.0,1.4231268046372427,1.4231268046372427
2022-08-10 00:00:00+00:00,18699.63839855844,0.0,0.0,1.4231268046372427,1.4231268046372427
2022-08-11 00:00:00+00:00,18699.63839855844,0.0,0.0,1.4231268046372427,1.4231268046372427
2022-08-12 00:00:00+00:00,18699.63839855844,0.0,0.0,1.4231268046372427,1.4231268046372427
2022-08-13 00:00:00+00:00,18699.63839855844,0.0,0.0,1.4231268046372427,1.4231268046372427
2022-08-14 00:00:00+00:00,18699.63839855844,0.0,0.0,1.4231268046372427,1.4231268046372427
2022-08-15 00:00:00+00:00,18699.63839855844,0.0,0.0,1.4231268046372427,1.4231268046372427
2022-08-16 00:00:00+00:00,18699.63839855844,0.0,0.0,1.4231268046372427,1.4231268046372427
2022-08-17 00:00:00+00:00,18699.63839855844,0.0,0.0,1.4231268046372427,1.4231268046372427
2022-08-18 00:00:00+00:00,18699.63839855844,0.0,0.0,1.4231268046372427,1.4231268046372427
2022-08-19 00:00:00+00:00,18699.63839855844,0.0,0.0,1.4231268046372427,1.4231268046372427
2022-08-20 00:00:00+00:00,18699.63839855844,0.0,0.0,1.4231268046372427,1.4231268046372427
2022-08-21 00:00:00+00:00,18699.63839855844,0.0,0.0,1.4231268046372427,1.4231268046372427
2022-08-22 00:00:00+00:00,18699.63839855844,0.0,0.0,1.4231268046372427,1.4231268046372427
2022-08-23 00:00:00+00:00,18699.63839855844,0.0,0.0,1.4231268046372427,1.4231268046372427
2022-08-24 00:00:00+00:00,18699.63839855844,0.0,0.0,1.4231268046372427,1.4231268046372427
2022-08-25 00:00:00+00:00,18699.63839855844,0.0,0.0,1.4231268046372427,1.4231268046372427
2022-08-26 00:00:00+00:00,18699.63839855844,0.0,0.0,1.4231268046372427,1.4231268046372427
2022-08-27 00:00:00+00:00,18699.63839855844,0.0,0.0,1.4231268046372427,1.4231268046372427
2022-08-28 00:00:00+00:00,18699.63839855844,0.0,0.0,1.4231268046372427,1.4231268046372427
2022-08-29 00:00:00+00:00,18699.63839855844,0.0,0.0,1.4231268046372427,1.4231268046372427
2022-08-30 00:00:00+00:00,18699.63839855844,0.0,0.0,1.4231268046372427,1.4231268046372427
2022-08-31 00:00:00+00:00,18699.63839855844,0.0,0.0,1.4231268046372427,1.4231268046372427
2022-09-01 00:00:00+00:00,18999.63839855844,300.0,0.0,1.4231268046372427,1.4231268046372427
2022-09-02 00:00:00+00:00,18999.63839855844,0.0,0.0,1.4231268046372427,1.4231268046372427
2022-09-03 00:00:00+00:00,18999.63839855844,0.0,0.0,1.4231268046372427,1.4231268046372427
2022-09-04 00:00:00+00:00,18999.63839855844,0.0,0.0,1.4231268046372427,1.4231268046372427
2022-09-05 00:00:00+00:00,18999.63839855844,0.0,0.0,1.4231268046372427,1.4231268046372427
2022-09-06 00:00:00+00:00,18999.63839855844,0.0,0.0,1.4231268046372427,1.4231268046372427
2022-09-07 00:00:00+00:00,18999.63839855844,0.0,0.0,1.4231268046372427,1.4231268046372427
2022-09-08 00:00:00+00:00,18999.63839855844,0.0,0.0,1.4231268046372427,1.4231268046372427
2022-09-09 00:00:00+00:00,18999.63839855844,0.0,0.0,1.4231268046372427,1.4231268046372427
2022-09-10 00:00:00+00:00,18999.63839855844,0.0,0.0,1.4231268046372427,1.4231268046372427
2022-09-11 00:00:00+00:00,18999.63839855844,0.0,0.0,1.4231268046372427,1.4231268046372427
2022-09-12 00:00:00+00:00,18999.63839855844,0.0,0.0,1.4231268046372427,1.4231268046372427
2022-09-13 00:00:00+00:00,18999.63839855844,0.0,0.0,1.4231268046372427,1.4231268046372427
2022-09-14 00:00:00+00:00,18999.63839855844,0.0,0.0,1.4231268046372427,1.4231268046372427
2022-09-15 00:00:00+00:00,18999.63839855844,0.0,0.0,1.4231268046372427,1.4231268046372427
2022-09-16 00:00:00+00:00,18871.060091783093,0.0,-128.5783067753473,1.413495924773721,1.413495910293235
2022-09-17 00:00:00+00:00,17553.78161712277,0.0,-1317.278474660321,1.314828030830908,1.2953424164781366
2022-09-18 00:00:00+00:00,22780.525799639152,0.0,5226.7441825163805,1.7063259946913782,1.3122722176699801
2022-09-19 00:00:00+00:00,21165.84336059816,0.0,-1614.682439040993,1.5853817002909845,1.538072964022898
2022-09-20 00:00:00+00:00,23187.304879040636,0.0,2021.4615184424765,1.736794901484143,1.5586373421005764
2022-09-21 00:00:00+00:00,26199.733130933662,0.0,3012.4282518930268,1.9624343216870428,1.4951265076527005
2022-09-22 00:00:00+00:00,23029.606935478438,0.0,-3170.1261954552247,1.7249828782333971,1.6641417873090179
2022-09-23 00:00:00+00:00,22859.530808522803,0.0,-170.07612695563512,1.7122436939382994,1.6319548342437145
2022-09-24 00:00:00+00:00,22859.530808522803,0.0,0.0,1.7122436939382994,1.7122436939382994
2022-09-25 00:00:00+00:00,22859.530808522803,0.0,0.0,1.7122436939382994,1.7122436939382994
2022-09-26 00:00:00+00:00,22859.530808522803,0.0,0.0,1.7122436939382994,1.7122436939382994
2022-09-27 00:00:00+00:00,22859.530808522803,0.0,0.0,1.7122436939382994,1.7122436939382994
2022-09-28 00:00:00+00:00,22859.530808522803,0.0,0.0,1.7122436939382994,1.7122436939382994
2022-09-29 00:00:00+00:00,22859.530808522803,0.0,0.0,1.7122436939382994,1.7122436939382994
2022-09-30 00:00:00+00:00,22859.530808522803,0.0,0.0,1.7122436939382994,1.7122436939382994
2022-10-01 00:00:00+00:00,23159.530808522803,300.0,0.0,1.7122436939382997,1.7122436939382997
2022-10-02 00:00:00+00:00,23159.530808522803,0.0,0.0,1.7122436939382997,1.7122436939382997
2022-10-03 00:00:00+00:00,23159.530808522803,0.0,0.0,1.7122436939382997,1.7122436939382997
2022-10-04 00:00:00+00:00,23159.530808522803,0.0,0.0,1.7122436939382997,1.7122436939382997
2022-10-05 00:00:00+00:00,23159.530808522803,0.0,0.0,1.7122436939382997,1.7122436939382997
2022-10-06 00:00:00+00:00,23159.530808522803,0.0,0.0,1.7122436939382997,1.7122436939382997
2022-10-07 00:00:00+00:00,23159.530808522803,0.0,0.0,1.7122436939382997,1.7122436939382997
2022-10-08 00:00:00+00:00,23159.530808522803,0.0,0.0,1.7122436939382997,1.7122436939382997
2022-10-09 00:00:00+00:00,23159.530808522803,0.0,0.0,1.7122436939382997,1.7122436939382997
2022-10-10 00:00:00+00:00,23159.530808522803,0.0,0.0,1.7122436939382997,1.7122436939382997
2022-10-11 00:00:00+00:00,23159.530808522803,0.0,0.0,1.7122436939382997,1.7122436939382997
2022-10-12 00:00:00+00:00,23159.530808522803,0.0,0.0,1.7122436939382997,1.7122436939382997
2022-10-13 00:00:00+00:00,23159.530808522803,0.0,0.0,1.7122436939382997,1.7122436939382997
2022-10-14 00:00:00+00:00,23159.530808522803,0.0,0.0,1.7122436939382997,1.7122436939382997
2022-10-15 00:00:00+00:00,23159.530808522803,0.0,0.0,1.7122436939382997,1.7122436939382997
2022-10-16 00:00:00+00:00,23159.530808522803,0.0,0.0,1.7122436939382997,1.7122436939382997
2022-10-17 00:00:00+00:00,23159.530808522803,0.0,0.0,1.7122436939382997,1.7122436939382997
2022-10-18 00:00:00+00:00,23159.530808522803,0.0,0.0,1.7122436939382997,1.7122436939382997
2022-10-19 00:00:00+00:00,23159.530808522803,0.0,0.0,1.7122436939382997,1.7122436939382997
2022-10-20 00:00:00+00:00,23159.530808522803,0.0,0.0,1.7122436939382997,1.7122436939382997
2022-10-21 00:00:00+00:00,23159.530808522803,0.0,0.0,1.7122436939382997,1.7122436939382997
2022-10-22 00:00:00+00:00,23159.530808522803,0.0,0.0,1.7122436939382997,1.7122436939382997
2022-10-23 00:00:00+00:00,23159.530808522803,0.0,0.0,1.7122436939382997,1.7122436939382997
2022-10-24 00:00:00+00:00,22243.17123476844,0.0,-916.3595737543619,1.6444948731822469,1.6444948731822469
2022-10-25 00:00:00+00:00,22243.17123476844,0.0,0.0,1.6444948731822469,1.6444948731822469
2022-10-26 00:00:00+00:00,22243.17123476844,0.0,0.0,1.6444948731822469,1.6444948731822469
2022-10-27 00:00:00+00:00,22243.17123476844,0.0,0.0,1.6444948731822469,1.6444948731822469
2022-10-28 00:00:00+00:00,22243.17123476844,0.0,0.0,1.6444948731822469,1.6444948731822469
2022-10-29 00:00:00+00:00,22243.17123476844,0.0,0.0,1.6444948731822469,1.6444948731822469
2022-10-30 00:00:00+00:00,22243.17123476844,0.0,0.0,1.6444948731822469,1.6444948731822469
2022-10-31 00:00:00+00:00,22243.17123476844,0.0,0.0,1.6444948731822469,1.6444948731822469
2022-11-01 00:00:00+00:00,22543.17123476844,300.0,0.0,1.6444948731822466,1.6444948731822466
2022-11-02 00:00:00+00:00,22543.17123476844,0.0,0.0,1.6444948731822466,1.6444948731822466
2022-11-03 00:00:00+00:00,22543.17123476844,0.0,0.0,1.6444948731822466,1.6444948731822466
2022-11-04 00:00:00+00:00,22543.17123476844,0.0,0.0,1.6444948731822466,1.6444948731822466
2022-11-05 00:00:00+00:00,22543.17123476844,0.0,0.0,1.6444948731822466,1.6444948731822466
2022-11-06 00:00:00+00:00,22543.17123476844,0.0,0.0,1.6444948731822466,1.6444948731822466
2022-11-07 00:00:00+00:00,22543.17123476844,0.0,0.0,1.6444948731822466,1.6444948731822466
2022-11-08 00:00:00+00:00,22819.26524946969,0.0,276.09401470124794,1.6646355706450884,1.2577255198297503
2022-11-09 00:00:00+00:00,31517.778100630945,0.0,8698.512851161257,2.2991807124564776,1.6549662723691325
2022-11-10 00:00:00+00:00,24019.417411304737,0.0,-7498.360689326208,1.752185102014143,1.6142606002769266
2022-11-11 00:00:00+00:00,24419.66690453293,0.0,400.24949322819157,1.7813827793397001,1.724100902707486
2022-11-12 00:00:00+00:00,25619.47511148121,0.0,1199.8082069482807,1.8689072196493823,1.7711345329327095
2022-11-13 00:00:00+00:00,26937.6458023492,0.0,1318.1706908679917,1.9650660484377747,1.8206188660786617
2022-11-14 00:00:00+00:00,26132.231958790413,0.0,-805.4138435587884,1.9063121613857323,1.7776671849868075
2022-11-15 00:00:00+00:00,25201.865862345367,0.0,-930.3660964450464,1.8384431708230045,1.7793370707919713
2022-11-16 00:00:00+00:00,25201.865862345367,0.0,0.0,1.8384431708230045,1.8384431708230045
2022-11-17 00:00:00+00:00,25201.865862345367,0.0,0.0,1.8384431708230045,1.8384431708230045
2022-11-18 00:00:00+00:00,25201.865862345367,0.0,0.0,1.8384431708230045,1.8384431708230045
2022-11-19 00:00:00+00:00,25201.865862345367,0.0,0.0,1.8384431708230045,1.8384431708230045
2022-11-20 00:00:00+00:00,25201.865862345367,0.0,0.0,1.8384431708230045,1.8384431708230045
2022-11-21 00:00:00+00:00,25201.865862345367,0.0,0.0,1.8384431708230045,1.8384431708230045
2022-11-22 00:00:00+00:00,25201.865862345367,0.0,0.0,1.8384431708230045,1.8384431708230045
2022-11-23 00:00:00+00:00,25201.865862345367,0.0,0.0,1.8384431708230045,1.8384431708230045
2022-11-24 00:00:00+00:00,25201.865862345367,0.0,0.0,1.8384431708230045,1.8384431708230045
2022-11-25 00:00:00+00:00,25201.865862345367,0.0,0.0,1.8384431708230045,1.8384431708230045
2022-11-26 00:00:00+00:00,25201.865862345367,0.0,0.0,1.8384431708230045,1.8384431708230045
2022-11-27 00:00:00+00:00,25201.865862345367,0.0,0.0,1.8384431708230045,1.8384431708230045
2022-11-28 00:00:00+00:00,25201.865862345367,0.0,0.0,1.8384431708230045,1.8384431708230045
2022-11-29 00:00:00+00:00,25201.865862345367,0.0,0.0,1.8384431708230045,1.8384431708230045
2022-11-30 00:00:00+00:00,25201.865862345367,0.0,0.0,1.8384431708230045,1.8384431708230045
2022-12-01 00:00:00+00:00,25501.865862345367,300.0,0.0,1.8384431708230045,1.8384431708230045
2022-12-02 00:00:00+00:00,25501.865862345367,0.0,0.0,1.8384431708230045,1.8384431708230045
2022-12-03 00:00:00+00:00,26761.361783780314,0.0,1259.4959214349474,1.929240906484396,1.7988479646985884
2022-12-04 00:00:00+00:00,24773.845716411248,0.0,-1987.5160673690661,1.7859598085177235,1.769540420414363
2022-12-05 00:00:00+00:00,25109.995732907526,0.0,336.1500164962781,1.8101930432753461,1.766695181703064
2022-12-06 00:00:00+00:00,24430.99996982285,0.0,-678.9957630846766,1.7612438749909995,1.7473328382651157
2022-12-07 00:00:00+00:00,26238.88420260905,0.0,1807.8842327862003,1.8915752177776446,1.7412000833723114
2022-12-08 00:00:00+00:00,22981.843336478953,0.0,-3257.040866130097,1.6567733970108867,1.6428884698742745
2022-12-09 00:00:00+00:00,22981.843336478953,0.0,0.0,1.6567733970108867,1.6567733970108867
2022-12-10 00:00:00+00:00,22981.843336478953,0.0,0.0,1.6567733970108867,1.6567733970108867
2022-12-11 00:00:00+00:00,22981.843336478953,0.0,0.0,1.6567733970108867,1.6567733970108867
2022-12-12 00:00:00+00:00,22981.843336478953,0.0,0.0,1.6567733970108867,1.6567733970108867
2022-12-13 00:00:00+00:00,22981.843336478953,0.0,0.0,1.6567733970108867,1.6567733970108867
2022-12-14 00:00:00+00:00,22981.843336478953,0.0,0.0,1.6567733970108867,1.6567733970108867
2022-12-15 00:00:00+00:00,22981.843336478953,0.0,0.0,1.6567733970108867,1.6567733970108867
2022-12-16 00:00:00+00:00,25460.236136510342,0.0,2478.39280003139,1.8354420615873999,1.6303031116168558
2022-12-17 00:00:00+00:00,24344.66796456451,0.0,-1115.5681719458335,1.755020154485709,1.7432316307135878
2022-12-18 00:00:00+00:00,24575.676101975565,0.0,231.00813741105594,1.7716736548578123,1.7188696065944045
2022-12-19 00:00:00+00:00,25422.05238028908,0.0,846.3762783135135,1.8326893741471837,1.723206880204314
2022-12-20 00:00:00+00:00,22699.838895761815,0.0,-2722.213484527263,1.6364435458158142,1.5864392092727184
2022-12-21 00:00:00+00:00,22886.411714970356,0.0,186.57281920854075,1.6498936802956443,1.6161316142738547
2022-12-22 00:00:00+00:00,22690.721415508597,0.0,-195.69029946175942,1.6357862617803196,1.5663243247603125
2022-12-23 00:00:00+00:00,22571.34795159284,0.0,-119.37346391575556,1.62718056482081,1.5900574381925239
2022-12-24 00:00:00+00:00,22571.34795159284,0.0,0.0,1.62718056482081,1.62718056482081
2022-12-25 00:00:00+00:00,22571.34795159284,0.0,0.0,1.62718056482081,1.62718056482081
2022-12-26 00:00:00+00:00,22571.34795159284,0.0,0.0,1.62718056482081,1.62718056482081
2022-12-27 00:00:00+00:00,22571.34795159284,0.0,0.0,1.62718056482081,1.62718056482081
2022-12-28 00:00:00+00:00,22571.34795159284,0.0,0.0,1.62718056482081,1.62718056482081
2022-12-29 00:00:00+00:00,22571.34795159284,0.0,0.0,1.62718056482081,1.62718056482081
2022-12-30 00:00:00+00:00,22571.34795159284,0.0,0.0,1.62718056482081,1.62718056482081
2022-12-31 00:00:00+00:00,22571.34795159284,0.0,0.0,1.62718056482081,1.62718056482081
2023-01-01 00:00:00+00:00,22871.34795159284,300.0,0.0,1.62718056482081,1.62718056482081
2023-01-02 00:00:00+00:00,22871.34795159284,0.0,0.0,1.62718056482081,1.62718056482081
2023-01-03 00:00:00+00:00,22871.34795159284,0.0,0.0,1.62718056482081,1.62718056482081
2023-01-04 00:00:00+00:00,22871.34795159284,0.0,0.0,1.62718056482081,1.62718056482081
2023-01-05 00:00:00+00:00,22871.34795159284,0.0,0.0,1.62718056482081,1.62718056482081
2023-01-06 00:00:00+00:00,22871.34795159284,0.0,0.0,1.62718056482081,1.62718056482081
2023-01-07 00:00:00+00:00,22871.34795159284,0.0,0.0,1.62718056482081,1.62718056482081
2023-01-08 00:00:00+00:00,22871.34795159284,0.0,0.0,1.62718056482081,1.62718056482081
2023-01-09 00:00:00+00:00,22871.34795159284,0.0,0.0,1.62718056482081,1.62718056482081
2023-01-10 00:00:00+00:00,22871.34795159284,0.0,0.0,1.62718056482081,1.62718056482081
2023-01-11 00:00:00+00:00,22871.34795159284,0.0,0.0,1.62718056482081,1.62718056482081
2023-01-12 00:00:00+00:00,22871.34795159284,0.0,0.0,1.62718056482081,1.62718056482081
2023-01-13 00:00:00+00:00,22871.34795159284,0.0,0.0,1.62718056482081,1.62718056482081
2023-01-14 00:00:00+00:00,22871.34795159284,0.0,0.0,1.62718056482081,1.62718056482081
2023-01-15 00:00:00+00:00,22871.34795159284,0.0,0.0,1.62718056482081,1.62718056482081
2023-01-16 00:00:00+00:00,22871.34795159284,0.0,0.0,1.62718056482081,1.62718056482081
2023-01-17 00:00:00+00:00,22871.34795159284,0.0,0.0,1.62718056482081,1.62718056482081
2023-01-18 00:00:00+00:00,22871.34795159284,0.0,0.0,1.62718056482081,1.62718056482081
2023-01-19 00:00:00+00:00,22871.34795159284,0.0,0.0,1.62718056482081,1.62718056482081
2023-01-20 00:00:00+00:00,22871.34795159284,0.0,0.0,1.62718056482081,1.62718056482081
2023-01-21 00:00:00+00:00,22871.34795159284,0.0,0.0,1.62718056482081,1.62718056482081
2023-01-22 00:00:00+00:00,22871.34795159284,0.0,0.0,1.62718056482081,1.62718056482081
2023-01-23 00:00:00+00:00,22871.34795159284,0.0,0.0,1.62718056482081,1.62718056482081
2023-01-24 00:00:00+00:00,22871.34795159284,0.0,0.0,1.62718056482081,1.62718056482081
2023-01-25 00:00:00+00:00,22871.34795159284,0.0,0.0,1.62718056482081,1.62718056482081
2023-01-26 00:00:00+00:00,22871.34795159284,0.0,0.0,1.62718056482081,1.62718056482081
2023-01-27 00:00:00+00:00,22871.34795159284,0.0,0.0,1.62718056482081,1.62718056482081
2023-01-28 00:00:00+00:00,22871.34795159284,0.0,0.0,1.62718056482081,1.62718056482081
2023-01-29 00:00:00+00:00,22871.34795159284,0.0,0.0,1.62718056482081,1.62718056482081
2023-01-30 00:00:00+00:00,22871.34795159284,0.0,0.0,1.62718056482081,1.62718056482081
2023-01-31 00:00:00+00:00,22871.34795159284,0.0,0.0,1.62718056482081,1.62718056482081
2023-02-01 00:00:00+00:00,23171.34795159284,300.0,0.0,1.62718056482081,1.62718056482081
2023-02-02 00:00:00+00:00,23171.34795159284,0.0,0.0,1.62718056482081,1.62718056482081
2023-02-03 00:00:00+00:00,23171.34795159284,0.0,0.0,1.62718056482081,1.62718056482081
2023-02-04 00:00:00+00:00,23171.34795159284,0.0,0.0,1.62718056482081,1.62718056482081
2023-02-05 00:00:00+00:00,23171.34795159284,0.0,0.0,1.62718056482081,1.62718056482081
2023-02-06 00:00:00+00:00,23171.34795159284,0.0,0.0,1.62718056482081,1.62718056482081
2023-02-07 00:00:00+00:00,23171.34795159284,0.0,0.0,1.62718056482081,1.62718056482081
2023-02-08 00:00:00+00:00,23171.34795159284,0.0,0.0,1.62718056482081,1.62718056482081
2023-02-09 00:00:00+00:00,23171.34795159284,0.0,0.0,1.62718056482081,1.62718056482081
2023-02-10 00:00:00+00:00,23171.34795159284,0.0,0.0,1.62718056482081,1.62718056482081
2023-02-11 00:00:00+00:00,23171.34795159284,0.0,0.0,1.62718056482081,1.62718056482081
2023-02-12 00:00:00+00:00,23171.34795159284,0.0,0.0,1.62718056482081,1.62718056482081
2023-02-13 00:00:00+00:00,23171.34795159284,0.0,0.0,1.62718056482081,1.62718056482081
2023-02-14 00:00:00+00:00,23171.34795159284,0.0,0.0,1.62718056482081,1.62718056482081
2023-02-15 00:00:00+00:00,23171.34795159284,0.0,0.0,1.62718056482081,1.62718056482081
2023-02-16 00:00:00+00:00,23171.34795159284,0.0,0.0,1.62718056482081,1.62718056482081
2023-02-17 00:00:00+00:00,23171.34795159284,0.0,0.0,1.62718056482081,1.62718056482081
2023-02-18 00:00:00+00:00,23171.34795159284,0.0,0.0,1.62718056482081,1.62718056482081
2023-02-19 00:00:00+00:00,23171.34795159284,0.0,0.0,1.62718056482081,1.62718056482081
2023-02-20 00:00:00+00:00,23171.34795159284,0.0,0.0,1.62718056482081,1.62718056482081
2023-02-21 00:00:00+00:00,23171.34795159284,0.0,0.0,1.62718056482081,1.62718056482081
2023-02-22 00:00:00+00:00,23171.34795159284,0.0,0.0,1.62718056482081,1.62718056482081
2023-02-23 00:00:00+00:00,23171.34795159284,0.0,0.0,1.62718056482081,1.62718056482081
2023-02-24 00:00:00+00:00,23171.34795159284,0.0,0.0,1.62718056482081,1.62718056482081
2023-02-25 00:00:00+00:00,23171.34795159284,0.0,0.0,1.62718056482081,1.62718056482081
2023-02-26 00:00:00+00:00,23171.34795159284,0.0,0.0,1.62718056482081,1.62718056482081
2023-02-27 00:00:00+00:00,23171.34795159284,0.0,0.0,1.62718056482081,1.62718056482081
2023-02-28 00:00:00+00:00,23171.34795159284,0.0,0.0,1.62718056482081,1.62718056482081
2023-03-01 00:00:00+00:00,23471.34795159284,300.0,0.0,1.62718056482081,1.62718056482081
2023-03-02 00:00:00+00:00,23471.34795159284,0.0,0.0,1.62718056482081,1.62718056482081
2023-03-03 00:00:00+00:00,23471.34795159284,0.0,0.0,1.62718056482081,1.62718056482081
2023-03-04 00:00:00+00:00,23471.34795159284,0.0,0.0,1.62718056482081,1.62718056482081
2023-03-05 00:00:00+00:00,23471.34795159284,0.0,0.0,1.62718056482081,1.62718056482081
2023-03-06 00:00:00+00:00,23471.34795159284,0.0,0.0,1.62718056482081,1.62718056482081
2023-03-07 00:00:00+00:00,23471.34795159284,0.0,0.0,1.62718056482081,1.62718056482081
2023-03-08 00:00:00+00:00,23471.34795159284,0.0,0.0,1.62718056482081,1.62718056482081
2023-03-09 00:00:00+00:00,23471.34795159284,0.0,0.0,1.62718056482081,1.62718056482081
2023-03-10 00:00:00+00:00,23471.34795159284,0.0,0.0,1.62718056482081,1.62718056482081
2023-03-11 00:00:00+00:00,23471.34795159284,0.0,0.0,1.62718056482081,1.62718056482081
2023-03-12 00:00:00+00:00,23471.34795159284,0.0,0.0,1.62718056482081,1.62718056482081
2023-03-13 00:00:00+00:00,23471.34795159284,0.0,0.0,1.62718056482081,1.62718056482081
2023-03-14 00:00:00+00:00,23471.34795159284,0.0,0.0,1.62718056482081,1.62718056482081
2023-03-15 00:00:00+00:00,23471.34795159284,0.0,0.0,1.62718056482081,1.62718056482081
2023-03-16 00:00:00+00:00,23471.34795159284,0.0,0.0,1.62718056482081,1.62718056482081
2023-03-17 00:00:00+00:00,23471.34795159284,0.0,0.0,1.62718056482081,1.62718056482081
2023-03-18 00:00:00+00:00,23471.34795159284,0.0,0.0,1.62718056482081,1.62718056482081
2023-03-19 00:00:00+00:00,23471.34795159284,0.0,0.0,1.62718056482081,1.62718056482081
2023-03-20 00:00:00+00:00,23471.34795159284,0.0,0.0,1.62718056482081,1.62718056482081
2023-03-21 00:00:00+00:00,23471.34795159284,0.0,0.0,1.62718056482081,1.62718056482081
2023-03-22 00:00:00+00:00,23471.34795159284,0.0,0.0,1.62718056482081,1.62718056482081
2023-03-23 00:00:00+00:00,23471.34795159284,0.0,0.0,1.62718056482081,1.62718056482081
2023-03-24 00:00:00+00:00,23471.34795159284,0.0,0.0,1.62718056482081,1.62718056482081
2023-03-25 00:00:00+00:00,23471.34795159284,0.0,0.0,1.62718056482081,1.62718056482081
2023-03-26 00:00:00+00:00,23471.34795159284,0.0,0.0,1.62718056482081,1.62718056482081
2023-03-27 00:00:00+00:00,23471.34795159284,0.0,0.0,1.62718056482081,1.62718056482081
2023-03-28 00:00:00+00:00,23471.34795159284,0.0,0.0,1.62718056482081,1.62718056482081
2023-03-29 00:00:00+00:00,23471.34795159284,0.0,0.0,1.62718056482081,1.62718056482081
2023-03-30 00:00:00+00:00,23471.34795159284,0.0,0.0,1.62718056482081,1.62718056482081
2023-03-31 00:00:00+00:00,23471.34795159284,0.0,0.0,1.62718056482081,1.62718056482081
2023-04-01 00:00:00+00:00,23771.34795159284,300.0,0.0,1.62718056482081,1.62718056482081
2023-04-02 00:00:00+00:00,23771.34795159284,0.0,0.0,1.62718056482081,1.62718056482081
2023-04-03 00:00:00+00:00,23771.34795159284,0.0,0.0,1.62718056482081,1.62718056482081
2023-04-04 00:00:00+00:00,23771.34795159284,0.0,0.0,1.62718056482081,1.62718056482081
2023-04-05 00:00:00+00:00,23771.34795159284,0.0,0.0,1.62718056482081,1.62718056482081
2023-04-06 00:00:00+00:00,23771.34795159284,0.0,0.0,1.62718056482081,1.62718056482081
2023-04-07 00:00:00+00:00,23771.34795159284,0.0,0.0,1.62718056482081,1.62718056482081
2023-04-08 00:00:00+00:00,23771.34795159284,0.0,0.0,1.62718056482081,1.62718056482081
2023-04-09 00:00:00+00:00,23771.34795159284,0.0,0.0,1.62718056482081,1.62718056482081
2023-04-10 00:00:00+00:00,23771.34795159284,0.0,0.0,1.62718056482081,1.62718056482081
2023-04-11 00:00:00+00:00,23771.34795159284,0.0,0.0,1.62718056482081,1.62718056482081
2023-04-12 00:00:00+00:00,23771.34795159284,0.0,0.0,1.62718056482081,1.62718056482081
2023-04-13 00:00:00+00:00,23771.34795159284,0.0,0.0,1.62718056482081,1.62718056482081
2023-04-14 00:00:00+00:00,23771.34795159284,0.0,0.0,1.62718056482081,1.62718056482081
2023-04-15 00:00:00+00:00,23771.34795159284,0.0,0.0,1.62718056482081,1.62718056482081
2023-04-16 00:00:00+00:00,23771.34795159284,0.0,0.0,1.62718056482081,1.62718056482081
2023-04-17 00:00:00+00:00,23771.34795159284,0.0,0.0,1.62718056482081,1.62718056482081
2023-04-18 00:00:00+00:00,23771.34795159284,0.0,0.0,1.62718056482081,1.62718056482081
2023-04-19 00:00:00+00:00,23771.34795159284,0.0,0.0,1.62718056482081,1.62718056482081
2023-04-20 00:00:00+00:00,23771.34795159284,0.0,0.0,1.62718056482081,1.62718056482081
2023-04-21 00:00:00+00:00,23771.34795159284,0.0,0.0,1.62718056482081,1.62718056482081
2023-04-22 00:00:00+00:00,23771.34795159284,0.0,0.0,1.62718056482081,1.62718056482081
2023-04-23 00:00:00+00:00,23771.34795159284,0.0,0.0,1.62718056482081,1.62718056482081
2023-04-24 00:00:00+00:00,23771.34795159284,0.0,0.0,1.62718056482081,1.62718056482081
2023-04-25 00:00:00+00:00,23771.34795159284,0.0,0.0,1.62718056482081,1.62718056482081
2023-04-26 00:00:00+00:00,23771.34795159284,0.0,0.0,1.62718056482081,1.62718056482081
2023-04-27 00:00:00+00:00,23771.34795159284,0.0,0.0,1.62718056482081,1.62718056482081
2023-04-28 00:00:00+00:00,23771.34795159284,0.0,0.0,1.62718056482081,1.62718056482081
2023-04-29 00:00:00+00:00,23771.34795159284,0.0,0.0,1.62718056482081,1.62718056482081
2023-04-30 00:00:00+00:00,23771.34795159284,0.0,0.0,1.62718056482081,1.62718056482081
2023-05-01 00:00:00+00:00,24071.34795159284,300.0,0.0,1.6271805648208102,1.6271805648208102
2023-05-02 00:00:00+00:00,24071.34795159284,0.0,0.0,1.6271805648208102,1.6271805648208102
2023-05-03 00:00:00+00:00,24071.34795159284,0.0,0.0,1.6271805648208102,1.6271805648208102
2023-05-04 00:00:00+00:00,24071.34795159284,0.0,0.0,1.6271805648208102,1.6271805648208102
2023-05-05 00:00:00+00:00,24071.34795159284,0.0,0.0,1.6271805648208102,1.6271805648208102
2023-05-06 00:00:00+00:00,24071.34795159284,0.0,0.0,1.6271805648208102,1.6271805648208102
2023-05-07 00:00:00+00:00,24071.34795159284,0.0,0.0,1.6271805648208102,1.6271805648208102
2023-05-08 00:00:00+00:00,24071.34795159284,0.0,0.0,1.6271805648208102,1.6271805648208102
2023-05-09 00:00:00+00:00,24071.34795159284,0.0,0.0,1.6271805648208102,1.6271805648208102
2023-05-10 00:00:00+00:00,24071.34795159284,0.0,0.0,1.6271805648208102,1.6271805648208102
2023-05-11 00:00:00+00:00,24071.34795159284,0.0,0.0,1.6271805648208102,1.6271805648208102
2023-05-12 00:00:00+00:00,24071.34795159284,0.0,0.0,1.6271805648208102,1.6271805648208102
2023-05-13 00:00:00+00:00,24071.34795159284,0.0,0.0,1.6271805648208102,1.6271805648208102
2023-05-14 00:00:00+00:00,24071.34795159284,0.0,0.0,1.6271805648208102,1.6271805648208102
2023-05-15 00:00:00+00:00,24071.34795159284,0.0,0.0,1.6271805648208102,1.6271805648208102
2023-05-16 00:00:00+00:00,24071.34795159284,0.0,0.0,1.6271805648208102,1.6271805648208102
2023-05-17 00:00:00+00:00,24071.34795159284,0.0,0.0,1.6271805648208102,1.6271805648208102
2023-05-18 00:00:00+00:00,24071.34795159284,0.0,0.0,1.6271805648208102,1.6271805648208102
2023-05-19 00:00:00+00:00,24071.34795159284,0.0,0.0,1.6271805648208102,1.6271805648208102
2023-05-20 00:00:00+00:00,24071.34795159284,0.0,0.0,1.6271805648208102,1.6271805648208102
2023-05-21 00:00:00+00:00,24071.34795159284,0.0,0.0,1.6271805648208102,1.6271805648208102
2023-05-22 00:00:00+00:00,24071.34795159284,0.0,0.0,1.6271805648208102,1.6271805648208102
2023-05-23 00:00:00+00:00,24071.34795159284,0.0,0.0,1.6271805648208102,1.6271805648208102
2023-05-24 00:00:00+00:00,24071.34795159284,0.0,0.0,1.6271805648208102,1.6271805648208102
2023-05-25 00:00:00+00:00,24071.34795159284,0.0,0.0,1.6271805648208102,1.6271805648208102
2023-05-26 00:00:00+00:00,24071.34795159284,0.0,0.0,1.6271805648208102,1.6271805648208102
2023-05-27 00:00:00+00:00,24071.34795159284,0.0,0.0,1.6271805648208102,1.6271805648208102
2023-05-28 00:00:00+00:00,24071.34795159284,0.0,0.0,1.6271805648208102,1.6271805648208102
2023-05-29 00:00:00+00:00,24071.34795159284,0.0,0.0,1.6271805648208102,1.6271805648208102
2023-05-30 00:00:00+00:00,24071.34795159284,0.0,0.0,1.6271805648208102,1.6271805648208102
2023-05-31 00:00:00+00:00,24071.34795159284,0.0,0.0,1.6271805648208102,1.6271805648208102
2023-06-01 00:00:00+00:00,24371.34795159284,300.0,0.0,1.6271805648208102,1.6271805648208102
2023-06-02 00:00:00+00:00,24371.34795159284,0.0,0.0,1.6271805648208102,1.6271805648208102
2023-06-03 00:00:00+00:00,24371.34795159284,0.0,0.0,1.6271805648208102,1.6271805648208102
2023-06-04 00:00:00+00:00,24371.34795159284,0.0,0.0,1.6271805648208102,1.6271805648208102
2023-06-05 00:00:00+00:00,24371.34795159284,0.0,0.0,1.6271805648208102,1.6271805648208102
2023-06-06 00:00:00+00:00,24371.34795159284,0.0,0.0,1.6271805648208102,1.6271805648208102
2023-06-07 00:00:00+00:00,24371.34795159284,0.0,0.0,1.6271805648208102,1.6271805648208102
2023-06-08 00:00:00+00:00,24371.34795159284,0.0,0.0,1.6271805648208102,1.6271805648208102
2023-06-09 00:00:00+00:00,24371.34795159284,0.0,0.0,1.6271805648208102,1.6271805648208102
2023-06-10 00:00:00+00:00,25782.461440959643,0.0,1411.1134893668022,1.7213951502928488,1.6167413800613022
2023-06-11 00:00:00+00:00,25732.045127858964,0.0,-50.41631310067896,1.7180290482212568,1.6522906855670412
2023-06-12 00:00:00+00:00,26158.253595995324,0.0,426.20846813635944,1.746485337848364,1.7031602038547031
2023-06-13 00:00:00+00:00,26260.44548149012,0.0,102.1918854947944,1.7533082944730778,1.6858636832812395
2023-06-14 00:00:00+00:00,29832.35440389558,0.0,3571.9089224054624,1.9917908268874716,1.7267976853738216
2023-06-15 00:00:00+00:00,29201.155128454735,0.0,-631.1992754408457,1.9496480945459396,1.9133553056262216
2023-06-16 00:00:00+00:00,27136.96910050681,0.0,-2064.186027947926,1.8118303836206804,1.7807230292059626
2023-06-17 00:00:00+00:00,26731.849512742498,0.0,-405.1195877643113,1.7847821169040574,1.7847821169040574
2023-06-18 00:00:00+00:00,26731.849512742498,0.0,0.0,1.7847821169040574,1.7847821169040574
2023-06-19 00:00:00+00:00,26731.849512742498,0.0,0.0,1.7847821169040574,1.7847821169040574
2023-06-20 00:00:00+00:00,26731.849512742498,0.0,0.0,1.7847821169040574,1.7847821169040574
2023-06-21 00:00:00+00:00,26731.849512742498,0.0,0.0,1.7847821169040574,1.7847821169040574
2023-06-22 00:00:00+00:00,26731.849512742498,0.0,0.0,1.7847821169040574,1.7847821169040574
2023-06-23 00:00:00+00:00,26731.849512742498,0.0,0.0,1.7847821169040574,1.7847821169040574
2023-06-24 00:00:00+00:00,26731.849512742498,0.0,0.0,1.7847821169040574,1.7847821169040574
2023-06-25 00:00:00+00:00,26731.849512742498,0.0,0.0,1.7847821169040574,1.7847821169040574
2023-06-26 00:00:00+00:00,26731.849512742498,0.0,0.0,1.7847821169040574,1.7847821169040574
2023-06-27 00:00:00+00:00,26731.849512742498,0.0,0.0,1.7847821169040574,1.7847821169040574
2023-06-28 00:00:00+00:00,26731.849512742498,0.0,0.0,1.7847821169040574,1.7847821169040574
2023-06-29 00:00:00+00:00,26731.849512742498,0.0,0.0,1.7847821169040574,1.7847821169040574
2023-06-30 00:00:00+00:00,26731.849512742498,0.0,0.0,1.7847821169040574,1.7847821169040574
2023-07-01 00:00:00+00:00,27031.849512742498,300.0,0.0,1.7847821169040574,1.7847821169040574
2023-07-02 00:00:00+00:00,27031.849512742498,0.0,0.0,1.7847821169040574,1.7847821169040574
2023-07-03 00:00:00+00:00,27031.849512742498,0.0,0.0,1.7847821169040574,1.7847821169040574
2023-07-04 00:00:00+00:00,27031.849512742498,0.0,0.0,1.7847821169040574,1.7847821169040574
2023-07-05 00:00:00+00:00,27031.849512742498,0.0,0.0,1.7847821169040574,1.7847821169040574
2023-07-06 00:00:00+00:00,27031.849512742498,0.0,0.0,1.7847821169040574,1.7847821169040574
2023-07-07 00:00:00+00:00,27031.849512742498,0.0,0.0,1.7847821169040574,1.7847821169040574
2023-07-08 00:00:00+00:00,27031.849512742498,0.0,0.0,1.7847821169040574,1.7847821169040574
2023-07-09 00:00:00+00:00,27031.849512742498,0.0,0.0,1.7847821169040574,1.7847821169040574
2023-07-10 00:00:00+00:00,27031.849512742498,0.0,0.0,1.7847821169040574,1.7847821169040574
2023-07-11 00:00:00+00:00,27031.849512742498,0.0,0.0,1.7847821169040574,1.7847821169040574
2023-07-12 00:00:00+00:00,27031.849512742498,0.0,0.0,1.7847821169040574,1.7847821169040574
2023-07-13 00:00:00+00:00,27031.849512742498,0.0,0.0,1.7847821169040574,1.7847821169040574
2023-07-14 00:00:00+00:00,27031.849512742498,0.0,0.0,1.7847821169040574,1.7847821169040574
2023-07-15 00:00:00+00:00,27031.849512742498,0.0,0.0,1.7847821169040574,1.7847821169040574
2023-07-16 00:00:00+00:00,27031.849512742498,0.0,0.0,1.7847821169040574,1.7847821169040574
2023-07-17 00:00:00+00:00,27031.849512742498,0.0,0.0,1.7847821169040574,1.7847821169040574
2023-07-18 00:00:00+00:00,27031.849512742498,0.0,0.0,1.7847821169040574,1.7847821169040574
2023-07-19 00:00:00+00:00,27031.849512742498,0.0,0.0,1.7847821169040574,1.7847821169040574
2023-07-20 00:00:00+00:00,27031.849512742498,0.0,0.0,1.7847821169040574,1.7847821169040574
2023-07-21 00:00:00+00:00,27031.849512742498,0.0,0.0,1.7847821169040574,1.7847821169040574
2023-07-22 00:00:00+00:00,27031.849512742498,0.0,0.0,1.7847821169040574,1.7847821169040574
2023-07-23 00:00:00+00:00,27031.849512742498,0.0,0.0,1.7847821169040574,1.7847821169040574
2023-07-24 00:00:00+00:00,27031.849512742498,0.0,0.0,1.7847821169040574,1.7847821169040574
2023-07-25 00:00:00+00:00,27031.849512742498,0.0,0.0,1.7847821169040574,1.7847821169040574
2023-07-26 00:00:00+00:00,27031.849512742498,0.0,0.0,1.7847821169040574,1.7847821169040574
2023-07-27 00:00:00+00:00,27031.849512742498,0.0,0.0,1.7847821169040574,1.7847821169040574
2023-07-28 00:00:00+00:00,27031.849512742498,0.0,0.0,1.7847821169040574,1.7847821169040574
2023-07-29 00:00:00+00:00,27031.849512742498,0.0,0.0,1.7847821169040574,1.7847821169040574
2023-07-30 00:00:00+00:00,27031.849512742498,0.0,0.0,1.7847821169040574,1.7847821169040574
2023-07-31 00:00:00+00:00,27031.849512742498,0.0,0.0,1.7847821169040574,1.7847821169040574
2023-08-01 00:00:00+00:00,27331.849512742498,300.0,0.0,1.7847821169040572,1.7847821169040572
2023-08-02 00:00:00+00:00,27331.849512742498,0.0,0.0,1.7847821169040572,1.7847821169040572
2023-08-03 00:00:00+00:00,27331.849512742498,0.0,0.0,1.7847821169040572,1.7847821169040572
2023-08-04 00:00:00+00:00,27331.849512742498,0.0,0.0,1.7847821169040572,1.7847821169040572
2023-08-05 00:00:00+00:00,27331.849512742498,0.0,0.0,1.7847821169040572,1.7847821169040572
2023-08-06 00:00:00+00:00,27331.849512742498,0.0,0.0,1.7847821169040572,1.7847821169040572
2023-08-07 00:00:00+00:00,27331.849512742498,0.0,0.0,1.7847821169040572,1.7847821169040572
2023-08-08 00:00:00+00:00,27331.849512742498,0.0,0.0,1.7847821169040572,1.7847821169040572
2023-08-09 00:00:00+00:00,27331.849512742498,0.0,0.0,1.7847821169040572,1.7847821169040572
2023-08-10 00:00:00+00:00,27331.849512742498,0.0,0.0,1.7847821169040572,1.7847821169040572
2023-08-11 00:00:00+00:00,27331.849512742498,0.0,0.0,1.7847821169040572,1.7847821169040572
2023-08-12 00:00:00+00:00,27331.849512742498,0.0,0.0,1.7847821169040572,1.7847821169040572
2023-08-13 00:00:00+00:00,27331.849512742498,0.0,0.0,1.7847821169040572,1.7847821169040572
2023-08-14 00:00:00+00:00,27331.849512742498,0.0,0.0,1.7847821169040572,1.7847821169040572
2023-08-15 00:00:00+00:00,27331.849512742498,0.0,0.0,1.7847821169040572,1.7847821169040572
2023-08-16 00:00:00+00:00,27331.849512742498,0.0,0.0,1.7847821169040572,1.7847821169040572
2023-08-17 00:00:00+00:00,24170.102258712977,0.0,-3161.7472540295203,1.5783185932946675,1.4671110401706946
2023-08-18 00:00:00+00:00,25174.83021292187,0.0,1004.7279542088909,1.6439277824638674,1.5205387158320711
2023-08-19 00:00:00+00:00,24758.04039018947,0.0,-416.7898227323967,1.6167112188071129,1.530509695296524
2023-08-20 00:00:00+00:00,23980.01452082039,0.0,-778.0258693690812,1.5659057781620778,1.5346367152188374
2023-08-21 00:00:00+00:00,24830.649745665127,0.0,850.6352248447365,1.621452642511808,1.55610717112739
2023-08-22 00:00:00+00:00,26430.204598499535,0.0,1599.554852834408,1.7259042967994178,1.6159388863853743
2023-08-23 00:00:00+00:00,24216.039897219052,0.0,-2214.1647012804824,1.581318341835659,1.517114330850474
2023-08-24 00:00:00+00:00,25438.454841877705,0.0,1222.4149446586525,1.6611425897939198,1.5693667444959767
2023-08-25 00:00:00+00:00,25438.454841877705,0.0,0.0,1.6611425897939198,1.6611425897939198
2023-08-26 00:00:00+00:00,25438.454841877705,0.0,0.0,1.6611425897939198,1.6611425897939198
2023-08-27 00:00:00+00:00,25438.454841877705,0.0,0.0,1.6611425897939198,1.6611425897939198
2023-08-28 00:00:00+00:00,25438.454841877705,0.0,0.0,1.6611425897939198,1.6611425897939198
2023-08-29 00:00:00+00:00,25438.454841877705,0.0,0.0,1.6611425897939198,1.6611425897939198
2023-08-30 00:00:00+00:00,25438.454841877705,0.0,0.0,1.6611425897939198,1.6611425897939198
2023-08-31 00:00:00+00:00,25438.454841877705,0.0,0.0,1.6611425897939198,1.6611425897939198
2023-09-01 00:00:00+00:00,25738.454841877705,300.0,0.0,1.6611425897939196,1.6611425897939196
2023-09-02 00:00:00+00:00,25738.454841877705,0.0,0.0,1.6611425897939196,1.6611425897939196
2023-09-03 00:00:00+00:00,25738.454841877705,0.0,0.0,1.6611425897939196,1.6611425897939196
2023-09-04 00:00:00+00:00,25738.454841877705,0.0,0.0,1.6611425897939196,1.6611425897939196
2023-09-05 00:00:00+00:00,25738.454841877705,0.0,0.0,1.6611425897939196,1.6611425897939196
2023-09-06 00:00:00+00:00,25738.454841877705,0.0,0.0,1.6611425897939196,1.6611425897939196
2023-09-07 00:00:00+00:00,25738.454841877705,0.0,0.0,1.6611425897939196,1.6611425897939196
2023-09-08 00:00:00+00:00,25738.454841877705,0.0,0.0,1.6611425897939196,1.6611425897939196
2023-09-09 00:00:00+00:00,25738.454841877705,0.0,0.0,1.6611425897939196,1.6611425897939196
2023-09-10 00:00:00+00:00,25738.454841877705,0.0,0.0,1.6611425897939196,1.6611425897939196
2023-09-11 00:00:00+00:00,25738.454841877705,0.0,0.0,1.6611425897939196,1.6611425897939196
2023-09-12 00:00:00+00:00,25738.454841877705,0.0,0.0,1.6611425897939196,1.6611425897939196
2023-09-13 00:00:00+00:00,25738.454841877705,0.0,0.0,1.6611425897939196,1.6611425897939196
2023-09-14 00:00:00+00:00,25738.454841877705,0.0,0.0,1.6611425897939196,1.6611425897939196
2023-09-15 00:00:00+00:00,25738.454841877705,0.0,0.0,1.6611425897939196,1.6611425897939196
2023-09-16 00:00:00+00:00,25738.454841877705,0.0,0.0,1.6611425897939196,1.6611425897939196
2023-09-17 00:00:00+00:00,25738.454841877705,0.0,0.0,1.6611425897939196,1.6611425897939196
2023-09-18 00:00:00+00:00,26575.979342868017,0.0,837.5245009903119,1.715195858614365,1.643032735953483
2023-09-19 00:00:00+00:00,26300.88483810999,0.0,-275.09450475802805,1.6974414440281282,1.647123144232875
2023-09-20 00:00:00+00:00,27255.614578582386,0.0,954.7297404723977,1.759059060290826,1.6796492912061283
2023-09-21 00:00:00+00:00,29009.155440094204,0.0,1753.5408615118176,1.8722314098314754,1.7499412223023347
2023-09-22 00:00:00+00:00,28604.563650931363,0.0,-404.59178916284145,1.8461193274788936,1.8166444667459438
2023-09-23 00:00:00+00:00,28572.38698323436,0.0,-32.17666769700372,1.8440426669552723,1.8309356686943516
2023-09-24 00:00:00+00:00,29174.26884608833,0.0,601.8818628539702,1.882887718165747,1.822477525632795
2023-09-25 00:00:00+00:00,29298.01533640362,0.0,123.74649031529043,1.890874233543733,1.8631866027483164
2023-09-26 00:00:00+00:00,29298.01533640362,0.0,0.0,1.890874233543733,1.890874233543733
2023-09-27 00:00:00+00:00,29298.01533640362,0.0,0.0,1.890874233543733,1.890874233543733
2023-09-28 00:00:00+00:00,28326.34545721924,0.0,-971.669879184381,1.8281633121053993,1.8037978615800263
2023-09-29 00:00:00+00:00,28326.34545721924,0.0,0.0,1.8281633121053993,1.8281633121053993
2023-09-30 00:00:00+00:00,28326.34545721924,0.0,0.0,1.8281633121053993,1.8281633121053993
2023-10-01 00:00:00+00:00,28626.34545721924,300.0,0.0,1.8281633121053993,1.8281633121053993
2023-10-02 00:00:00+00:00,28626.34545721924,0.0,0.0,1.8281633121053993,1.8281633121053993
2023-10-03 00:00:00+00:00,28626.34545721924,0.0,0.0,1.8281633121053993,1.8281633121053993
2023-10-04 00:00:00+00:00,27293.63350181676,0.0,-1332.7119554024794,1.7430523744863389,1.7269891942195805
2023-10-05 00:00:00+00:00,28709.720790101837,0.0,1416.087288285078,1.8334879081121906,1.7159375367922751
2023-10-06 00:00:00+00:00,26925.09312053077,0.0,-1784.6276695710658,1.7195162928337482,1.7164741993010812
2023-10-07 00:00:00+00:00,27196.391533248134,0.0,271.2984127173622,1.7368422140032362,1.70678128360915
2023-10-08 00:00:00+00:00,27266.60430062441,0.0,70.21276737627704,1.741326209543307,1.7136769677952641
2023-10-09 00:00:00+00:00,29817.390545966035,0.0,2550.7862453416237,1.9042269835078238,1.7327662709953326
2023-10-10 00:00:00+00:00,30433.430586241957,0.0,616.0400402759224,1.9435691273418476,1.8589830698048706
2023-10-11 00:00:00+00:00,30480.160478849433,0.0,46.72989260747636,1.9465534368608983,1.910194268423745
2023-10-12 00:00:00+00:00,31791.10871593951,0.0,1310.9482370900769,2.0302744788883893,1.9407961962983595
2023-10-13 00:00:00+00:00,31196.126364439027,0.0,-594.9823515004828,1.9922771415059792,1.923236921581702
2023-10-14 00:00:00+00:00,31048.36920016494,0.0,-147.7571642740877,1.9828409308227013,1.9788930285238042
2023-10-15 00:00:00+00:00,31048.36920016494,0.0,0.0,1.9828409308227013,1.9828409308227013
2023-10-16 00:00:00+00:00,31048.36920016494,0.0,0.0,1.9828409308227013,1.9828409308227013
2023-10-17 00:00:00+00:00,31048.36920016494,0.0,0.0,1.9828409308227013,1.9828409308227013
2023-10-18 00:00:00+00:00,31048.36920016494,0.0,0.0,1.9828409308227013,1.9828409308227013
2023-10-19 00:00:00+00:00,31048.36920016494,0.0,0.0,1.9828409308227013,1.9828409308227013
2023-10-20 00:00:00+00:00,31048.36920016494,0.0,0.0,1.9828409308227013,1.9828409308227013
2023-10-21 00:00:00+00:00,31048.36920016494,0.0,0.0,1.9828409308227013,1.9828409308227013
2023-10-22 00:00:00+00:00,31048.36920016494,0.0,0.0,1.9828409308227013,1.9828409308227013
2023-10-23 00:00:00+00:00,31048.36920016494,0.0,0.0,1.9828409308227013,1.9828409308227013
2023-10-24 00:00:00+00:00,31048.36920016494,0.0,0.0,1.9828409308227013,1.9828409308227013
2023-10-25 00:00:00+00:00,31048.36920016494,0.0,0.0,1.9828409308227013,1.9828409308227013
2023-10-26 00:00:00+00:00,31048.36920016494,0.0,0.0,1.9828409308227013,1.9828409308227013
2023-10-27 00:00:00+00:00,31048.36920016494,0.0,0.0,1.9828409308227013,1.9828409308227013
2023-10-28 00:00:00+00:00,31048.36920016494,0.0,0.0,1.9828409308227013,1.9828409308227013
2023-10-29 00:00:00+00:00,31048.36920016494,0.0,0.0,1.9828409308227013,1.9828409308227013
2023-10-30 00:00:00+00:00,31048.36920016494,0.0,0.0,1.9828409308227013,1.9828409308227013
2023-10-31 00:00:00+00:00,31048.36920016494,0.0,0.0,1.9828409308227013,1.9828409308227013
2023-11-01 00:00:00+00:00,31348.36920016494,300.0,0.0,1.9828409308227013,1.9828409308227013
2023-11-02 00:00:00+00:00,31348.36920016494,0.0,0.0,1.9828409308227013,1.9828409308227013
2023-11-03 00:00:00+00:00,31348.36920016494,0.0,0.0,1.9828409308227013,1.9828409308227013
2023-11-04 00:00:00+00:00,31348.36920016494,0.0,0.0,1.9828409308227013,1.9828409308227013
2023-11-05 00:00:00+00:00,31348.36920016494,0.0,0.0,1.9828409308227013,1.9828409308227013
2023-11-06 00:00:00+00:00,31348.36920016494,0.0,0.0,1.9828409308227013,1.9828409308227013
2023-11-07 00:00:00+00:00,31348.36920016494,0.0,0.0,1.9828409308227013,1.9828409308227013
2023-11-08 00:00:00+00:00,31348.36920016494,0.0,0.0,1.9828409308227013,1.9828409308227013
2023-11-09 00:00:00+00:00,31348.36920016494,0.0,0.0,1.9828409308227013,1.9828409308227013
2023-11-10 00:00:00+00:00,31348.36920016494,0.0,0.0,1.9828409308227013,1.9828409308227013
2023-11-11 00:00:00+00:00,31348.36920016494,0.0,0.0,1.9828409308227013,1.9828409308227013
2023-11-12 00:00:00+00:00,31348.36920016494,0.0,0.0,1.9828409308227013,1.9828409308227013
2023-11-13 00:00:00+00:00,31348.36920016494,0.0,0.0,1.9828409308227013,1.9828409308227013
2023-11-14 00:00:00+00:00,31348.36920016494,0.0,0.0,1.9828409308227013,1.9828409308227013
2023-11-15 00:00:00+00:00,31348.36920016494,0.0,0.0,1.9828409308227013,1.9828409308227013
2023-11-16 00:00:00+00:00,31348.36920016494,0.0,0.0,1.9828409308227013,1.9828409308227013
2023-11-17 00:00:00+00:00,31348.36920016494,0.0,0.0,1.9828409308227013,1.9828409308227013
2023-11-18 00:00:00+00:00,31348.36920016494,0.0,0.0,1.9828409308227013,1.9828409308227013
2023-11-19 00:00:00+00:00,31348.36920016494,0.0,0.0,1.9828409308227013,1.9828409308227013
2023-11-20 00:00:00+00:00,31348.36920016494,0.0,0.0,1.9828409308227013,1.9828409308227013
2023-11-21 00:00:00+00:00,31348.36920016494,0.0,0.0,1.9828409308227013,1.9828409308227013
2023-11-22 00:00:00+00:00,31348.36920016494,0.0,0.0,1.9828409308227013,1.9828409308227013
2023-11-23 00:00:00+00:00,31348.36920016494,0.0,0.0,1.9828409308227013,1.9828409308227013
2023-11-24 00:00:00+00:00,31348.36920016494,0.0,0.0,1.9828409308227013,1.9828409308227013
2023-11-25 00:00:00+00:00,31348.36920016494,0.0,0.0,1.9828409308227013,1.9828409308227013
2023-11-26 00:00:00+00:00,31348.36920016494,0.0,0.0,1.9828409308227013,1.9828409308227013
2023-11-27 00:00:00+00:00,31348.36920016494,0.0,0.0,1.9828409308227013,1.9828409308227013
2023-11-28 00:00:00+00:00,31348.36920016494,0.0,0.0,1.9828409308227013,1.9828409308227013
2023-11-29 00:00:00+00:00,31348.36920016494,0.0,0.0,1.9828409308227013,1.9828409308227013
2023-11-30 00:00:00+00:00,31348.36920016494,0.0,0.0,1.9828409308227013,1.9828409308227013
2023-12-01 00:00:00+00:00,31648.36920016494,300.0,0.0,1.9828409308227013,1.9828409308227013
2023-12-02 00:00:00+00:00,31648.36920016494,0.0,0.0,1.9828409308227013,1.9828409308227013
2023-12-03 00:00:00+00:00,31648.36920016494,0.0,0.0,1.9828409308227013,1.9828409308227013
2023-12-04 00:00:00+00:00,31648.36920016494,0.0,0.0,1.9828409308227013,1.9828409308227013
2023-12-05 00:00:00+00:00,31648.36920016494,0.0,0.0,1.9828409308227013,1.9828409308227013
2023-12-06 00:00:00+00:00,31648.36920016494,0.0,0.0,1.9828409308227013,1.9828409308227013
2023-12-07 00:00:00+00:00,31648.36920016494,0.0,0.0,1.9828409308227013,1.9828409308227013
2023-12-08 00:00:00+00:00,31648.36920016494,0.0,0.0,1.9828409308227013,1.9828409308227013
2023-12-09 00:00:00+00:00,31648.36920016494,0.0,0.0,1.9828409308227013,1.9828409308227013
2023-12-10 00:00:00+00:00,31648.36920016494,0.0,0.0,1.9828409308227013,1.9828409308227013
2023-12-11 00:00:00+00:00,31648.36920016494,0.0,0.0,1.9828409308227013,1.9828409308227013
2023-12-12 00:00:00+00:00,31648.36920016494,0.0,0.0,1.9828409308227013,1.9828409308227013
2023-12-13 00:00:00+00:00,31648.36920016494,0.0,0.0,1.9828409308227013,1.9828409308227013
2023-12-14 00:00:00+00:00,31648.36920016494,0.0,0.0,1.9828409308227013,1.9828409308227013
2023-12-15 00:00:00+00:00,31648.36920016494,0.0,0.0,1.9828409308227013,1.9828409308227013
2023-12-16 00:00:00+00:00,31648.36920016494,0.0,0.0,1.9828409308227013,1.9828409308227013
2023-12-17 00:00:00+00:00,31648.36920016494,0.0,0.0,1.9828409308227013,1.9828409308227013
2023-12-18 00:00:00+00:00,31648.36920016494,0.0,0.0,1.9828409308227013,1.9828409308227013
2023-12-19 00:00:00+00:00,31648.36920016494,0.0,0.0,1.9828409308227013,1.9828409308227013
2023-12-20 00:00:00+00:00,31648.36920016494,0.0,0.0,1.9828409308227013,1.9828409308227013
2023-12-21 00:00:00+00:00,31648.36920016494,0.0,0.0,1.9828409308227013,1.9828409308227013
2023-12-22 00:00:00+00:00,31648.36920016494,0.0,0.0,1.9828409308227013,1.9828409308227013
2023-12-23 00:00:00+00:00,31648.36920016494,0.0,0.0,1.9828409308227013,1.9828409308227013
2023-12-24 00:00:00+00:00,31648.36920016494,0.0,0.0,1.9828409308227013,1.9828409308227013
2023-12-25 00:00:00+00:00,31648.36920016494,0.0,0.0,1.9828409308227013,1.9828409308227013
2023-12-26 00:00:00+00:00,31648.36920016494,0.0,0.0,1.9828409308227013,1.9828409308227013
2023-12-27 00:00:00+00:00,31648.36920016494,0.0,0.0,1.9828409308227013,1.9828409308227013
2023-12-28 00:00:00+00:00,31648.36920016494,0.0,0.0,1.9828409308227013,1.9828409308227013
2023-12-29 00:00:00+00:00,31648.36920016494,0.0,0.0,1.9828409308227013,1.9828409308227013
2023-12-30 00:00:00+00:00,31648.36920016494,0.0,0.0,1.9828409308227013,1.9828409308227013
2023-12-31 00:00:00+00:00,31648.36920016494,0.0,0.0,1.9828409308227013,1.9828409308227013
2024-01-01 00:00:00+00:00,31948.36920016494,300.0,0.0,1.9828409308227013,1.9828409308227013
2024-01-02 00:00:00+00:00,31948.36920016494,0.0,0.0,1.9828409308227013,1.9828409308227013
2024-01-03 00:00:00+00:00,31948.36920016494,0.0,0.0,1.9828409308227013,1.9828409308227013
2024-01-04 00:00:00+00:00,31948.36920016494,0.0,0.0,1.9828409308227013,1.9828409308227013
2024-01-05 00:00:00+00:00,31948.36920016494,0.0,0.0,1.9828409308227013,1.9828409308227013
2024-01-06 00:00:00+00:00,31948.36920016494,0.0,0.0,1.9828409308227013,1.9828409308227013
2024-01-07 00:00:00+00:00,31948.36920016494,0.0,0.0,1.9828409308227013,1.9828409308227013
2024-01-08 00:00:00+00:00,31948.36920016494,0.0,0.0,1.9828409308227013,1.9828409308227013
2024-01-09 00:00:00+00:00,31948.36920016494,0.0,0.0,1.9828409308227013,1.9828409308227013
2024-01-10 00:00:00+00:00,31948.36920016494,0.0,0.0,1.9828409308227013,1.9828409308227013
2024-01-11 00:00:00+00:00,31948.36920016494,0.0,0.0,1.9828409308227013,1.9828409308227013
2024-01-12 00:00:00+00:00,31948.36920016494,0.0,0.0,1.9828409308227013,1.9828409308227013
2024-01-13 00:00:00+00:00,31948.36920016494,0.0,0.0,1.9828409308227013,1.9828409308227013
2024-01-14 00:00:00+00:00,31948.36920016494,0.0,0.0,1.9828409308227013,1.9828409308227013
2024-01-15 00:00:00+00:00,31948.36920016494,0.0,0.0,1.9828409308227013,1.9828409308227013
2024-01-16 00:00:00+00:00,31948.36920016494,0.0,0.0,1.9828409308227013,1.9828409308227013
2024-01-17 00:00:00+00:00,31948.36920016494,0.0,0.0,1.9828409308227013,1.9828409308227013
2024-01-18 00:00:00+00:00,31948.36920016494,0.0,0.0,1.9828409308227013,1.9828409308227013
2024-01-19 00:00:00+00:00,31948.36920016494,0.0,0.0,1.9828409308227013,1.9828409308227013
2024-01-20 00:00:00+00:00,31948.36920016494,0.0,0.0,1.9828409308227013,1.9828409308227013
2024-01-21 00:00:00+00:00,31948.36920016494,0.0,0.0,1.9828409308227013,1.9828409308227013
2024-01-22 00:00:00+00:00,31948.36920016494,0.0,0.0,1.9828409308227013,1.9828409308227013
2024-01-23 00:00:00+00:00,31948.36920016494,0.0,0.0,1.9828409308227013,1.9828409308227013
2024-01-24 00:00:00+00:00,31948.36920016494,0.0,0.0,1.9828409308227013,1.9828409308227013
2024-01-25 00:00:00+00:00,31948.36920016494,0.0,0.0,1.9828409308227013,1.9828409308227013
2024-01-26 00:00:00+00:00,31948.36920016494,0.0,0.0,1.9828409308227013,1.9828409308227013
2024-01-27 00:00:00+00:00,31948.36920016494,0.0,0.0,1.9828409308227013,1.9828409308227013
2024-01-28 00:00:00+00:00,31948.36920016494,0.0,0.0,1.9828409308227013,1.9828409308227013
2024-01-29 00:00:00+00:00,31948.36920016494,0.0,0.0,1.9828409308227013,1.9828409308227013
2024-01-30 00:00:00+00:00,31948.36920016494,0.0,0.0,1.9828409308227013,1.9828409308227013
2024-01-31 00:00:00+00:00,31948.36920016494,0.0,0.0,1.9828409308227013,1.9828409308227013
2024-02-01 00:00:00+00:00,32248.36920016494,300.0,0.0,1.9828409308227013,1.9828409308227013
2024-02-02 00:00:00+00:00,32248.36920016494,0.0,0.0,1.9828409308227013,1.9828409308227013
2024-02-03 00:00:00+00:00,32248.36920016494,0.0,0.0,1.9828409308227013,1.9828409308227013
2024-02-04 00:00:00+00:00,32248.36920016494,0.0,0.0,1.9828409308227013,1.9828409308227013
2024-02-05 00:00:00+00:00,32248.36920016494,0.0,0.0,1.9828409308227013,1.9828409308227013
2024-02-06 00:00:00+00:00,32248.36920016494,0.0,0.0,1.9828409308227013,1.9828409308227013
2024-02-07 00:00:00+00:00,32248.36920016494,0.0,0.0,1.9828409308227013,1.9828409308227013
2024-02-08 00:00:00+00:00,32248.36920016494,0.0,0.0,1.9828409308227013,1.9828409308227013
2024-02-09 00:00:00+00:00,32248.36920016494,0.0,0.0,1.9828409308227013,1.9828409308227013
2024-02-10 00:00:00+00:00,32248.36920016494,0.0,0.0,1.9828409308227013,1.9828409308227013
2024-02-11 00:00:00+00:00,32248.36920016494,0.0,0.0,1.9828409308227013,1.9828409308227013
2024-02-12 00:00:00+00:00,32248.36920016494,0.0,0.0,1.9828409308227013,1.9828409308227013
2024-02-13 00:00:00+00:00,32248.36920016494,0.0,0.0,1.9828409308227013,1.9828409308227013
2024-02-14 00:00:00+00:00,32248.36920016494,0.0,0.0,1.9828409308227013,1.9828409308227013
2024-02-15 00:00:00+00:00,32248.36920016494,0.0,0.0,1.9828409308227013,1.9828409308227013
2024-02-16 00:00:00+00:00,32248.36920016494,0.0,0.0,1.9828409308227013,1.9828409308227013
2024-02-17 00:00:00+00:00,32248.36920016494,0.0,0.0,1.9828409308227013,1.9828409308227013
2024-02-18 00:00:00+00:00,32248.36920016494,0.0,0.0,1.9828409308227013,1.9828409308227013
2024-02-19 00:00:00+00:00,32248.36920016494,0.0,0.0,1.9828409308227013,1.9828409308227013
2024-02-20 00:00:00+00:00,32248.36920016494,0.0,0.0,1.9828409308227013,1.9828409308227013
2024-02-21 00:00:00+00:00,32248.36920016494,0.0,0.0,1.9828409308227013,1.9828409308227013
2024-02-22 00:00:00+00:00,32248.36920016494,0.0,0.0,1.9828409308227013,1.9828409308227013
2024-02-23 00:00:00+00:00,32248.36920016494,0.0,0.0,1.9828409308227013,1.9828409308227013
2024-02-24 00:00:00+00:00,32248.36920016494,0.0,0.0,1.9828409308227013,1.9828409308227013
2024-02-25 00:00:00+00:00,32248.36920016494,0.0,0.0,1.9828409308227013,1.9828409308227013
2024-02-26 00:00:00+00:00,32248.36920016494,0.0,0.0,1.9828409308227013,1.9828409308227013
2024-02-27 00:00:00+00:00,32248.36920016494,0.0,0.0,1.9828409308227013,1.9828409308227013
2024-02-28 00:00:00+00:00,32248.36920016494,0.0,0.0,1.9828409308227013,1.9828409308227013
2024-02-29 00:00:00+00:00,32248.36920016494,0.0,0.0,1.9828409308227013,1.9828409308227013
2024-03-01 00:00:00+00:00,32548.36920016494,300.0,0.0,1.982840930822701,1.982840930822701
2024-03-02 00:00:00+00:00,32548.36920016494,0.0,0.0,1.982840930822701,1.982840930822701
2024-03-03 00:00:00+00:00,32548.36920016494,0.0,0.0,1.982840930822701,1.982840930822701
2024-03-04 00:00:00+00:00,32548.36920016494,0.0,0.0,1.982840930822701,1.982840930822701
2024-03-05 00:00:00+00:00,32548.36920016494,0.0,0.0,1.982840930822701,1.982840930822701
2024-03-06 00:00:00+00:00,32548.36920016494,0.0,0.0,1.982840930822701,1.982840930822701
2024-03-07 00:00:00+00:00,32548.36920016494,0.0,0.0,1.982840930822701,1.982840930822701
2024-03-08 00:00:00+00:00,32548.36920016494,0.0,0.0,1.982840930822701,1.982840930822701
2024-03-09 00:00:00+00:00,32548.36920016494,0.0,0.0,1.982840930822701,1.982840930822701
2024-03-10 00:00:00+00:00,32548.36920016494,0.0,0.0,1.982840930822701,1.982840930822701
2024-03-11 00:00:00+00:00,32548.36920016494,0.0,0.0,1.982840930822701,1.982840930822701
2024-03-12 00:00:00+00:00,32548.36920016494,0.0,0.0,1.982840930822701,1.982840930822701
2024-03-13 00:00:00+00:00,32548.36920016494,0.0,0.0,1.982840930822701,1.982840930822701
2024-03-14 00:00:00+00:00,32548.36920016494,0.0,0.0,1.982840930822701,1.982840930822701
2024-03-15 00:00:00+00:00,32548.36920016494,0.0,0.0,1.982840930822701,1.982840930822701
2024-03-16 00:00:00+00:00,32548.36920016494,0.0,0.0,1.982840930822701,1.982840930822701
2024-03-17 00:00:00+00:00,32548.36920016494,0.0,0.0,1.982840930822701,1.982840930822701
2024-03-18 00:00:00+00:00,32548.36920016494,0.0,0.0,1.982840930822701,1.982840930822701
2024-03-19 00:00:00+00:00,32548.36920016494,0.0,0.0,1.982840930822701,1.982840930822701
2024-03-20 00:00:00+00:00,32548.36920016494,0.0,0.0,1.982840930822701,1.982840930822701
2024-03-21 00:00:00+00:00,32548.36920016494,0.0,0.0,1.982840930822701,1.982840930822701
2024-03-22 00:00:00+00:00,32548.36920016494,0.0,0.0,1.982840930822701,1.982840930822701
2024-03-23 00:00:00+00:00,32548.36920016494,0.0,0.0,1.982840930822701,1.982840930822701
2024-03-24 00:00:00+00:00,32548.36920016494,0.0,0.0,1.982840930822701,1.982840930822701
2024-03-25 00:00:00+00:00,32548.36920016494,0.0,0.0,1.982840930822701,1.982840930822701
2024-03-26 00:00:00+00:00,32548.36920016494,0.0,0.0,1.982840930822701,1.982840930822701
2024-03-27 00:00:00+00:00,32548.36920016494,0.0,0.0,1.982840930822701,1.982840930822701
2024-03-28 00:00:00+00:00,32548.36920016494,0.0,0.0,1.982840930822701,1.982840930822701
2024-03-29 00:00:00+00:00,32548.36920016494,0.0,0.0,1.982840930822701,1.982840930822701
2024-03-30 00:00:00+00:00,32548.36920016494,0.0,0.0,1.982840930822701,1.982840930822701
2024-03-31 00:00:00+00:00,32548.36920016494,0.0,0.0,1.982840930822701,1.982840930822701
2024-04-01 00:00:00+00:00,32848.36920016494,300.0,0.0,1.982840930822701,1.982840930822701
2024-04-02 00:00:00+00:00,32848.36920016494,0.0,0.0,1.982840930822701,1.982840930822701
2024-04-03 00:00:00+00:00,32848.36920016494,0.0,0.0,1.982840930822701,1.982840930822701
2024-04-04 00:00:00+00:00,32848.36920016494,0.0,0.0,1.982840930822701,1.982840930822701
2024-04-05 00:00:00+00:00,32848.36920016494,0.0,0.0,1.982840930822701,1.982840930822701
2024-04-06 00:00:00+00:00,32848.36920016494,0.0,0.0,1.982840930822701,1.982840930822701
2024-04-07 00:00:00+00:00,32848.36920016494,0.0,0.0,1.982840930822701,1.982840930822701
2024-04-08 00:00:00+00:00,32848.36920016494,0.0,0.0,1.982840930822701,1.982840930822701
2024-04-09 00:00:00+00:00,32848.36920016494,0.0,0.0,1.982840930822701,1.982840930822701
2024-04-10 00:00:00+00:00,32848.36920016494,0.0,0.0,1.982840930822701,1.982840930822701
2024-04-11 00:00:00+00:00,32848.36920016494,0.0,0.0,1.982840930822701,1.982840930822701
2024-04-12 00:00:00+00:00,32848.36920016494,0.0,0.0,1.982840930822701,1.982840930822701
2024-04-13 00:00:00+00:00,32848.36920016494,0.0,0.0,1.982840930822701,1.982840930822701
2024-04-14 00:00:00+00:00,32848.36920016494,0.0,0.0,1.982840930822701,1.982840930822701
2024-04-15 00:00:00+00:00,32848.36920016494,0.0,0.0,1.982840930822701,1.982840930822701
2024-04-16 00:00:00+00:00,32848.36920016494,0.0,0.0,1.982840930822701,1.982840930822701
2024-04-17 00:00:00+00:00,32848.36920016494,0.0,0.0,1.982840930822701,1.982840930822701
2024-04-18 00:00:00+00:00,32848.36920016494,0.0,0.0,1.982840930822701,1.982840930822701
2024-04-19 00:00:00+00:00,32848.36920016494,0.0,0.0,1.982840930822701,1.982840930822701
2024-04-20 00:00:00+00:00,32848.36920016494,0.0,0.0,1.982840930822701,1.982840930822701
2024-04-21 00:00:00+00:00,32848.36920016494,0.0,0.0,1.982840930822701,1.982840930822701
2024-04-22 00:00:00+00:00,32848.36920016494,0.0,0.0,1.982840930822701,1.982840930822701
2024-04-23 00:00:00+00:00,32848.36920016494,0.0,0.0,1.982840930822701,1.982840930822701
2024-04-24 00:00:00+00:00,32848.36920016494,0.0,0.0,1.982840930822701,1.982840930822701
2024-04-25 00:00:00+00:00,32848.36920016494,0.0,0.0,1.982840930822701,1.982840930822701
2024-04-26 00:00:00+00:00,32848.36920016494,0.0,0.0,1.982840930822701,1.982840930822701
2024-04-27 00:00:00+00:00,32848.36920016494,0.0,0.0,1.982840930822701,1.982840930822701
2024-04-28 00:00:00+00:00,32848.36920016494,0.0,0.0,1.982840930822701,1.982840930822701
2024-04-29 00:00:00+00:00,32948.98025855835,0.0,100.61105839341326,1.9889141615350145,1.954828013227563
2024-04-30 00:00:00+00:00,39009.90519110979,0.0,6060.924932551439,2.3547725078557953,1.9274433443465242
2024-05-01 00:00:00+00:00,40565.434641696,300.0,1255.5294505862112,2.429982479126761,2.338163913300912
2024-05-02 00:00:00+00:00,40166.51489552511,0.0,-398.91974617089,2.4060860756410065,2.351926483094847
2024-05-03 00:00:00+00:00,36693.24343797388,0.0,-3473.2714575512364,2.1980274448966597,2.1547067455166133
2024-05-04 00:00:00+00:00,36291.37286088869,0.0,-401.8705770851884,2.173954278423304,2.0813726429599306
2024-05-05 00:00:00+00:00,35728.058609785214,0.0,-563.3142511034748,2.140210186377588,2.0763471621732688
2024-05-06 00:00:00+00:00,38461.94010932177,0.0,2733.8814995365537,2.3039772999944157,2.0873261672272454
2024-05-07 00:00:00+00:00,40363.30302814455,0.0,1901.362918822786,2.417874232691191,2.171283029027961
2024-05-08 00:00:00+00:00,41438.26129555561,0.0,1074.958267411057,2.4822672258557805,2.3547212468797887
2024-05-09 00:00:00+00:00,39423.99101391407,0.0,-2014.2702816415404,2.3616068277644553,2.315383035031125
2024-05-10 00:00:00+00:00,43641.79108125362,0.0,4217.800067339551,2.6142647951848255,2.325542002134441
2024-05-11 00:00:00+00:00,43573.86800878724,0.0,-67.92307246637938,2.610196014029647,2.543702989921094
2024-05-12 00:00:00+00:00,43056.33237893682,0.0,-517.5356298504194,2.5791941888558645,2.5267277422377368
2024-05-13 00:00:00+00:00,41858.76492258022,0.0,-1197.567456356599,2.5074565638994746,2.4455373734286128
2024-05-14 00:00:00+00:00,41858.76492258022,0.0,0.0,2.5074565638994746,2.5074565638994746
2024-05-15 00:00:00+00:00,41858.76492258022,0.0,0.0,2.5074565638994746,2.5074565638994746
2024-05-16 00:00:00+00:00,41858.76492258022,0.0,0.0,2.5074565638994746,2.5074565638994746
2024-05-17 00:00:00+00:00,40387.7470615315,0.0,-1471.01786104872,2.4193384983492354,2.4178333169270276
2024-05-18 00:00:00+00:00,40387.7470615315,0.0,0.0,2.4193384983492354,2.4193384983492354
2024-05-19 00:00:00+00:00,39656.47514067507,0.0,-731.2719208564304,2.375533274250096,2.3659188349669247
2024-05-20 00:00:00+00:00,39153.5400854281,0.0,-502.93505524696957,2.34540606414663,2.338689736519631
2024-05-21 00:00:00+00:00,39153.5400854281,0.0,0.0,2.34540606414663,2.34540606414663
2024-05-22 00:00:00+00:00,39153.5400854281,0.0,0.0,2.34540606414663,2.34540606414663
2024-05-23 00:00:00+00:00,39153.5400854281,0.0,0.0,2.34540606414663,2.34540606414663
2024-05-24 00:00:00+00:00,39153.5400854281,0.0,0.0,2.34540606414663,2.34540606414663
2024-05-25 00:00:00+00:00,39153.5400854281,0.0,0.0,2.34540606414663,2.34540606414663
2024-05-26 00:00:00+00:00,39153.5400854281,0.0,0.0,2.34540606414663,2.34540606414663
2024-05-27 00:00:00+00:00,39153.5400854281,0.0,0.0,2.34540606414663,2.34540606414663
2024-05-28 00:00:00+00:00,39153.5400854281,0.0,0.0,2.34540606414663,2.34540606414663
2024-05-29 00:00:00+00:00,39153.5400854281,0.0,0.0,2.34540606414663,2.34540606414663
2024-05-30 00:00:00+00:00,39153.5400854281,0.0,0.0,2.34540606414663,2.34540606414663
2024-05-31 00:00:00+00:00,39153.5400854281,0.0,0.0,2.34540606414663,2.34540606414663
2024-06-01 00:00:00+00:00,39453.5400854281,300.0,0.0,2.34540606414663,2.34540606414663
2024-06-02 00:00:00+00:00,39453.5400854281,0.0,0.0,2.34540606414663,2.34540606414663
2024-06-03 00:00:00+00:00,39453.5400854281,0.0,0.0,2.34540606414663,2.34540606414663
2024-06-04 00:00:00+00:00,39453.5400854281,0.0,0.0,2.34540606414663,2.34540606414663
2024-06-05 00:00:00+00:00,39453.5400854281,0.0,0.0,2.34540606414663,2.34540606414663
2024-06-06 00:00:00+00:00,39453.5400854281,0.0,0.0,2.34540606414663,2.34540606414663
2024-06-07 00:00:00+00:00,39453.5400854281,0.0,0.0,2.34540606414663,2.34540606414663
2024-06-08 00:00:00+00:00,39453.5400854281,0.0,0.0,2.34540606414663,2.34540606414663
2024-06-09 00:00:00+00:00,39453.5400854281,0.0,0.0,2.34540606414663,2.34540606414663
2024-06-10 00:00:00+00:00,39453.5400854281,0.0,0.0,2.34540606414663,2.34540606414663
2024-06-11 00:00:00+00:00,39453.5400854281,0.0,0.0,2.34540606414663,2.34540606414663
2024-06-12 00:00:00+00:00,39453.5400854281,0.0,0.0,2.34540606414663,2.34540606414663
2024-06-13 00:00:00+00:00,39453.5400854281,0.0,0.0,2.34540606414663,2.34540606414663
2024-06-14 00:00:00+00:00,39453.5400854281,0.0,0.0,2.34540606414663,2.34540606414663
2024-06-15 00:00:00+00:00,39453.5400854281,0.0,0.0,2.34540606414663,2.34540606414663
2024-06-16 00:00:00+00:00,39453.5400854281,0.0,0.0,2.34540606414663,2.34540606414663
2024-06-17 00:00:00+00:00,39453.5400854281,0.0,0.0,2.34540606414663,2.34540606414663
2024-06-18 00:00:00+00:00,39453.5400854281,0.0,0.0,2.34540606414663,2.34540606414663
2024-06-19 00:00:00+00:00,39453.5400854281,0.0,0.0,2.34540606414663,2.34540606414663
2024-06-20 00:00:00+00:00,39453.5400854281,0.0,0.0,2.34540606414663,2.34540606414663
2024-06-21 00:00:00+00:00,39453.5400854281,0.0,0.0,2.34540606414663,2.34540606414663
2024-06-22 00:00:00+00:00,39453.5400854281,0.0,0.0,2.34540606414663,2.34540606414663
2024-06-23 00:00:00+00:00,39453.5400854281,0.0,0.0,2.34540606414663,2.34540606414663
2024-06-24 00:00:00+00:00,39453.5400854281,0.0,0.0,2.34540606414663,2.34540606414663
2024-06-25 00:00:00+00:00,39453.5400854281,0.0,0.0,2.34540606414663,2.34540606414663
2024-06-26 00:00:00+00:00,39453.5400854281,0.0,0.0,2.34540606414663,2.34540606414663
2024-06-27 00:00:00+00:00,39453.5400854281,0.0,0.0,2.34540606414663,2.34540606414663
2024-06-28 00:00:00+00:00,39453.5400854281,0.0,0.0,2.34540606414663,2.34540606414663
2024-06-29 00:00:00+00:00,39453.5400854281,0.0,0.0,2.34540606414663,2.34540606414663
2024-06-30 00:00:00+00:00,39453.5400854281,0.0,0.0,2.34540606414663,2.34540606414663
2024-07-01 00:00:00+00:00,39753.5400854281,300.0,0.0,2.34540606414663,2.34540606414663
2024-07-02 00:00:00+00:00,39753.5400854281,0.0,0.0,2.34540606414663,2.34540606414663
2024-07-03 00:00:00+00:00,39753.5400854281,0.0,0.0,2.34540606414663,2.34540606414663
2024-07-04 00:00:00+00:00,39753.5400854281,0.0,0.0,2.34540606414663,2.34540606414663
2024-07-05 00:00:00+00:00,37531.099195431256,0.0,-2222.4408899968475,2.2142850034963177,2.163487761026454
2024-07-06 00:00:00+00:00,34568.431269447596,0.0,-2962.66792598366,2.0394915308968327,2.0187308666040176
2024-07-07 00:00:00+00:00,34568.431269447596,0.0,0.0,2.0394915308968327,2.0394915308968327
2024-07-08 00:00:00+00:00,34568.431269447596,0.0,0.0,2.0394915308968327,2.0394915308968327
2024-07-09 00:00:00+00:00,34568.431269447596,0.0,0.0,2.0394915308968327,2.0394915308968327
2024-07-10 00:00:00+00:00,34568.431269447596,0.0,0.0,2.0394915308968327,2.0394915308968327
2024-07-11 00:00:00+00:00,34568.431269447596,0.0,0.0,2.0394915308968327,2.0394915308968327
2024-07-12 00:00:00+00:00,34568.431269447596,0.0,0.0,2.0394915308968327,2.0394915308968327
2024-07-13 00:00:00+00:00,34568.431269447596,0.0,0.0,2.0394915308968327,2.0394915308968327
2024-07-14 00:00:00+00:00,34568.431269447596,0.0,0.0,2.0394915308968327,2.0394915308968327
2024-07-15 00:00:00+00:00,34568.431269447596,0.0,0.0,2.0394915308968327,2.0394915308968327
2024-07-16 00:00:00+00:00,34568.431269447596,0.0,0.0,2.0394915308968327,2.0394915308968327
2024-07-17 00:00:00+00:00,34568.431269447596,0.0,0.0,2.0394915308968327,2.0394915308968327
2024-07-18 00:00:00+00:00,34568.431269447596,0.0,0.0,2.0394915308968327,2.0394915308968327
2024-07-19 00:00:00+00:00,34568.431269447596,0.0,0.0,2.0394915308968327,2.0394915308968327
2024-07-20 00:00:00+00:00,34568.431269447596,0.0,0.0,2.0394915308968327,2.0394915308968327
2024-07-21 00:00:00+00:00,34568.431269447596,0.0,0.0,2.0394915308968327,2.0394915308968327
2024-07-22 00:00:00+00:00,34568.431269447596,0.0,0.0,2.0394915308968327,2.0394915308968327
2024-07-23 00:00:00+00:00,34568.431269447596,0.0,0.0,2.0394915308968327,2.0394915308968327
2024-07-24 00:00:00+00:00,34506.0448435116,0.0,-62.38642593599798,2.0358108146286393,2.0294783219887167
2024-07-25 00:00:00+00:00,39392.07421054103,0.0,4886.029367029434,2.324080057629465,2.024755812581285
2024-07-26 00:00:00+00:00,36391.96784745722,0.0,-3000.1063630838107,2.1470777669670316,2.1265749939748906
2024-07-27 00:00:00+00:00,37161.16636255515,0.0,769.1985150979308,2.192459457703665,2.052521599655328
2024-07-28 00:00:00+00:00,36577.50477772876,0.0,-583.66158482639,2.1580241994217735,2.1313316307870633
2024-07-29 00:00:00+00:00,33593.50676769079,0.0,-2983.998010037969,1.981972280193832,1.9491450062169926
2024-07-30 00:00:00+00:00,33432.12509946534,0.0,-161.38166822545463,1.9724509761166429,1.8891505310171801
2024-07-31 00:00:00+00:00,34250.934452860005,0.0,818.8093533946667,2.0207596404193673,1.8522651748508483
2024-08-01 00:00:00+00:00,35400.95521783356,300.0,850.020764973553,2.070474438858748,2.004343107815287
2024-08-02 00:00:00+00:00,41406.26506516489,0.0,6005.309847331329,2.421703394682589,2.0461856333109707
2024-08-03 00:00:00+00:00,43844.44694618528,0.0,2438.1818810203913,2.5643038762480748,2.376181658306611
2024-08-04 00:00:00+00:00,49870.773892067715,0.0,6026.326945882436,2.916762046511506,2.513795534872129
2024-08-05 00:00:00+00:00,57427.789114715124,0.0,7557.015222647409,3.3587446641069714,2.9030213637918862
2024-08-06 00:00:00+00:00,56230.191259584644,0.0,-1197.5978551304797,3.288701476520027,3.136684830812383
2024-08-07 00:00:00+00:00,58180.27349519224,0.0,1950.082235607595,3.4027547668240152,3.1422386045719115
2024-08-08 00:00:00+00:00,58180.27349519224,0.0,0.0,3.4027547668240152,3.4027547668240152
2024-08-09 00:00:00+00:00,58180.27349519224,0.0,0.0,3.4027547668240152,3.4027547668240152
2024-08-10 00:00:00+00:00,58180.27349519224,0.0,0.0,3.4027547668240152,3.4027547668240152
2024-08-11 00:00:00+00:00,58180.27349519224,0.0,0.0,3.4027547668240152,3.4027547668240152
2024-08-12 00:00:00+00:00,58180.27349519224,0.0,0.0,3.4027547668240152,3.4027547668240152
2024-08-13 00:00:00+00:00,58180.27349519224,0.0,0.0,3.4027547668240152,3.4027547668240152
2024-08-14 00:00:00+00:00,58180.27349519224,0.0,0.0,3.4027547668240152,3.4027547668240152
2024-08-15 00:00:00+00:00,58180.27349519224,0.0,0.0,3.4027547668240152,3.4027547668240152
2024-08-16 00:00:00+00:00,58180.27349519224,0.0,0.0,3.4027547668240152,3.4027547668240152
2024-08-17 00:00:00+00:00,58180.27349519224,0.0,0.0,3.4027547668240152,3.4027547668240152
2024-08-18 00:00:00+00:00,58180.27349519224,0.0,0.0,3.4027547668240152,3.4027547668240152
2024-08-19 00:00:00+00:00,58180.27349519224,0.0,0.0,3.4027547668240152,3.4027547668240152
2024-08-20 00:00:00+00:00,58180.27349519224,0.0,0.0,3.4027547668240152,3.4027547668240152
2024-08-21 00:00:00+00:00,58180.27349519224,0.0,0.0,3.4027547668240152,3.4027547668240152
2024-08-22 00:00:00+00:00,58180.27349519224,0.0,0.0,3.4027547668240152,3.4027547668240152
2024-08-23 00:00:00+00:00,58180.27349519224,0.0,0.0,3.4027547668240152,3.4027547668240152
2024-08-24 00:00:00+00:00,55379.22298277498,0.0,-2801.050512417256,3.238931405216231,3.2310990191894544
2024-08-25 00:00:00+00:00,56753.576709307,0.0,1374.3537265320192,3.3193124074582645,3.154025149603274
2024-08-26 00:00:00+00:00,60777.69691668917,0.0,4024.1202073821696,3.5546687128746366,3.262291598221812
2024-08-27 00:00:00+00:00,74530.25299953936,0.0,13752.556082850184,4.359006213467516,3.487445333297046
2024-08-28 00:00:00+00:00,70166.09374494618,0.0,-4364.159254593178,4.103762248208858,4.008956231540189
2024-08-29 00:00:00+00:00,70176.82740409194,0.0,10.733659145756974,4.104390021294639,3.863078376649302
2024-08-30 00:00:00+00:00,70305.36609117965,0.0,128.53868708771188,4.111907786405268,4.046507706227775
2024-08-31 00:00:00+00:00,70727.35104329907,0.0,421.98495211942645,4.136588167247257,4.0828609123021735
2024-09-01 00:00:00+00:00,71027.35104329907,300.0,0.0,4.136588167247257,4.136588167247257
2024-09-02 00:00:00+00:00,71027.35104329907,0.0,0.0,4.136588167247257,4.136588167247257
2024-09-03 00:00:00+00:00,71027.35104329907,0.0,0.0,4.136588167247257,4.136588167247257
2024-09-04 00:00:00+00:00,71027.35104329907,0.0,0.0,4.136588167247257,4.136588167247257
2024-09-05 00:00:00+00:00,71027.35104329907,0.0,0.0,4.136588167247257,4.136588167247257
2024-09-06 00:00:00+00:00,71027.35104329907,0.0,0.0,4.136588167247257,4.136588167247257
2024-09-07 00:00:00+00:00,71027.35104329907,0.0,0.0,4.136588167247257,4.136588167247257
2024-09-08 00:00:00+00:00,71027.35104329907,0.0,0.0,4.136588167247257,4.136588167247257
2024-09-09 00:00:00+00:00,71027.35104329907,0.0,0.0,4.136588167247257,4.136588167247257
2024-09-10 00:00:00+00:00,71027.35104329907,0.0,0.0,4.136588167247257,4.136588167247257
2024-09-11 00:00:00+00:00,71027.35104329907,0.0,0.0,4.136588167247257,4.136588167247257
2024-09-12 00:00:00+00:00,71027.35104329907,0.0,0.0,4.136588167247257,4.136588167247257
2024-09-13 00:00:00+00:00,71027.35104329907,0.0,0.0,4.136588167247257,4.136588167247257
2024-09-14 00:00:00+00:00,71027.35104329907,0.0,0.0,4.136588167247257,4.136588167247257
2024-09-15 00:00:00+00:00,71027.35104329907,0.0,0.0,4.136588167247257,4.136588167247257
2024-09-16 00:00:00+00:00,71027.35104329907,0.0,0.0,4.136588167247257,4.136588167247257
2024-09-17 00:00:00+00:00,71027.35104329907,0.0,0.0,4.136588167247257,4.136588167247257
2024-09-18 00:00:00+00:00,71027.35104329907,0.0,0.0,4.136588167247257,4.136588167247257
2024-09-19 00:00:00+00:00,71027.35104329907,0.0,0.0,4.136588167247257,4.136588167247257
2024-09-20 00:00:00+00:00,64718.434685207045,0.0,-6308.9163580920285,3.769160854082686,3.769160854082686
2024-09-21 00:00:00+00:00,64718.434685207045,0.0,0.0,3.769160854082686,3.769160854082686
2024-09-22 00:00:00+00:00,64718.434685207045,0.0,0.0,3.769160854082686,3.769160854082686
2024-09-23 00:00:00+00:00,64718.434685207045,0.0,0.0,3.769160854082686,3.769160854082686
2024-09-24 00:00:00+00:00,64718.434685207045,0.0,0.0,3.769160854082686,3.769160854082686
2024-09-25 00:00:00+00:00,64718.434685207045,0.0,0.0,3.769160854082686,3.769160854082686
2024-09-26 00:00:00+00:00,64718.434685207045,0.0,0.0,3.769160854082686,3.769160854082686
2024-09-27 00:00:00+00:00,64718.434685207045,0.0,0.0,3.769160854082686,3.769160854082686
2024-09-28 00:00:00+00:00,64718.434685207045,0.0,0.0,3.769160854082686,3.769160854082686
2024-09-29 00:00:00+00:00,64718.434685207045,0.0,0.0,3.769160854082686,3.769160854082686
2024-09-30 00:00:00+00:00,64718.434685207045,0.0,0.0,3.769160854082686,3.769160854082686
2024-10-01 00:00:00+00:00,70600.84286246762,300.0,5582.408177260571,4.0927766789654845,3.73084897715813
2024-10-02 00:00:00+00:00,77011.66444393677,0.0,6410.82158146915,4.464416166510386,3.873044853083856
2024-10-03 00:00:00+00:00,78103.80105543832,0.0,1092.1366115015553,4.527728034649203,4.293249768745726
2024-10-04 00:00:00+00:00,75862.9732138308,0.0,-2240.827841607519,4.3978257904285,4.3978257904285
2024-10-05 00:00:00+00:00,75862.9732138308,0.0,0.0,4.3978257904285,4.3978257904285
2024-10-06 00:00:00+00:00,75862.9732138308,0.0,0.0,4.3978257904285,4.3978257904285
2024-10-07 00:00:00+00:00,75884.52107349232,0.0,21.54785966151394,4.399074933837114,4.23135708118842
2024-10-08 00:00:00+00:00,74433.77488034179,0.0,-1450.746193150524,4.314974235521217,4.193423871140119
2024-10-09 00:00:00+00:00,80267.45941823295,0.0,5833.684537891153,4.653156714102011,4.159931015470627
2024-10-10 00:00:00+00:00,79048.45360272439,0.0,-1219.0058155085571,4.5824901558718825,4.414989979469104
2024-10-11 00:00:00+00:00,74707.28753179897,0.0,-4341.166070925421,4.330829941429242,4.179998683756301
2024-10-12 00:00:00+00:00,70659.30789174003,0.0,-4047.9796400589403,4.0961659346547865,4.091091088677133
2024-10-13 00:00:00+00:00,71092.55858280146,0.0,433.250691061432,4.121281758384769,4.045098478781219
2024-10-14 00:00:00+00:00,66727.11555143069,0.0,-4365.443031370771,3.868214192789955,3.8570462717043537
2024-10-15 00:00:00+00:00,66727.11555143069,0.0,0.0,3.868214192789955,3.868214192789955
2024-10-16 00:00:00+00:00,66727.11555143069,0.0,0.0,3.868214192789955,3.868214192789955
2024-10-17 00:00:00+00:00,66727.11555143069,0.0,0.0,3.868214192789955,3.868214192789955
2024-10-18 00:00:00+00:00,66727.11555143069,0.0,0.0,3.868214192789955,3.868214192789955
2024-10-19 00:00:00+00:00,66727.11555143069,0.0,0.0,3.868214192789955,3.868214192789955
2024-10-20 00:00:00+00:00,66727.11555143069,0.0,0.0,3.868214192789955,3.868214192789955
2024-10-21 00:00:00+00:00,66727.11555143069,0.0,0.0,3.868214192789955,3.868214192789955
2024-10-22 00:00:00+00:00,66727.11555143069,0.0,0.0,3.868214192789955,3.868214192789955
2024-10-23 00:00:00+00:00,67777.05834019123,0.0,1049.9427887605416,3.9290800576417126,3.849046637631528
2024-10-24 00:00:00+00:00,65033.3454390117,0.0,-2743.712901179533,3.770025240157458,3.6655458958472
2024-10-25 00:00:00+00:00,71226.68758814487,0.0,6193.342149133168,4.129057303870986,3.6321139830285762
2024-10-26 00:00:00+00:00,67769.07800616746,0.0,-3457.6095819774055,3.928617432499312,3.848271681285581
2024-10-27 00:00:00+00:00,67769.07800616746,0.0,0.0,3.928617432499312,3.928617432499312
2024-10-28 00:00:00+00:00,67769.07800616746,0.0,0.0,3.928617432499312,3.928617432499312
2024-10-29 00:00:00+00:00,67769.07800616746,0.0,0.0,3.928617432499312,3.928617432499312
2024-10-30 00:00:00+00:00,67769.07800616746,0.0,0.0,3.928617432499312,3.928617432499312
2024-10-31 00:00:00+00:00,67769.07800616746,0.0,0.0,3.928617432499312,3.928617432499312
2024-11-01 00:00:00+00:00,68069.07800616746,300.0,0.0,3.928617432499312,3.928617432499312
2024-11-02 00:00:00+00:00,68069.07800616746,0.0,0.0,3.928617432499312,3.928617432499312
2024-11-03 00:00:00+00:00,68069.07800616746,0.0,0.0,3.928617432499312,3.928617432499312
2024-11-04 00:00:00+00:00,68069.07800616746,0.0,0.0,3.928617432499312,3.928617432499312
2024-11-05 00:00:00+00:00,68069.07800616746,0.0,0.0,3.928617432499312,3.928617432499312
2024-11-06 00:00:00+00:00,68069.07800616746,0.0,0.0,3.928617432499312,3.928617432499312
2024-11-07 00:00:00+00:00,68069.07800616746,0.0,0.0,3.928617432499312,3.928617432499312
2024-11-08 00:00:00+00:00,68069.07800616746,0.0,0.0,3.928617432499312,3.928617432499312
2024-11-09 00:00:00+00:00,68069.07800616746,0.0,0.0,3.928617432499312,3.928617432499312
2024-11-10 00:00:00+00:00,68069.07800616746,0.0,0.0,3.928617432499312,3.928617432499312
2024-11-11 00:00:00+00:00,68069.07800616746,0.0,0.0,3.928617432499312,3.928617432499312
2024-11-12 00:00:00+00:00,68069.07800616746,0.0,0.0,3.928617432499312,3.928617432499312
2024-11-13 00:00:00+00:00,68069.07800616746,0.0,0.0,3.928617432499312,3.928617432499312
2024-11-14 00:00:00+00:00,68069.07800616746,0.0,0.0,3.928617432499312,3.928617432499312
2024-11-15 00:00:00+00:00,68069.07800616746,0.0,0.0,3.928617432499312,3.928617432499312
2024-11-16 00:00:00+00:00,68069.07800616746,0.0,0.0,3.928617432499312,3.928617432499312
2024-11-17 00:00:00+00:00,68069.07800616746,0.0,0.0,3.928617432499312,3.928617432499312
2024-11-18 00:00:00+00:00,68069.07800616746,0.0,0.0,3.928617432499312,3.928617432499312
2024-11-19 00:00:00+00:00,68069.07800616746,0.0,0.0,3.928617432499312,3.928617432499312
2024-11-20 00:00:00+00:00,68069.07800616746,0.0,0.0,3.928617432499312,3.928617432499312
2024-11-21 00:00:00+00:00,68069.07800616746,0.0,0.0,3.928617432499312,3.928617432499312
2024-11-22 00:00:00+00:00,68069.07800616746,0.0,0.0,3.928617432499312,3.928617432499312
2024-11-23 00:00:00+00:00,68069.07800616746,0.0,0.0,3.928617432499312,3.928617432499312
2024-11-24 00:00:00+00:00,68069.07800616746,0.0,0.0,3.928617432499312,3.928617432499312
2024-11-25 00:00:00+00:00,68069.07800616746,0.0,0.0,3.928617432499312,3.928617432499312
2024-11-26 00:00:00+00:00,68069.07800616746,0.0,0.0,3.928617432499312,3.928617432499312
2024-11-27 00:00:00+00:00,68069.07800616746,0.0,0.0,3.928617432499312,3.928617432499312
2024-11-28 00:00:00+00:00,68069.07800616746,0.0,0.0,3.928617432499312,3.928617432499312
2024-11-29 00:00:00+00:00,68069.07800616746,0.0,0.0,3.928617432499312,3.928617432499312
2024-11-30 00:00:00+00:00,68069.07800616746,0.0,0.0,3.928617432499312,3.928617432499312
2024-12-01 00:00:00+00:00,68369.07800616746,300.0,0.0,3.9286174324993115,3.9286174324993115
2024-12-02 00:00:00+00:00,68369.07800616746,0.0,0.0,3.9286174324993115,3.9286174324993115
2024-12-03 00:00:00+00:00,68369.07800616746,0.0,0.0,3.9286174324993115,3.9286174324993115
2024-12-04 00:00:00+00:00,68369.07800616746,0.0,0.0,3.9286174324993115,3.9286174324993115
2024-12-05 00:00:00+00:00,68369.07800616746,0.0,0.0,3.9286174324993115,3.9286174324993115
2024-12-06 00:00:00+00:00,68369.07800616746,0.0,0.0,3.9286174324993115,3.9286174324993115
2024-12-07 00:00:00+00:00,68369.07800616746,0.0,0.0,3.9286174324993115,3.9286174324993115
2024-12-08 00:00:00+00:00,68369.07800616746,0.0,0.0,3.9286174324993115,3.9286174324993115
2024-12-09 00:00:00+00:00,68369.07800616746,0.0,0.0,3.9286174324993115,3.9286174324993115
2024-12-10 00:00:00+00:00,68369.07800616746,0.0,0.0,3.9286174324993115,3.9286174324993115
2024-12-11 00:00:00+00:00,68369.07800616746,0.0,0.0,3.9286174324993115,3.9286174324993115
2024-12-12 00:00:00+00:00,68369.07800616746,0.0,0.0,3.9286174324993115,3.9286174324993115
2024-12-13 00:00:00+00:00,68369.07800616746,0.0,0.0,3.9286174324993115,3.9286174324993115
2024-12-14 00:00:00+00:00,68369.07800616746,0.0,0.0,3.9286174324993115,3.9286174324993115
2024-12-15 00:00:00+00:00,68369.07800616746,0.0,0.0,3.9286174324993115,3.9286174324993115
2024-12-16 00:00:00+00:00,68369.07800616746,0.0,0.0,3.9286174324993115,3.9286174324993115
2024-12-17 00:00:00+00:00,68369.07800616746,0.0,0.0,3.9286174324993115,3.9286174324993115
2024-12-18 00:00:00+00:00,68369.07800616746,0.0,0.0,3.9286174324993115,3.9286174324993115
2024-12-19 00:00:00+00:00,68369.07800616746,0.0,0.0,3.9286174324993115,3.9286174324993115
2024-12-20 00:00:00+00:00,68369.07800616746,0.0,0.0,3.9286174324993115,3.9286174324993115
2024-12-21 00:00:00+00:00,68369.07800616746,0.0,0.0,3.9286174324993115,3.9286174324993115
2024-12-22 00:00:00+00:00,68369.07800616746,0.0,0.0,3.9286174324993115,3.9286174324993115
2024-12-23 00:00:00+00:00,68369.07800616746,0.0,0.0,3.9286174324993115,3.9286174324993115
2024-12-24 00:00:00+00:00,68369.07800616746,0.0,0.0,3.9286174324993115,3.9286174324993115
2024-12-25 00:00:00+00:00,68369.07800616746,0.0,0.0,3.9286174324993115,3.9286174324993115
2024-12-26 00:00:00+00:00,68369.07800616746,0.0,0.0,3.9286174324993115,3.9286174324993115
2024-12-27 00:00:00+00:00,68369.07800616746,0.0,0.0,3.9286174324993115,3.9286174324993115
2024-12-28 00:00:00+00:00,68369.07800616746,0.0,0.0,3.9286174324993115,3.9286174324993115
2024-12-29 00:00:00+00:00,68369.07800616746,0.0,0.0,3.9286174324993115,3.9286174324993115
2024-12-30 00:00:00+00:00,68369.07800616746,0.0,0.0,3.9286174324993115,3.9286174324993115
2024-12-31 00:00:00+00:00,68369.07800616746,0.0,0.0,3.9286174324993115,3.9286174324993115
2025-01-01 00:00:00+00:00,68669.07800616746,300.0,0.0,3.9286174324993115,3.9286174324993115
2025-01-02 00:00:00+00:00,68669.07800616746,0.0,0.0,3.9286174324993115,3.9286174324993115
2025-01-03 00:00:00+00:00,68669.07800616746,0.0,0.0,3.9286174324993115,3.9286174324993115
2025-01-04 00:00:00+00:00,68669.07800616746,0.0,0.0,3.9286174324993115,3.9286174324993115
2025-01-05 00:00:00+00:00,68669.07800616746,0.0,0.0,3.9286174324993115,3.9286174324993115
2025-01-06 00:00:00+00:00,68669.07800616746,0.0,0.0,3.9286174324993115,3.9286174324993115
2025-01-07 00:00:00+00:00,68669.07800616746,0.0,0.0,3.9286174324993115,3.9286174324993115
2025-01-08 00:00:00+00:00,68669.07800616746,0.0,0.0,3.9286174324993115,3.9286174324993115
2025-01-09 00:00:00+00:00,68669.07800616746,0.0,0.0,3.9286174324993115,3.9286174324993115
2025-01-10 00:00:00+00:00,68669.07800616746,0.0,0.0,3.9286174324993115,3.9286174324993115
2025-01-11 00:00:00+00:00,65336.60892776204,0.0,-3332.4690784054183,3.737963990006424,3.7180193378947326
2025-01-12 00:00:00+00:00,65336.60892776204,0.0,0.0,3.737963990006424,3.737963990006424
2025-01-13 00:00:00+00:00,57298.04325433333,0.0,-8038.565673428711,3.278070684986569,3.246872093023754
2025-01-14 00:00:00+00:00,57298.04325433333,0.0,0.0,3.278070684986569,3.278070684986569
2025-01-15 00:00:00+00:00,57298.04325433333,0.0,0.0,3.278070684986569,3.278070684986569
2025-01-16 00:00:00+00:00,57298.04325433333,0.0,0.0,3.278070684986569,3.278070684986569
2025-01-17 00:00:00+00:00,57298.04325433333,0.0,0.0,3.278070684986569,3.278070684986569
2025-01-18 00:00:00+00:00,57298.04325433333,0.0,0.0,3.278070684986569,3.278070684986569
2025-01-19 00:00:00+00:00,57298.04325433333,0.0,0.0,3.278070684986569,3.278070684986569
2025-01-20 00:00:00+00:00,57298.04325433333,0.0,0.0,3.278070684986569,3.278070684986569
2025-01-21 00:00:00+00:00,57298.04325433333,0.0,0.0,3.278070684986569,3.278070684986569
2025-01-22 00:00:00+00:00,59760.25521314181,0.0,2462.2119588084824,3.4189359638682,3.235215390127558
2025-01-23 00:00:00+00:00,54958.52517945741,0.0,-4801.7300336844055,3.14422482947968,3.1180733333512958
2025-01-24 00:00:00+00:00,51913.123134987036,0.0,-3045.402044470371,2.969994740649875,2.8751927196632465
2025-01-25 00:00:00+00:00,50741.14638013078,0.0,-1171.9767548562595,2.9029449353619876,2.8816540582893326
2025-01-26 00:00:00+00:00,53984.34106828675,0.0,3243.1946881559707,3.088490912661033,2.801636406997547
2025-01-27 00:00:00+00:00,56286.66257445706,0.0,2302.321506170316,3.2202087202533587,3.0351395413568323
2025-01-28 00:00:00+00:00,61021.19455970579,0.0,4734.53198524873,3.4910753960852836,3.1154509666638974
2025-01-29 00:00:00+00:00,59413.417766931634,0.0,-1607.7767927741588,3.399093093146935,3.227593952107695
2025-01-30 00:00:00+00:00,53456.502397283686,0.0,-5956.915369647948,3.058292805089767,2.9651700260050737
2025-01-31 00:00:00+00:00,49084.00522196026,0.0,-4372.497175323428,2.8081384543208987,2.802669495990176
2025-02-01 00:00:00+00:00,56581.14204307473,300.0,7197.136821114473,3.2173917176071427,2.7469355038295213
2025-02-02 00:00:00+00:00,67271.0120979741,0.0,10689.870054899373,3.825253244169233,3.1066176931835545
2025-02-03 00:00:00+00:00,66778.69052054425,0.0,-492.32157742985873,3.7972582036234583,3.700727081794898
2025-02-04 00:00:00+00:00,73166.60795731194,0.0,6387.91743676769,4.160496411826612,3.7757515627853087
2025-02-05 00:00:00+00:00,70693.01983446875,0.0,-2473.5881228431826,4.019839973093927,3.9276874867304605
2025-02-06 00:00:00+00:00,75049.77399491542,0.0,4356.754160446668,4.26757948921752,3.850996001585381
2025-02-07 00:00:00+00:00,77854.01245822721,0.0,2804.238463311791,4.427037804837698,3.998438483279278
2025-02-08 00:00:00+00:00,76939.3260870452,0.0,-914.6863711820042,4.375025698885352,4.316608713846388
2025-02-09 00:00:00+00:00,76939.3260870452,0.0,0.0,4.375025698885352,4.375025698885352
2025-02-10 00:00:00+00:00,76939.3260870452,0.0,0.0,4.375025698885352,4.375025698885352
2025-02-11 00:00:00+00:00,76939.3260870452,0.0,0.0,4.375025698885352,4.375025698885352
2025-02-12 00:00:00+00:00,76939.3260870452,0.0,0.0,4.375025698885352,4.375025698885352
2025-02-13 00:00:00+00:00,76939.3260870452,0.0,0.0,4.375025698885352,4.375025698885352
2025-02-14 00:00:00+00:00,76939.3260870452,0.0,0.0,4.375025698885352,4.375025698885352
2025-02-15 00:00:00+00:00,76939.3260870452,0.0,0.0,4.375025698885352,4.375025698885352
2025-02-16 00:00:00+00:00,76939.3260870452,0.0,0.0,4.375025698885352,4.375025698885352
2025-02-17 00:00:00+00:00,76939.3260870452,0.0,0.0,4.375025698885352,4.375025698885352
2025-02-18 00:00:00+00:00,76939.3260870452,0.0,0.0,4.375025698885352,4.375025698885352
2025-02-19 00:00:00+00:00,76939.3260870452,0.0,0.0,4.375025698885352,4.375025698885352
2025-02-20 00:00:00+00:00,76939.3260870452,0.0,0.0,4.375025698885352,4.375025698885352
2025-02-21 00:00:00+00:00,76939.3260870452,0.0,0.0,4.375025698885352,4.375025698885352
2025-02-22 00:00:00+00:00,76939.3260870452,0.0,0.0,4.375025698885352,4.375025698885352
2025-02-23 00:00:00+00:00,76939.3260870452,0.0,0.0,4.375025698885352,4.375025698885352
2025-02-24 00:00:00+00:00,76939.3260870452,0.0,0.0,4.375025698885352,4.375025698885352
2025-02-25 00:00:00+00:00,76939.3260870452,0.0,0.0,4.375025698885352,4.375025698885352
2025-02-26 00:00:00+00:00,76939.3260870452,0.0,0.0,4.375025698885352,4.375025698885352
2025-02-27 00:00:00+00:00,76939.3260870452,0.0,0.0,4.375025698885352,4.375025698885352
2025-02-28 00:00:00+00:00,76939.3260870452,0.0,0.0,4.375025698885352,4.375025698885352
2025-03-01 00:00:00+00:00,77239.3260870452,300.0,0.0,4.375025698885352,4.375025698885352
2025-03-02 00:00:00+00:00,77239.3260870452,0.0,0.0,4.375025698885352,4.375025698885352
2025-03-03 00:00:00+00:00,77239.3260870452,0.0,0.0,4.375025698885352,4.375025698885352
2025-03-04 00:00:00+00:00,77239.3260870452,0.0,0.0,4.375025698885352,4.375025698885352
2025-03-05 00:00:00+00:00,77239.3260870452,0.0,0.0,4.375025698885352,4.375025698885352
2025-03-06 00:00:00+00:00,77239.3260870452,0.0,0.0,4.375025698885352,4.375025698885352
2025-03-07 00:00:00+00:00,77239.3260870452,0.0,0.0,4.375025698885352,4.375025698885352
2025-03-08 00:00:00+00:00,77239.3260870452,0.0,0.0,4.375025698885352,4.375025698885352
2025-03-09 00:00:00+00:00,77239.3260870452,0.0,0.0,4.375025698885352,4.375025698885352
2025-03-10 00:00:00+00:00,77239.3260870452,0.0,0.0,4.375025698885352,4.375025698885352
2025-03-11 00:00:00+00:00,77239.3260870452,0.0,0.0,4.375025698885352,4.375025698885352
2025-03-12 00:00:00+00:00,77239.3260870452,0.0,0.0,4.375025698885352,4.375025698885352
2025-03-13 00:00:00+00:00,77239.3260870452,0.0,0.0,4.375025698885352,4.375025698885352
2025-03-14 00:00:00+00:00,77239.3260870452,0.0,0.0,4.375025698885352,4.375025698885352
2025-03-15 00:00:00+00:00,77239.3260870452,0.0,0.0,4.375025698885352,4.375025698885352
2025-03-16 00:00:00+00:00,77239.3260870452,0.0,0.0,4.375025698885352,4.375025698885352
2025-03-17 00:00:00+00:00,77239.3260870452,0.0,0.0,4.375025698885352,4.375025698885352
2025-03-18 00:00:00+00:00,77239.3260870452,0.0,0.0,4.375025698885352,4.375025698885352
2025-03-19 00:00:00+00:00,77239.3260870452,0.0,0.0,4.375025698885352,4.375025698885352
2025-03-20 00:00:00+00:00,77239.3260870452,0.0,0.0,4.375025698885352,4.375025698885352
2025-03-21 00:00:00+00:00,77239.3260870452,0.0,0.0,4.375025698885352,4.375025698885352
2025-03-22 00:00:00+00:00,77239.3260870452,0.0,0.0,4.375025698885352,4.375025698885352
2025-03-23 00:00:00+00:00,77239.3260870452,0.0,0.0,4.375025698885352,4.375025698885352
2025-03-24 00:00:00+00:00,77239.3260870452,0.0,0.0,4.375025698885352,4.375025698885352
2025-03-25 00:00:00+00:00,77239.3260870452,0.0,0.0,4.375025698885352,4.375025698885352
2025-03-26 00:00:00+00:00,77239.3260870452,0.0,0.0,4.375025698885352,4.375025698885352
2025-03-27 00:00:00+00:00,77239.3260870452,0.0,0.0,4.375025698885352,4.375025698885352
2025-03-28 00:00:00+00:00,77239.3260870452,0.0,0.0,4.375025698885352,4.375025698885352
2025-03-29 00:00:00+00:00,77239.3260870452,0.0,0.0,4.375025698885352,4.375025698885352
2025-03-30 00:00:00+00:00,77239.3260870452,0.0,0.0,4.375025698885352,4.375025698885352
2025-03-31 00:00:00+00:00,77239.3260870452,0.0,0.0,4.375025698885352,4.375025698885352
2025-04-01 00:00:00+00:00,77539.3260870452,300.0,0.0,4.375025698885352,4.375025698885352
2025-04-02 00:00:00+00:00,77539.3260870452,0.0,0.0,4.375025698885352,4.375025698885352
2025-04-03 00:00:00+00:00,77539.3260870452,0.0,0.0,4.375025698885352,4.375025698885352
2025-04-04 00:00:00+00:00,77539.3260870452,0.0,0.0,4.375025698885352,4.375025698885352
2025-04-05 00:00:00+00:00,77539.3260870452,0.0,0.0,4.375025698885352,4.375025698885352
2025-04-06 00:00:00+00:00,77539.3260870452,0.0,0.0,4.375025698885352,4.375025698885352
2025-04-07 00:00:00+00:00,77539.3260870452,0.0,0.0,4.375025698885352,4.375025698885352
2025-04-08 00:00:00+00:00,77539.3260870452,0.0,0.0,4.375025698885352,4.375025698885352
2025-04-09 00:00:00+00:00,77539.3260870452,0.0,0.0,4.375025698885352,4.375025698885352
2025-04-10 00:00:00+00:00,77539.3260870452,0.0,0.0,4.375025698885352,4.375025698885352
2025-04-11 00:00:00+00:00,77539.3260870452,0.0,0.0,4.375025698885352,4.375025698885352
2025-04-12 00:00:00+00:00,77539.3260870452,0.0,0.0,4.375025698885352,4.375025698885352
2025-04-13 00:00:00+00:00,77539.3260870452,0.0,0.0,4.375025698885352,4.375025698885352
2025-04-14 00:00:00+00:00,77539.3260870452,0.0,0.0,4.375025698885352,4.375025698885352
2025-04-15 00:00:00+00:00,77539.3260870452,0.0,0.0,4.375025698885352,4.375025698885352
2025-04-16 00:00:00+00:00,77539.3260870452,0.0,0.0,4.375025698885352,4.375025698885352
2025-04-17 00:00:00+00:00,77539.3260870452,0.0,0.0,4.375025698885352,4.375025698885352
2025-04-18 00:00:00+00:00,77539.3260870452,0.0,0.0,4.375025698885352,4.375025698885352
2025-04-19 00:00:00+00:00,77539.3260870452,0.0,0.0,4.375025698885352,4.375025698885352
2025-04-20 00:00:00+00:00,77539.3260870452,0.0,0.0,4.375025698885352,4.375025698885352
2025-04-21 00:00:00+00:00,77539.3260870452,0.0,0.0,4.375025698885352,4.375025698885352
2025-04-22 00:00:00+00:00,77539.3260870452,0.0,0.0,4.375025698885352,4.375025698885352
2025-04-23 00:00:00+00:00,77539.3260870452,0.0,0.0,4.375025698885352,4.375025698885352
2025-04-24 00:00:00+00:00,77539.3260870452,0.0,0.0,4.375025698885352,4.375025698885352
2025-04-25 00:00:00+00:00,77539.3260870452,0.0,0.0,4.375025698885352,4.375025698885352
2025-04-26 00:00:00+00:00,77539.3260870452,0.0,0.0,4.375025698885352,4.375025698885352
2025-04-27 00:00:00+00:00,77539.3260870452,0.0,0.0,4.375025698885352,4.375025698885352
2025-04-28 00:00:00+00:00,77539.3260870452,0.0,0.0,4.375025698885352,4.375025698885352
2025-04-29 00:00:00+00:00,77539.3260870452,0.0,0.0,4.375025698885352,4.375025698885352
2025-04-30 00:00:00+00:00,75149.67442969116,0.0,-2389.651657354043,4.240193634436257,4.158849598939533
2025-05-01 00:00:00+00:00,75449.67442969116,300.0,0.0,4.240193634436257,4.240193634436257
2025-05-02 00:00:00+00:00,75449.67442969116,0.0,0.0,4.240193634436257,4.240193634436257
2025-05-03 00:00:00+00:00,75449.67442969116,0.0,0.0,4.240193634436257,4.240193634436257
2025-05-04 00:00:00+00:00,75449.67442969116,0.0,0.0,4.240193634436257,4.240193634436257
2025-05-05 00:00:00+00:00,75449.67442969116,0.0,0.0,4.240193634436257,4.240193634436257
2025-05-06 00:00:00+00:00,72864.8936896123,0.0,-2584.780740078859,4.094931631341611,4.094931631341611
2025-05-07 00:00:00+00:00,72864.8936896123,0.0,0.0,4.094931631341611,4.094931631341611
2025-05-08 00:00:00+00:00,72864.8936896123,0.0,0.0,4.094931631341611,4.094931631341611
2025-05-09 00:00:00+00:00,72864.8936896123,0.0,0.0,4.094931631341611,4.094931631341611
2025-05-10 00:00:00+00:00,72864.8936896123,0.0,0.0,4.094931631341611,4.094931631341611
2025-05-11 00:00:00+00:00,72864.8936896123,0.0,0.0,4.094931631341611,4.094931631341611
2025-05-12 00:00:00+00:00,72864.8936896123,0.0,0.0,4.094931631341611,4.094931631341611
2025-05-13 00:00:00+00:00,72864.8936896123,0.0,0.0,4.094931631341611,4.094931631341611
2025-05-14 00:00:00+00:00,72864.8936896123,0.0,0.0,4.094931631341611,4.094931631341611
2025-05-15 00:00:00+00:00,72864.8936896123,0.0,0.0,4.094931631341611,4.094931631341611
2025-05-16 00:00:00+00:00,72864.8936896123,0.0,0.0,4.094931631341611,4.094931631341611
2025-05-17 00:00:00+00:00,72864.8936896123,0.0,0.0,4.094931631341611,4.094931631341611
2025-05-18 00:00:00+00:00,72864.8936896123,0.0,0.0,4.094931631341611,4.094931631341611
2025-05-19 00:00:00+00:00,72864.8936896123,0.0,0.0,4.094931631341611,4.094931631341611
2025-05-20 00:00:00+00:00,72864.8936896123,0.0,0.0,4.094931631341611,4.094931631341611
2025-05-21 00:00:00+00:00,72864.8936896123,0.0,0.0,4.094931631341611,4.094931631341611
2025-05-22 00:00:00+00:00,72864.8936896123,0.0,0.0,4.094931631341611,4.094931631341611
2025-05-23 00:00:00+00:00,72864.8936896123,0.0,0.0,4.094931631341611,4.094931631341611
2025-05-24 00:00:00+00:00,72864.8936896123,0.0,0.0,4.094931631341611,4.094931631341611
2025-05-25 00:00:00+00:00,72864.8936896123,0.0,0.0,4.094931631341611,4.094931631341611
2025-05-26 00:00:00+00:00,72864.8936896123,0.0,0.0,4.094931631341611,4.094931631341611
2025-05-27 00:00:00+00:00,72864.8936896123,0.0,0.0,4.094931631341611,4.094931631341611
2025-05-28 00:00:00+00:00,72864.8936896123,0.0,0.0,4.094931631341611,4.094931631341611
2025-05-29 00:00:00+00:00,72864.8936896123,0.0,0.0,4.094931631341611,4.094931631341611
2025-05-30 00:00:00+00:00,72864.8936896123,0.0,0.0,4.094931631341611,4.094931631341611
2025-05-31 00:00:00+00:00,72864.8936896123,0.0,0.0,4.094931631341611,4.094931631341611
2025-06-01 00:00:00+00:00,73164.8936896123,300.0,0.0,4.094931631341611,4.094931631341611
2025-06-02 00:00:00+00:00,73164.8936896123,0.0,0.0,4.094931631341611,4.094931631341611
2025-06-03 00:00:00+00:00,73164.8936896123,0.0,0.0,4.094931631341611,4.094931631341611
2025-06-04 00:00:00+00:00,73164.8936896123,0.0,0.0,4.094931631341611,4.094931631341611
2025-06-05 00:00:00+00:00,73164.8936896123,0.0,0.0,4.094931631341611,4.094931631341611
2025-06-06 00:00:00+00:00,73164.8936896123,0.0,0.0,4.094931631341611,4.094931631341611
2025-06-07 00:00:00+00:00,73164.8936896123,0.0,0.0,4.094931631341611,4.094931631341611
2025-06-08 00:00:00+00:00,73164.8936896123,0.0,0.0,4.094931631341611,4.094931631341611
2025-06-09 00:00:00+00:00,73164.8936896123,0.0,0.0,4.094931631341611,4.094931631341611
2025-06-10 00:00:00+00:00,73164.8936896123,0.0,0.0,4.094931631341611,4.094931631341611
2025-06-11 00:00:00+00:00,73164.8936896123,0.0,0.0,4.094931631341611,4.094931631341611
2025-06-12 00:00:00+00:00,73164.8936896123,0.0,0.0,4.094931631341611,4.094931631341611
2025-06-13 00:00:00+00:00,73164.8936896123,0.0,0.0,4.094931631341611,4.094931631341611
2025-06-14 00:00:00+00:00,73164.8936896123,0.0,0.0,4.094931631341611,4.094931631341611
2025-06-15 00:00:00+00:00,73164.8936896123,0.0,0.0,4.094931631341611,4.094931631341611
2025-06-16 00:00:00+00:00,73164.8936896123,0.0,0.0,4.094931631341611,4.094931631341611
2025-06-17 00:00:00+00:00,73164.8936896123,0.0,0.0,4.094931631341611,4.094931631341611
2025-06-18 00:00:00+00:00,73164.8936896123,0.0,0.0,4.094931631341611,4.094931631341611
2025-06-19 00:00:00+00:00,73164.8936896123,0.0,0.0,4.094931631341611,4.094931631341611
2025-06-20 00:00:00+00:00,73164.8936896123,0.0,0.0,4.094931631341611,4.094931631341611
2025-06-21 00:00:00+00:00,73164.8936896123,0.0,0.0,4.094931631341611,4.094931631341611
2025-06-22 00:00:00+00:00,73164.8936896123,0.0,0.0,4.094931631341611,4.094931631341611
2025-06-23 00:00:00+00:00,73164.8936896123,0.0,0.0,4.094931631341611,4.094931631341611
2025-06-24 00:00:00+00:00,73164.8936896123,0.0,0.0,4.094931631341611,4.094931631341611
2025-06-25 00:00:00+00:00,73164.8936896123,0.0,0.0,4.094931631341611,4.094931631341611
2025-06-26 00:00:00+00:00,73164.8936896123,0.0,0.0,4.094931631341611,4.094931631341611
2025-06-27 00:00:00+00:00,73164.8936896123,0.0,0.0,4.094931631341611,4.094931631341611
2025-06-28 00:00:00+00:00,73164.8936896123,0.0,0.0,4.094931631341611,4.094931631341611
2025-06-29 00:00:00+00:00,73164.8936896123,0.0,0.0,4.094931631341611,4.094931631341611
2025-06-30 00:00:00+00:00,73164.8936896123,0.0,0.0,4.094931631341611,4.094931631341611
2025-07-01 00:00:00+00:00,73464.8936896123,300.0,0.0,4.094931631341611,4.094931631341611
2025-07-02 00:00:00+00:00,73464.8936896123,0.0,0.0,4.094931631341611,4.094931631341611
2025-07-03 00:00:00+00:00,73464.8936896123,0.0,0.0,4.094931631341611,4.094931631341611
2025-07-04 00:00:00+00:00,73464.8936896123,0.0,0.0,4.094931631341611,4.094931631341611
2025-07-05 00:00:00+00:00,73464.8936896123,0.0,0.0,4.094931631341611,4.094931631341611
2025-07-06 00:00:00+00:00,73464.8936896123,0.0,0.0,4.094931631341611,4.094931631341611
2025-07-07 00:00:00+00:00,73464.8936896123,0.0,0.0,4.094931631341611,4.094931631341611
2025-07-08 00:00:00+00:00,73464.8936896123,0.0,0.0,4.094931631341611,4.094931631341611
2025-07-09 00:00:00+00:00,73464.8936896123,0.0,0.0,4.094931631341611,4.094931631341611
2025-07-10 00:00:00+00:00,73464.8936896123,0.0,0.0,4.094931631341611,4.094931631341611
2025-07-11 00:00:00+00:00,73464.8936896123,0.0,0.0,4.094931631341611,4.094931631341611
2025-07-12 00:00:00+00:00,73464.8936896123,0.0,0.0,4.094931631341611,4.094931631341611
2025-07-13 00:00:00+00:00,73464.8936896123,0.0,0.0,4.094931631341611,4.094931631341611
2025-07-14 00:00:00+00:00,73464.8936896123,0.0,0.0,4.094931631341611,4.094931631341611
2025-07-15 00:00:00+00:00,73464.8936896123,0.0,0.0,4.094931631341611,4.094931631341611
2025-07-16 00:00:00+00:00,73464.8936896123,0.0,0.0,4.094931631341611,4.094931631341611
2025-07-17 00:00:00+00:00,73464.8936896123,0.0,0.0,4.094931631341611,4.094931631341611
2025-07-18 00:00:00+00:00,73464.8936896123,0.0,0.0,4.094931631341611,4.094931631341611
2025-07-19 00:00:00+00:00,73464.8936896123,0.0,0.0,4.094931631341611,4.094931631341611
2025-07-20 00:00:00+00:00,73464.8936896123,0.0,0.0,4.094931631341611,4.094931631341611
2025-07-21 00:00:00+00:00,73464.8936896123,0.0,0.0,4.094931631341611,4.094931631341611
2025-07-22 00:00:00+00:00,73464.8936896123,0.0,0.0,4.094931631341611,4.094931631341611
2025-07-23 00:00:00+00:00,73464.8936896123,0.0,0.0,4.094931631341611,4.094931631341611
2025-07-24 00:00:00+00:00,73464.8936896123,0.0,0.0,4.094931631341611,4.094931631341611
2025-07-25 00:00:00+00:00,73464.8936896123,0.0,0.0,4.094931631341611,4.094931631341611
2025-07-26 00:00:00+00:00,73464.8936896123,0.0,0.0,4.094931631341611,4.094931631341611
2025-07-27 00:00:00+00:00,73464.8936896123,0.0,0.0,4.094931631341611,4.094931631341611
2025-07-28 00:00:00+00:00,73464.8936896123,0.0,0.0,4.094931631341611,4.094931631341611
2025-07-29 00:00:00+00:00,73464.8936896123,0.0,0.0,4.094931631341611,4.094931631341611
2025-07-30 00:00:00+00:00,73464.8936896123,0.0,0.0,4.094931631341611,4.094931631341611
2025-07-31 00:00:00+00:00,73464.8936896123,0.0,0.0,4.094931631341611,4.094931631341611
2025-08-01 00:00:00+00:00,73764.8936896123,300.0,0.0,4.094931631341611,4.094931631341611
2025-08-02 00:00:00+00:00,73764.8936896123,0.0,0.0,4.094931631341611,4.094931631341611
2025-08-03 00:00:00+00:00,73764.8936896123,0.0,0.0,4.094931631341611,4.094931631341611
2025-08-04 00:00:00+00:00,73764.8936896123,0.0,0.0,4.094931631341611,4.094931631341611
2025-08-05 00:00:00+00:00,73764.8936896123,0.0,0.0,4.094931631341611,4.094931631341611
2025-08-06 00:00:00+00:00,73764.8936896123,0.0,0.0,4.094931631341611,4.094931631341611
2025-08-07 00:00:00+00:00,73764.8936896123,0.0,0.0,4.094931631341611,4.094931631341611
2025-08-08 00:00:00+00:00,73764.8936896123,0.0,0.0,4.094931631341611,4.094931631341611
2025-08-09 00:00:00+00:00,73764.8936896123,0.0,0.0,4.094931631341611,4.094931631341611
2025-08-10 00:00:00+00:00,73764.8936896123,0.0,0.0,4.094931631341611,4.094931631341611
2025-08-11 00:00:00+00:00,73764.8936896123,0.0,0.0,4.094931631341611,4.094931631341611
2025-08-12 00:00:00+00:00,73764.8936896123,0.0,0.0,4.094931631341611,4.094931631341611
2025-08-13 00:00:00+00:00,73764.8936896123,0.0,0.0,4.094931631341611,4.094931631341611
2025-08-14 00:00:00+00:00,73764.8936896123,0.0,0.0,4.094931631341611,4.094931631341611
2025-08-15 00:00:00+00:00,73764.8936896123,0.0,0.0,4.094931631341611,4.094931631341611
2025-08-16 00:00:00+00:00,73764.8936896123,0.0,0.0,4.094931631341611,4.094931631341611
2025-08-17 00:00:00+00:00,73764.8936896123,0.0,0.0,4.094931631341611,4.094931631341611
2025-08-18 00:00:00+00:00,73764.8936896123,0.0,0.0,4.094931631341611,4.094931631341611
2025-08-19 00:00:00+00:00,73764.8936896123,0.0,0.0,4.094931631341611,4.094931631341611
2025-08-20 00:00:00+00:00,73764.8936896123,0.0,0.0,4.094931631341611,4.094931631341611
2025-08-21 00:00:00+00:00,73764.8936896123,0.0,0.0,4.094931631341611,4.094931631341611
2025-08-22 00:00:00+00:00,73764.8936896123,0.0,0.0,4.094931631341611,4.094931631341611
2025-08-23 00:00:00+00:00,73764.8936896123,0.0,0.0,4.094931631341611,4.094931631341611
2025-08-24 00:00:00+00:00,73764.8936896123,0.0,0.0,4.094931631341611,4.094931631341611
2025-08-25 00:00:00+00:00,73764.8936896123,0.0,0.0,4.094931631341611,4.094931631341611
2025-08-26 00:00:00+00:00,73764.8936896123,0.0,0.0,4.094931631341611,4.094931631341611
2025-08-27 00:00:00+00:00,73764.8936896123,0.0,0.0,4.094931631341611,4.094931631341611
2025-08-28 00:00:00+00:00,73764.8936896123,0.0,0.0,4.094931631341611,4.094931631341611
2025-08-29 00:00:00+00:00,73764.8936896123,0.0,0.0,4.094931631341611,4.094931631341611
2025-08-30 00:00:00+00:00,73764.8936896123,0.0,0.0,4.094931631341611,4.094931631341611
2025-08-31 00:00:00+00:00,73764.8936896123,0.0,0.0,4.094931631341611,4.094931631341611
2025-09-01 00:00:00+00:00,74064.8936896123,300.0,0.0,4.094931631341611,4.094931631341611
2025-09-02 00:00:00+00:00,74064.8936896123,0.0,0.0,4.094931631341611,4.094931631341611
2025-09-03 00:00:00+00:00,74064.8936896123,0.0,0.0,4.094931631341611,4.094931631341611
2025-09-04 00:00:00+00:00,74064.8936896123,0.0,0.0,4.094931631341611,4.094931631341611
2025-09-05 00:00:00+00:00,74064.8936896123,0.0,0.0,4.094931631341611,4.094931631341611
2025-09-06 00:00:00+00:00,74064.8936896123,0.0,0.0,4.094931631341611,4.094931631341611
2025-09-07 00:00:00+00:00,74064.8936896123,0.0,0.0,4.094931631341611,4.094931631341611
2025-09-08 00:00:00+00:00,74064.8936896123,0.0,0.0,4.094931631341611,4.094931631341611
2025-09-09 00:00:00+00:00,74064.8936896123,0.0,0.0,4.094931631341611,4.094931631341611
2025-09-10 00:00:00+00:00,74064.8936896123,0.0,0.0,4.094931631341611,4.094931631341611
2025-09-11 00:00:00+00:00,74064.8936896123,0.0,0.0,4.094931631341611,4.094931631341611
2025-09-12 00:00:00+00:00,74064.8936896123,0.0,0.0,4.094931631341611,4.094931631341611
2025-09-13 00:00:00+00:00,74064.8936896123,0.0,0.0,4.094931631341611,4.094931631341611
2025-09-14 00:00:00+00:00,74064.8936896123,0.0,0.0,4.094931631341611,4.094931631341611
2025-09-15 00:00:00+00:00,74064.8936896123,0.0,0.0,4.094931631341611,4.094931631341611
2025-09-16 00:00:00+00:00,74064.8936896123,0.0,0.0,4.094931631341611,4.094931631341611
2025-09-17 00:00:00+00:00,74064.8936896123,0.0,0.0,4.094931631341611,4.094931631341611
2025-09-18 00:00:00+00:00,74064.8936896123,0.0,0.0,4.094931631341611,4.094931631341611
2025-09-19 00:00:00+00:00,74064.8936896123,0.0,0.0,4.094931631341611,4.094931631341611
2025-09-20 00:00:00+00:00,74064.8936896123,0.0,0.0,4.094931631341611,4.094931631341611
2025-09-21 00:00:00+00:00,74064.8936896123,0.0,0.0,4.094931631341611,4.094931631341611
2025-09-22 00:00:00+00:00,74064.8936896123,0.0,0.0,4.094931631341611,4.094931631341611
2025-09-23 00:00:00+00:00,74064.8936896123,0.0,0.0,4.094931631341611,4.094931631341611
2025-09-24 00:00:00+00:00,74064.8936896123,0.0,0.0,4.094931631341611,4.094931631341611
2025-09-25 00:00:00+00:00,74064.8936896123,0.0,0.0,4.094931631341611,4.094931631341611
2025-09-26 00:00:00+00:00,74064.8936896123,0.0,0.0,4.094931631341611,4.094931631341611
2025-09-27 00:00:00+00:00,74064.8936896123,0.0,0.0,4.094931631341611,4.094931631341611
2025-09-28 00:00:00+00:00,74064.8936896123,0.0,0.0,4.094931631341611,4.094931631341611
2025-09-29 00:00:00+00:00,74064.8936896123,0.0,0.0,4.094931631341611,4.094931631341611
2025-09-30 00:00:00+00:00,74064.8936896123,0.0,0.0,4.094931631341611,4.094931631341611
2025-10-01 00:00:00+00:00,74364.8936896123,300.0,0.0,4.094931631341611,4.094931631341611
2025-10-02 00:00:00+00:00,74364.8936896123,0.0,0.0,4.094931631341611,4.094931631341611
2025-10-03 00:00:00+00:00,74364.8936896123,0.0,0.0,4.094931631341611,4.094931631341611
2025-10-04 00:00:00+00:00,74364.8936896123,0.0,0.0,4.094931631341611,4.094931631341611
2025-10-05 00:00:00+00:00,74364.8936896123,0.0,0.0,4.094931631341611,4.094931631341611
2025-10-06 00:00:00+00:00,74364.8936896123,0.0,0.0,4.094931631341611,4.094931631341611
2025-10-07 00:00:00+00:00,74364.8936896123,0.0,0.0,4.094931631341611,4.094931631341611
2025-10-08 00:00:00+00:00,74364.8936896123,0.0,0.0,4.094931631341611,4.094931631341611
2025-10-09 00:00:00+00:00,74364.8936896123,0.0,0.0,4.094931631341611,4.094931631341611
2025-10-10 00:00:00+00:00,87887.20237048056,0.0,13522.308680868256,4.839542788552039,3.991413412712712
2025-10-11 00:00:00+00:00,91562.45411101855,0.0,3675.2517405379913,5.041921947033571,4.695869241381759
2025-10-12 00:00:00+00:00,71763.98190707206,0.0,-19798.472203946498,3.951711418143876,3.842359722861752
2025-10-13 00:00:00+00:00,67404.85298890986,0.0,-4359.128918162198,3.711674298389723,3.5786439427686187
2025-10-14 00:00:00+00:00,73103.87593479185,0.0,5699.022945881996,4.025493200978885,3.651981236914056
2025-10-15 00:00:00+00:00,79920.58048107439,0.0,6816.704546282534,4.40085767315296,3.784456675763584
2025-10-16 00:00:00+00:00,84388.11432338192,0.0,4467.53384230753,4.646864151980344,4.1374917602970065
2025-10-17 00:00:00+00:00,88956.19947468849,0.0,4568.085151306572,4.898407527525572,4.496226159798382
2025-10-18 00:00:00+00:00,88956.19947468849,0.0,0.0,4.898407527525572,4.898407527525572
2025-10-19 00:00:00+00:00,88956.19947468849,0.0,0.0,4.898407527525572,4.898407527525572
2025-10-20 00:00:00+00:00,88956.19947468849,0.0,0.0,4.898407527525572,4.898407527525572
2025-10-21 00:00:00+00:00,88956.19947468849,0.0,0.0,4.898407527525572,4.898407527525572
2025-10-22 00:00:00+00:00,88956.19947468849,0.0,0.0,4.898407527525572,4.898407527525572
2025-10-23 00:00:00+00:00,88956.19947468849,0.0,0.0,4.898407527525572,4.898407527525572
2025-10-24 00:00:00+00:00,88956.19947468849,0.0,0.0,4.898407527525572,4.898407527525572
2025-10-25 00:00:00+00:00,88956.19947468849,0.0,0.0,4.898407527525572,4.898407527525572
2025-10-26 00:00:00+00:00,88956.19947468849,0.0,0.0,4.898407527525572,4.898407527525572
2025-10-27 00:00:00+00:00,88956.19947468849,0.0,0.0,4.898407527525572,4.898407527525572
2025-10-28 00:00:00+00:00,89242.86914640618,0.0,286.6696717176965,4.914193103867048,4.744164117912669
2025-10-29 00:00:00+00:00,93044.51182645193,0.0,3801.642680045741,5.123532028313762,4.758444323878725
2025-10-30 00:00:00+00:00,97928.14573283066,0.0,4883.633906378731,5.39245121809425,4.997253314820691
2025-10-31 00:00:00+00:00,95736.53153228297,0.0,-2191.614200547687,5.271769134543127,5.114520374832222
2025-11-01 00:00:00+00:00,94807.95668238352,300.0,-1228.5748498994508,5.204328517208891,5.110780548604786
2025-11-02 00:00:00+00:00,93215.29701939938,0.0,-1592.659662984137,5.116902056473695,5.085487157778252
2025-11-03 00:00:00+00:00,108230.94021755521,0.0,15015.643198155827,5.941161357432943,5.095430500728347
2025-11-04 00:00:00+00:00,126597.13040943631,0.0,18366.190191881105,6.94934348383721,5.804672044762745
2025-11-05 00:00:00+00:00,126597.13040943631,0.0,0.0,6.94934348383721,6.94934348383721
2025-11-06 00:00:00+00:00,126597.13040943631,0.0,0.0,6.94934348383721,6.94934348383721
2025-11-07 00:00:00+00:00,126597.13040943631,0.0,0.0,6.94934348383721,6.94934348383721
2025-11-08 00:00:00+00:00,126597.13040943631,0.0,0.0,6.94934348383721,6.94934348383721
2025-11-09 00:00:00+00:00,126597.13040943631,0.0,0.0,6.94934348383721,6.94934348383721
2025-11-10 00:00:00+00:00,126597.13040943631,0.0,0.0,6.94934348383721,6.94934348383721
2025-11-11 00:00:00+00:00,126597.13040943631,0.0,0.0,6.94934348383721,6.94934348383721
2025-11-12 00:00:00+00:00,126597.13040943631,0.0,0.0,6.94934348383721,6.94934348383721
2025-11-13 00:00:00+00:00,126597.13040943631,0.0,0.0,6.94934348383721,6.94934348383721
2025-11-14 00:00:00+00:00,126597.13040943631,0.0,0.0,6.94934348383721,6.94934348383721
2025-11-15 00:00:00+00:00,126597.13040943631,0.0,0.0,6.94934348383721,6.94934348383721
2025-11-16 00:00:00+00:00,126597.13040943631,0.0,0.0,6.94934348383721,6.94934348383721
2025-11-17 00:00:00+00:00,126597.13040943631,0.0,0.0,6.94934348383721,6.94934348383721
2025-11-18 00:00:00+00:00,126597.13040943631,0.0,0.0,6.94934348383721,6.94934348383721
2025-11-19 00:00:00+00:00,126597.13040943631,0.0,0.0,6.94934348383721,6.94934348383721
2025-11-20 00:00:00+00:00,126597.13040943631,0.0,0.0,6.94934348383721,6.94934348383721
2025-11-21 00:00:00+00:00,126597.13040943631,0.0,0.0,6.94934348383721,6.94934348383721
2025-11-22 00:00:00+00:00,126597.13040943631,0.0,0.0,6.94934348383721,6.94934348383721
2025-11-23 00:00:00+00:00,126597.13040943631,0.0,0.0,6.94934348383721,6.94934348383721
2025-11-24 00:00:00+00:00,126597.13040943631,0.0,0.0,6.94934348383721,6.94934348383721
2025-11-25 00:00:00+00:00,126597.13040943631,0.0,0.0,6.94934348383721,6.94934348383721
2025-11-26 00:00:00+00:00,126597.13040943631,0.0,0.0,6.94934348383721,6.94934348383721
2025-11-27 00:00:00+00:00,126597.13040943631,0.0,0.0,6.94934348383721,6.94934348383721
2025-11-28 00:00:00+00:00,126597.13040943631,0.0,0.0,6.94934348383721,6.94934348383721
2025-11-29 00:00:00+00:00,126597.13040943631,0.0,0.0,6.94934348383721,6.94934348383721
2025-11-30 00:00:00+00:00,126597.13040943631,0.0,0.0,6.94934348383721,6.94934348383721
2025-12-01 00:00:00+00:00,126897.13040943631,300.0,0.0,6.949343483837209,6.949343483837209
2025-12-02 00:00:00+00:00,126897.13040943631,0.0,0.0,6.949343483837209,6.949343483837209
2025-12-03 00:00:00+00:00,126897.13040943631,0.0,0.0,6.949343483837209,6.949343483837209
2025-12-04 00:00:00+00:00,124110.59934046818,0.0,-2786.5310689681355,6.796743015535338,6.665149684012634
2025-12-05 00:00:00+00:00,127707.07852028197,0.0,3596.4791798137885,6.9936991568787565,6.5153716856957
2025-12-06 00:00:00+00:00,126696.24631275632,0.0,-1010.8322075256438,6.93834234784804,6.832006501768621
2025-12-07 00:00:00+00:00,125334.43534696505,0.0,-1361.8109657912719,6.863764679063846,6.550941894778438
2025-12-08 00:00:00+00:00,119849.0247962946,0.0,-5485.410550670451,6.563363858781475,6.376922396427925
2025-12-09 00:00:00+00:00,111958.99749659785,0.0,-7890.027299696754,6.131277572625645,6.108508712276316
2025-12-10 00:00:00+00:00,111958.99749659785,0.0,0.0,6.131277572625645,6.131277572625645
2025-12-11 00:00:00+00:00,110404.91534691447,0.0,-1554.0821496833814,6.046170441948979,5.950484149287257
2025-12-12 00:00:00+00:00,109377.78392705266,0.0,-1027.1314198618056,5.989921029400165,5.936581695316391
2025-12-13 00:00:00+00:00,107447.63388522467,0.0,-1930.1500418279902,5.884219067718862,5.80977187986061
2025-12-14 00:00:00+00:00,110864.15773183726,0.0,3416.5238466125884,6.07132020747061,5.8312644351921445
2025-12-15 00:00:00+00:00,114900.79682347449,0.0,4036.639091637233,6.292381089442971,5.653566045895148
2025-12-16 00:00:00+00:00,115062.72856430693,0.0,161.9317408324423,6.301249054261005,6.2395035946316755
2025-12-17 00:00:00+00:00,123295.6454762924,0.0,8232.916911985463,6.752113209428889,6.063531521314244
2025-12-18 00:00:00+00:00,123593.52340120907,0.0,297.87792491666914,6.76842607647182,6.178994372525749
2025-12-19 00:00:00+00:00,113980.78408379496,0.0,-9612.739317414103,6.241997881273405,6.10454955768761
2025-12-20 00:00:00+00:00,114111.87807433751,0.0,131.09399054254754,6.24917705991998,6.191252165198583
2025-12-21 00:00:00+00:00,112579.45443051725,0.0,-1532.4236438202643,6.16525602695966,6.128608998698521
2025-12-22 00:00:00+00:00,108919.0552886699,0.0,-3660.399141847345,5.964799398487716,5.901796363813728
2025-12-23 00:00:00+00:00,108919.0552886699,0.0,0.0,5.964799398487716,5.964799398487716
2025-12-24 00:00:00+00:00,108919.0552886699,0.0,0.0,5.964799398487716,5.964799398487716
2025-12-25 00:00:00+00:00,108919.0552886699,0.0,0.0,5.964799398487716,5.964799398487716
2025-12-26 00:00:00+00:00,108919.0552886699,0.0,0.0,5.964799398487716,5.964799398487716
2025-12-27 00:00:00+00:00,108919.0552886699,0.0,0.0,5.964799398487716,5.964799398487716
2025-12-28 00:00:00+00:00,108919.0552886699,0.0,0.0,5.964799398487716,5.964799398487716
2025-12-29 00:00:00+00:00,114177.81462749821,0.0,5258.759338828313,6.252787982835065,5.932932707678318
2025-12-30 00:00:00+00:00,111847.68548302409,0.0,-2330.129144474122,6.125181726220721,5.999047527927014
2025-12-31 00:00:00+00:00,111987.41621954876,0.0,139.730736524667,6.13283388415547,5.934501041458263
2026-01-01 00:00:00+00:00,110200.9293547583,300.0,-2086.486864790466,6.0188757563215995,5.996941661517103
2026-01-02 00:00:00+00:00,107503.23039388811,0.0,-2697.6989608701842,5.871534758668439,5.8341183810601365
2026-01-03 00:00:00+00:00,107503.23039388811,0.0,0.0,5.871534758668439,5.871534758668439
2026-01-04 00:00:00+00:00,107503.23039388811,0.0,0.0,5.871534758668439,5.871534758668439
2026-01-05 00:00:00+00:00,107503.23039388811,0.0,0.0,5.871534758668439,5.871534758668439
2026-01-06 00:00:00+00:00,107503.23039388811,0.0,0.0,5.871534758668439,5.871534758668439
2026-01-07 00:00:00+00:00,107503.23039388811,0.0,0.0,5.871534758668439,5.871534758668439
2026-01-08 00:00:00+00:00,107503.23039388811,0.0,0.0,5.871534758668439,5.871534758668439
2026-01-09 00:00:00+00:00,107503.23039388811,0.0,0.0,5.871534758668439,5.871534758668439
2026-01-10 00:00:00+00:00,107503.23039388811,0.0,0.0,5.871534758668439,5.871534758668439
2026-01-11 00:00:00+00:00,107503.23039388811,0.0,0.0,5.871534758668439,5.871534758668439
2026-01-12 00:00:00+00:00,107503.23039388811,0.0,0.0,5.871534758668439,5.871534758668439
2026-01-13 00:00:00+00:00,107503.23039388811,0.0,0.0,5.871534758668439,5.871534758668439
2026-01-14 00:00:00+00:00,107503.23039388811,0.0,0.0,5.871534758668439,5.871534758668439
2026-01-15 00:00:00+00:00,107503.23039388811,0.0,0.0,5.871534758668439,5.871534758668439
2026-01-16 00:00:00+00:00,107503.23039388811,0.0,0.0,5.871534758668439,5.871534758668439
2026-01-17 00:00:00+00:00,107503.23039388811,0.0,0.0,5.871534758668439,5.871534758668439
2026-01-18 00:00:00+00:00,107503.23039388811,0.0,0.0,5.871534758668439,5.871534758668439
2026-01-19 00:00:00+00:00,107503.23039388811,0.0,0.0,5.871534758668439,5.871534758668439
2026-01-20 00:00:00+00:00,107503.23039388811,0.0,0.0,5.871534758668439,5.871534758668439
2026-01-21 00:00:00+00:00,107503.23039388811,0.0,0.0,5.871534758668439,5.871534758668439
2026-01-22 00:00:00+00:00,107503.23039388811,0.0,0.0,5.871534758668439,5.871534758668439
2026-01-23 00:00:00+00:00,107503.23039388811,0.0,0.0,5.871534758668439,5.871534758668439
2026-01-24 00:00:00+00:00,107503.23039388811,0.0,0.0,5.871534758668439,5.871534758668439
2026-01-25 00:00:00+00:00,109455.15432975805,0.0,1951.9239358699415,5.9781435479461695,5.839765517994433
2026-01-26 00:00:00+00:00,101507.50849414218,0.0,-7947.645835615869,5.544064696525365,5.464920798275157
2026-01-27 00:00:00+00:00,95001.65141885245,0.0,-6505.857075289736,5.188732435229294,5.171291024108663
2026-01-28 00:00:00+00:00,95001.65141885245,0.0,0.0,5.188732435229294,5.188732435229294
2026-01-29 00:00:00+00:00,98569.78681975327,0.0,3568.135400900821,5.383614309506587,5.177941585172822
2026-01-30 00:00:00+00:00,103971.7327517375,0.0,5401.945931984228,5.678653939365899,5.36051360935987
2026-01-31 00:00:00+00:00,118343.81350131593,0.0,14372.08074957844,6.463617994551509,5.605788384426743
2026-02-01 00:00:00+00:00,132336.9935268176,300.0,13693.180025501657,7.2096112512035635,6.362959461051129
2026-02-02 00:00:00+00:00,126467.17943401737,0.0,-5869.814092800225,6.889828576698797,6.692288951571174
2026-02-03 00:00:00+00:00,135017.64060100963,0.0,8550.46116699226,7.355650712971179,6.835851363246662
2026-02-04 00:00:00+00:00,141459.00171131734,0.0,6441.361110307713,7.706570801876846,7.097994371622151
2026-02-05 00:00:00+00:00,165787.0795129362,0.0,24328.07780161887,9.031944597701848,7.604855022358441
2026-02-06 00:00:00+00:00,147820.90549957735,0.0,-17966.17401335886,8.05316212081609,7.925500255153374
2026-02-07 00:00:00+00:00,151042.1197413485,0.0,3221.214241771144,8.228651240079664,7.8238522380751565
2026-02-08 00:00:00+00:00,151042.1197413485,0.0,0.0,8.228651240079664,8.228651240079664
2026-02-09 00:00:00+00:00,151042.1197413485,0.0,0.0,8.228651240079664,8.228651240079664
2026-02-10 00:00:00+00:00,151042.1197413485,0.0,0.0,8.228651240079664,8.228651240079664
2026-02-11 00:00:00+00:00,151042.1197413485,0.0,0.0,8.228651240079664,8.228651240079664
2026-02-12 00:00:00+00:00,151042.1197413485,0.0,0.0,8.228651240079664,8.228651240079664
2026-02-13 00:00:00+00:00,151042.1197413485,0.0,0.0,8.228651240079664,8.228651240079664
2026-02-14 00:00:00+00:00,151042.1197413485,0.0,0.0,8.228651240079664,8.228651240079664
2026-02-15 00:00:00+00:00,151042.1197413485,0.0,0.0,8.228651240079664,8.228651240079664
2026-02-16 00:00:00+00:00,151042.1197413485,0.0,0.0,8.228651240079664,8.228651240079664
2026-02-17 00:00:00+00:00,151042.1197413485,0.0,0.0,8.228651240079664,8.228651240079664
2026-02-18 00:00:00+00:00,151042.1197413485,0.0,0.0,8.228651240079664,8.228651240079664
2026-02-19 00:00:00+00:00,151042.1197413485,0.0,0.0,8.228651240079664,8.228651240079664
2026-02-20 00:00:00+00:00,151042.1197413485,0.0,0.0,8.228651240079664,8.228651240079664
2026-02-21 00:00:00+00:00,151042.1197413485,0.0,0.0,8.228651240079664,8.228651240079664
2026-02-22 00:00:00+00:00,151042.1197413485,0.0,0.0,8.228651240079664,8.228651240079664
2026-02-23 00:00:00+00:00,151042.1197413485,0.0,0.0,8.228651240079664,8.228651240079664
2026-02-24 00:00:00+00:00,151042.1197413485,0.0,0.0,8.228651240079664,8.228651240079664
2026-02-25 00:00:00+00:00,151042.1197413485,0.0,0.0,8.228651240079664,8.228651240079664
2026-02-26 00:00:00+00:00,151042.1197413485,0.0,0.0,8.228651240079664,8.228651240079664
2026-02-27 00:00:00+00:00,151042.1197413485,0.0,0.0,8.228651240079664,8.228651240079664
2026-02-28 00:00:00+00:00,151042.1197413485,0.0,0.0,8.228651240079664,8.228651240079664
2026-03-01 00:00:00+00:00,151342.1197413485,300.0,0.0,8.228651240079664,8.228651240079664
2026-03-02 00:00:00+00:00,151342.1197413485,0.0,0.0,8.228651240079664,8.228651240079664
2026-03-03 00:00:00+00:00,151342.1197413485,0.0,0.0,8.228651240079664,8.228651240079664
2026-03-04 00:00:00+00:00,151342.1197413485,0.0,0.0,8.228651240079664,8.228651240079664
2026-03-05 00:00:00+00:00,151023.77149661508,0.0,-318.34824473340996,8.211342266984271,8.075839514397172
2026-03-06 00:00:00+00:00,160045.80809588026,0.0,9022.036599265179,8.701881138631279,8.108069333745895
2026-03-07 00:00:00+00:00,160938.38105128735,0.0,892.5729554070858,8.750411392924827,8.609460947982418
2026-03-08 00:00:00+00:00,163987.329598474,0.0,3048.94854718665,8.916186355550066,8.69444126626062
2026-03-09 00:00:00+00:00,158541.13992939194,0.0,-5446.189669082058,8.620070538943347,8.308804950914194
2026-03-10 00:00:00+00:00,154451.58725497444,0.0,-4089.5526744175004,8.397716690964815,8.130341666877122
2026-03-11 00:00:00+00:00,152956.48689815085,0.0,-1495.1003568235901,8.316426304479902,8.140986865288975
2026-03-12 00:00:00+00:00,150850.82489488833,0.0,-2105.6620032625215,8.20193895433609,8.089211585237313
2026-03-13 00:00:00+00:00,150850.82489488833,0.0,0.0,8.20193895433609,8.20193895433609
2026-03-14 00:00:00+00:00,149722.32307276546,0.0,-1128.5018221228675,8.140580966659467,8.140580966659467
2026-03-15 00:00:00+00:00,149722.32307276546,0.0,0.0,8.140580966659467,8.140580966659467
2026-03-16 00:00:00+00:00,149722.32307276546,0.0,0.0,8.140580966659467,8.140580966659467
2026-03-17 00:00:00+00:00,149722.32307276546,0.0,0.0,8.140580966659467,8.140580966659467
2026-03-18 00:00:00+00:00,149722.32307276546,0.0,0.0,8.140580966659467,8.140580966659467
2026-03-19 00:00:00+00:00,148602.50194390968,0.0,-1119.8211288557795,8.079694958611114,8.064593589289275
2026-03-20 00:00:00+00:00,148602.50194390968,0.0,0.0,8.079694958611114,8.079694958611114
2026-03-21 00:00:00+00:00,148602.50194390968,0.0,0.0,8.079694958611114,8.079694958611114
2026-03-22 00:00:00+00:00,151341.95204978698,0.0,2739.450105877302,8.22864212248981,7.8499003741512645
2026-03-23 00:00:00+00:00,143402.35178407448,0.0,-7939.600265712506,7.796956603059738,7.473619476834047
2026-03-24 00:00:00+00:00,139355.68970227678,0.0,-4046.6620817976946,7.576934767667998,7.5563705649365644
2026-03-25 00:00:00+00:00,139355.68970227678,0.0,0.0,7.576934767667998,7.576934767667998
2026-03-26 00:00:00+00:00,144794.70354832459,0.0,5439.013846047805,7.872660426232723,7.535648918449217
2026-03-27 00:00:00+00:00,151115.12680032873,0.0,6320.4232520041405,8.2163093636159,7.785940751435667
2026-03-28 00:00:00+00:00,150872.64943945498,0.0,-242.47736087374506,8.203125580808743,7.973843820702985
2026-03-29 00:00:00+00:00,151874.2310801086,0.0,1001.5816406536323,8.257582767106193,8.07715112311408
2026-03-30 00:00:00+00:00,147886.1855857567,0.0,-3988.0454943519144,8.040747985363492,7.743402410280834
2026-03-31 00:00:00+00:00,140812.23681190624,0.0,-7073.948773850454,7.656128968201006,7.547516297053767
2026-04-01 00:00:00+00:00,139847.65301913396,300.0,-1264.5837927722896,7.587518216736081,7.574391632811634
2026-04-02 00:00:00+00:00,141243.09400366858,0.0,1395.4409845346236,7.663228703554819,7.564072793389739
2026-04-03 00:00:00+00:00,141548.8886339894,0.0,305.79463032083004,7.679819774466977,7.554246084390933
2026-04-04 00:00:00+00:00,140456.06292524037,0.0,-1092.8257087490347,7.620527860774894,7.524982772457004
2026-04-05 00:00:00+00:00,136137.1077195569,0.0,-4318.95520568348,7.386200358003668,7.320258914545641
2026-04-06 00:00:00+00:00,135960.70139276708,0.0,-176.40632678981638,7.3766293270341174,7.3766293270341174
2026-04-07 00:00:00+00:00,135960.70139276708,0.0,0.0,7.3766293270341174,7.3766293270341174
2026-04-08 00:00:00+00:00,135960.70139276708,0.0,0.0,7.3766293270341174,7.3766293270341174
2026-04-09 00:00:00+00:00,135960.70139276708,0.0,0.0,7.3766293270341174,7.3766293270341174
2026-04-10 00:00:00+00:00,135960.70139276708,0.0,0.0,7.3766293270341174,7.3766293270341174
2026-04-11 00:00:00+00:00,135960.70139276708,0.0,0.0,7.3766293270341174,7.3766293270341174
2026-04-12 00:00:00+00:00,135960.70139276708,0.0,0.0,7.3766293270341174,7.3766293270341174
2026-04-13 00:00:00+00:00,135960.70139276708,0.0,0.0,7.3766293270341174,7.3766293270341174
2026-04-14 00:00:00+00:00,135960.70139276708,0.0,0.0,7.3766293270341174,7.3766293270341174
2026-04-15 00:00:00+00:00,135960.70139276708,0.0,0.0,7.3766293270341174,7.3766293270341174
2026-04-16 00:00:00+00:00,135960.70139276708,0.0,0.0,7.3766293270341174,7.3766293270341174
2026-04-17 00:00:00+00:00,135960.70139276708,0.0,0.0,7.3766293270341174,7.3766293270341174
2026-04-18 00:00:00+00:00,135960.70139276708,0.0,0.0,7.3766293270341174,7.3766293270341174
2026-04-19 00:00:00+00:00,135960.70139276708,0.0,0.0,7.3766293270341174,7.3766293270341174
2026-04-20 00:00:00+00:00,135960.70139276708,0.0,0.0,7.3766293270341174,7.3766293270341174
2026-04-21 00:00:00+00:00,135960.70139276708,0.0,0.0,7.3766293270341174,7.3766293270341174
2026-04-22 00:00:00+00:00,135960.70139276708,0.0,0.0,7.3766293270341174,7.3766293270341174
2026-04-23 00:00:00+00:00,135960.70139276708,0.0,0.0,7.3766293270341174,7.3766293270341174
2026-04-24 00:00:00+00:00,135960.70139276708,0.0,0.0,7.3766293270341174,7.3766293270341174
2026-04-25 00:00:00+00:00,135960.70139276708,0.0,0.0,7.3766293270341174,7.3766293270341174
2026-04-26 00:00:00+00:00,135960.70139276708,0.0,0.0,7.3766293270341174,7.3766293270341174
2026-04-27 00:00:00+00:00,135960.70139276708,0.0,0.0,7.3766293270341174,7.3766293270341174
2026-04-28 00:00:00+00:00,135960.70139276708,0.0,0.0,7.3766293270341174,7.3766293270341174
2026-04-29 00:00:00+00:00,135960.70139276708,0.0,0.0,7.3766293270341174,7.3766293270341174
2026-04-30 00:00:00+00:00,135960.70139276708,0.0,0.0,7.3766293270341174,7.3766293270341174
2026-05-01 00:00:00+00:00,136260.70139276708,300.0,0.0,7.3766293270341174,7.3766293270341174
2026-05-02 00:00:00+00:00,136260.70139276708,0.0,0.0,7.3766293270341174,7.3766293270341174
2026-05-03 00:00:00+00:00,136260.70139276708,0.0,0.0,7.3766293270341174,7.3766293270341174
2026-05-04 00:00:00+00:00,136260.70139276708,0.0,0.0,7.3766293270341174,7.3766293270341174
2026-05-05 00:00:00+00:00,136260.70139276708,0.0,0.0,7.3766293270341174,7.3766293270341174
2026-05-06 00:00:00+00:00,136260.70139276708,0.0,0.0,7.3766293270341174,7.3766293270341174
2026-05-07 00:00:00+00:00,136260.70139276708,0.0,0.0,7.3766293270341174,7.3766293270341174
2026-05-08 00:00:00+00:00,136260.70139276708,0.0,0.0,7.3766293270341174,7.3766293270341174
2026-05-09 00:00:00+00:00,136260.70139276708,0.0,0.0,7.3766293270341174,7.3766293270341174
2026-05-10 00:00:00+00:00,136260.70139276708,0.0,0.0,7.3766293270341174,7.3766293270341174
2026-05-11 00:00:00+00:00,136260.70139276708,0.0,0.0,7.3766293270341174,7.3766293270341174
2026-05-12 00:00:00+00:00,136260.70139276708,0.0,0.0,7.3766293270341174,7.3766293270341174
2026-05-13 00:00:00+00:00,136260.70139276708,0.0,0.0,7.3766293270341174,7.3766293270341174
2026-05-14 00:00:00+00:00,136260.70139276708,0.0,0.0,7.3766293270341174,7.3766293270341174
2026-05-15 00:00:00+00:00,135676.9890022764,0.0,-583.7123904906912,7.3450293874019605,7.336976770913069
2026-05-16 00:00:00+00:00,139678.84734292116,0.0,4001.8583406447724,7.5616745778090255,7.310999037826023
2026-05-17 00:00:00+00:00,139388.55273117425,0.0,-290.29461174691096,7.545959146106383,7.476407725133525
2026-05-18 00:00:00+00:00,139388.55273117425,0.0,0.0,7.545959146106383,7.545959146106383
2026-05-19 00:00:00+00:00,139388.55273117425,0.0,0.0,7.545959146106383,7.545959146106383
2026-05-20 00:00:00+00:00,139388.55273117425,0.0,0.0,7.545959146106383,7.545959146106383
2026-05-21 00:00:00+00:00,139388.55273117425,0.0,0.0,7.545959146106383,7.545959146106383
2026-05-22 00:00:00+00:00,139388.55273117425,0.0,0.0,7.545959146106383,7.545959146106383
2026-05-23 00:00:00+00:00,130439.02925416305,0.0,-8949.5234770112,7.061466429800686,6.8878815820499755
2026-05-24 00:00:00+00:00,132256.1588921719,0.0,1817.129638008846,7.1598388265500725,6.995182455152515
2026-05-25 00:00:00+00:00,130421.68035236826,0.0,-1834.4785398036329,7.0605272271071495,7.027711212361646
2026-05-26 00:00:00+00:00,130421.68035236826,0.0,0.0,7.0605272271071495,7.0605272271071495
2026-05-27 00:00:00+00:00,130421.68035236826,0.0,0.0,7.0605272271071495,7.0605272271071495
2026-05-28 00:00:00+00:00,130421.68035236826,0.0,0.0,7.0605272271071495,7.0605272271071495
2026-05-29 00:00:00+00:00,130421.68035236826,0.0,0.0,7.0605272271071495,7.0605272271071495
2026-05-30 00:00:00+00:00,130421.68035236826,0.0,0.0,7.0605272271071495,7.0605272271071495
2026-05-31 00:00:00+00:00,132515.30459997404,0.0,2093.6242476057814,7.173867976617619,7.051865092028632
2026-06-01 00:00:00+00:00,132881.44331174975,300.0,66.13871177571127,7.1774404028825085,7.097486223741896
2026-06-02 00:00:00+00:00,147428.5584545723,0.0,14547.115142822557,7.9631863232253695,7.17693154085121
2026-06-03 00:00:00+00:00,152054.19279711854,0.0,4625.6343425462255,8.213034714330378,7.789065982965854
2026-06-04 00:00:00+00:00,156268.13763068474,0.0,4213.944833566202,8.440646163680746,8.174206729896767
2026-06-05 00:00:00+00:00,174747.21880547333,0.0,18479.08117478859,9.43877276831814,8.419020024550795
2026-06-06 00:00:00+00:00,176087.05415600704,0.0,1339.8353505337145,9.511142454697673,9.342229520009273
2026-06-07 00:00:00+00:00,171827.41164475968,0.0,-4259.642511247366,9.281062697132612,9.224024921589429
2026-06-08 00:00:00+00:00,171827.41164475968,0.0,0.0,9.281062697132612,9.281062697132612
2026-06-09 00:00:00+00:00,171827.41164475968,0.0,0.0,9.281062697132612,9.281062697132612
2026-06-10 00:00:00+00:00,171827.41164475968,0.0,0.0,9.281062697132612,9.281062697132612
2026-06-11 00:00:00+00:00,171827.41164475968,0.0,0.0,9.281062697132612,9.281062697132612
2026-06-12 00:00:00+00:00,171827.41164475968,0.0,0.0,9.281062697132612,9.281062697132612
2026-06-13 00:00:00+00:00,171827.41164475968,0.0,0.0,9.281062697132612,9.281062697132612
2026-06-14 00:00:00+00:00,171827.41164475968,0.0,0.0,9.281062697132612,9.281062697132612
2026-06-15 00:00:00+00:00,171827.41164475968,0.0,0.0,9.281062697132612,9.281062697132612
2026-06-16 00:00:00+00:00,171827.41164475968,0.0,0.0,9.281062697132612,9.281062697132612
2026-06-17 00:00:00+00:00,171827.41164475968,0.0,0.0,9.281062697132612,9.281062697132612
2026-06-18 00:00:00+00:00,171827.41164475968,0.0,0.0,9.281062697132612,9.281062697132612
2026-06-19 00:00:00+00:00,171827.41164475968,0.0,0.0,9.281062697132612,9.281062697132612
2026-06-20 00:00:00+00:00,171827.41164475968,0.0,0.0,9.281062697132612,9.281062697132612
2026-06-21 00:00:00+00:00,171827.41164475968,0.0,0.0,9.281062697132612,9.281062697132612
2026-06-22 00:00:00+00:00,171827.41164475968,0.0,0.0,9.281062697132612,9.281062697132612
2026-06-23 00:00:00+00:00,171827.41164475968,0.0,0.0,9.281062697132612,9.281062697132612
2026-06-24 00:00:00+00:00,171827.41164475968,0.0,0.0,9.281062697132612,9.281062697132612
2026-06-25 00:00:00+00:00,171827.41164475968,0.0,0.0,9.281062697132612,9.281062697132612
2026-06-26 00:00:00+00:00,171827.41164475968,0.0,0.0,9.281062697132612,9.281062697132612
2026-06-27 00:00:00+00:00,171827.41164475968,0.0,0.0,9.281062697132612,9.281062697132612
2026-06-28 00:00:00+00:00,171827.41164475968,0.0,0.0,9.281062697132612,9.281062697132612
2026-06-29 00:00:00+00:00,171827.41164475968,0.0,0.0,9.281062697132612,9.281062697132612
2026-06-30 00:00:00+00:00,171827.41164475968,0.0,0.0,9.281062697132612,9.281062697132612
2026-07-01 00:00:00+00:00,172127.41164475968,300.0,0.0,9.281062697132612,9.281062697132612
2026-07-02 00:00:00+00:00,172127.41164475968,0.0,0.0,9.281062697132612,9.281062697132612
2026-07-03 00:00:00+00:00,172127.41164475968,0.0,0.0,9.281062697132612,9.281062697132612
2026-07-04 00:00:00+00:00,172127.41164475968,0.0,0.0,9.281062697132612,9.281062697132612
2026-07-05 00:00:00+00:00,172127.41164475968,0.0,0.0,9.281062697132612,9.281062697132612
2026-07-06 00:00:00+00:00,172127.41164475968,0.0,0.0,9.281062697132612,9.281062697132612
2026-07-07 00:00:00+00:00,172127.41164475968,0.0,0.0,9.281062697132612,9.281062697132612
2026-07-08 00:00:00+00:00,171038.27653531727,0.0,-1089.1351094424026,9.222336831567137,9.21897308420463
2026-07-09 00:00:00+00:00,168960.37820294476,0.0,-2077.8983323725115,9.110297124952496,9.110297124952496
2026-07-10 00:00:00+00:00,168960.37820294476,0.0,0.0,9.110297124952496,9.110297124952496
2026-07-11 00:00:00+00:00,168960.37820294476,0.0,0.0,9.110297124952496,9.110297124952496
2026-07-12 00:00:00+00:00,168960.37820294476,0.0,0.0,9.110297124952496,9.110297124952496
2026-07-13 00:00:00+00:00,168960.37820294476,0.0,0.0,9.110297124952496,9.110297124952496
2026-07-14 00:00:00+00:00,168960.37820294476,0.0,0.0,9.110297124952496,9.110297124952496
2026-07-15 00:00:00+00:00,168960.37820294476,0.0,0.0,9.110297124952496,9.110297124952496
2026-07-16 00:00:00+00:00,168960.37820294476,0.0,0.0,9.110297124952496,9.110297124952496
2026-07-17 00:00:00+00:00,168960.37820294476,0.0,0.0,9.110297124952496,9.110297124952496
2026-07-18 00:00:00+00:00,168960.37820294476,0.0,0.0,9.110297124952496,9.110297124952496
2026-07-19 00:00:00+00:00,168960.37820294476,0.0,0.0,9.110297124952496,9.110297124952496
2026-07-20 00:00:00+00:00,168960.37820294476,0.0,0.0,9.110297124952496,9.110297124952496
2026-07-21 00:00:00+00:00,168960.37820294476,0.0,0.0,9.110297124952496,9.110297124952496
2026-07-22 00:00:00+00:00,168960.37820294476,0.0,0.0,9.110297124952496,9.110297124952496
2026-07-23 00:00:00+00:00,168960.37820294476,0.0,0.0,9.110297124952496,9.110297124952496
2026-07-24 00:00:00+00:00,168960.37820294476,0.0,0.0,9.110297124952496,9.110297124952496
2026-07-25 00:00:00+00:00,168960.37820294476,0.0,0.0,9.110297124952496,9.110297124952496
2026-07-26 00:00:00+00:00,168960.37820294476,0.0,0.0,9.110297124952496,9.110297124952496
2026-07-27 00:00:00+00:00,168960.37820294476,0.0,0.0,9.110297124952496,9.110297124952496
2026-07-28 00:00:00+00:00,168960.37820294476,0.0,0.0,9.110297124952496,9.110297124952496
2026-07-29 00:00:00+00:00,168960.37820294476,0.0,0.0,9.110297124952496,9.110297124952496
2026-07-30 00:00:00+00:00,168960.37820294476,0.0,0.0,9.110297124952496,9.110297124952496
2026-07-31 00:00:00+00:00,168960.37820294476,0.0,0.0,9.110297124952496,9.110297124952496
2026-08-01 00:00:00+00:00,169260.37820294476,300.0,0.0,9.110297124952496,9.110297124952496
2026-08-02 00:00:00+00:00,169260.37820294476,0.0,0.0,9.110297124952496,9.110297124952496
2026-08-03 00:00:00+00:00,169260.37820294476,0.0,0.0,9.110297124952496,9.110297124952496
2026-08-04 00:00:00+00:00,169260.37820294476,0.0,0.0,9.110297124952496,9.110297124952496
2026-08-05 00:00:00+00:00,169260.37820294476,0.0,0.0,9.110297124952496,9.110297124952496
2026-08-06 00:00:00+00:00,169260.37820294476,0.0,0.0,9.110297124952496,9.110297124952496
2026-08-07 00:00:00+00:00,169260.37820294476,0.0,0.0,9.110297124952496,9.110297124952496
2026-08-08 00:00:00+00:00,169260.37820294476,0.0,0.0,9.110297124952496,9.110297124952496
2026-08-09 00:00:00+00:00,169260.37820294476,0.0,0.0,9.110297124952496,9.110297124952496
2026-08-10 00:00:00+00:00,169260.37820294476,0.0,0.0,9.110297124952496,9.110297124952496
2026-08-11 00:00:00+00:00,169260.37820294476,0.0,0.0,9.110297124952496,9.110297124952496
2026-08-12 00:00:00+00:00,169260.37820294476,0.0,0.0,9.110297124952496,9.110297124952496
2026-08-13 00:00:00+00:00,169260.37820294476,0.0,0.0,9.110297124952496,9.110297124952496
2026-08-14 00:00:00+00:00,169260.37820294476,0.0,0.0,9.110297124952496,9.110297124952496
2026-08-15 00:00:00+00:00,169260.37820294476,0.0,0.0,9.110297124952496,9.110297124952496
2026-08-16 00:00:00+00:00,169260.37820294476,0.0,0.0,9.110297124952496,9.110297124952496
2026-08-17 00:00:00+00:00,169260.37820294476,0.0,0.0,9.110297124952496,9.110297124952496
2026-08-18 00:00:00+00:00,169260.37820294476,0.0,0.0,9.110297124952496,9.110297124952496
2026-08-19 00:00:00+00:00,169260.37820294476,0.0,0.0,9.110297124952496,9.110297124952496
2026-08-20 00:00:00+00:00,169260.37820294476,0.0,0.0,9.110297124952496,9.110297124952496
2026-08-21 00:00:00+00:00,169260.37820294476,0.0,0.0,9.110297124952496,9.110297124952496
2026-08-22 00:00:00+00:00,169260.37820294476,0.0,0.0,9.110297124952496,9.110297124952496
2026-08-23 00:00:00+00:00,169260.37820294476,0.0,0.0,9.110297124952496,9.110297124952496
2026-08-24 00:00:00+00:00,169260.37820294476,0.0,0.0,9.110297124952496,9.110297124952496
2026-08-25 00:00:00+00:00,169260.37820294476,0.0,0.0,9.110297124952496,9.110297124952496
2026-08-26 00:00:00+00:00,169260.37820294476,0.0,0.0,9.110297124952496,9.110297124952496
2026-08-27 00:00:00+00:00,169260.37820294476,0.0,0.0,9.110297124952496,9.110297124952496
2026-08-28 00:00:00+00:00,169260.37820294476,0.0,0.0,9.110297124952496,9.110297124952496
2026-08-29 00:00:00+00:00,169260.37820294476,0.0,0.0,9.110297124952496,9.110297124952496
2026-08-30 00:00:00+00:00,169260.37820294476,0.0,0.0,9.110297124952496,9.110297124952496
2026-08-31 00:00:00+00:00,169260.37820294476,0.0,0.0,9.110297124952496,9.110297124952496
2026-09-01 00:00:00+00:00,169560.37820294476,300.0,0.0,9.110297124952496,9.110297124952496
2026-09-02 00:00:00+00:00,169560.37820294476,0.0,0.0,9.110297124952496,9.110297124952496
2026-09-03 00:00:00+00:00,169560.37820294476,0.0,0.0,9.110297124952496,9.110297124952496
2026-09-04 00:00:00+00:00,169560.37820294476,0.0,0.0,9.110297124952496,9.110297124952496
2026-09-05 00:00:00+00:00,169560.37820294476,0.0,0.0,9.110297124952496,9.110297124952496
2026-09-06 00:00:00+00:00,169560.37820294476,0.0,0.0,9.110297124952496,9.110297124952496
2026-09-07 00:00:00+00:00,169560.37820294476,0.0,0.0,9.110297124952496,9.110297124952496
2026-09-08 00:00:00+00:00,169560.37820294476,0.0,0.0,9.110297124952496,9.110297124952496
2026-09-09 00:00:00+00:00,169560.37820294476,0.0,0.0,9.110297124952496,9.110297124952496
2026-09-10 00:00:00+00:00,169560.37820294476,0.0,0.0,9.110297124952496,9.110297124952496
2026-09-11 00:00:00+00:00,169560.37820294476,0.0,0.0,9.110297124952496,9.110297124952496
2026-09-12 00:00:00+00:00,169560.37820294476,0.0,0.0,9.110297124952496,9.110297124952496
2026-09-13 00:00:00+00:00,169560.37820294476,0.0,0.0,9.110297124952496,9.110297124952496
2026-09-14 00:00:00+00:00,169560.37820294476,0.0,0.0,9.110297124952496,9.110297124952496
2026-09-15 00:00:00+00:00,169560.37820294476,0.0,0.0,9.110297124952496,9.110297124952496
2026-09-16 00:00:00+00:00,169560.37820294476,0.0,0.0,9.110297124952496,9.110297124952496
2026-09-17 00:00:00+00:00,169560.37820294476,0.0,0.0,9.110297124952496,9.110297124952496
2026-09-18 00:00:00+00:00,169560.37820294476,0.0,0.0,9.110297124952496,9.110297124952496
2026-09-19 00:00:00+00:00,169560.37820294476,0.0,0.0,9.110297124952496,9.110297124952496
2026-09-20 00:00:00+00:00,169560.37820294476,0.0,0.0,9.110297124952496,9.110297124952496
2026-09-21 00:00:00+00:00,169560.37820294476,0.0,0.0,9.110297124952496,9.110297124952496
2026-09-22 00:00:00+00:00,169560.37820294476,0.0,0.0,9.110297124952496,9.110297124952496
2026-09-23 00:00:00+00:00,169560.37820294476,0.0,0.0,9.110297124952496,9.110297124952496
2026-09-24 00:00:00+00:00,169560.37820294476,0.0,0.0,9.110297124952496,9.110297124952496
2026-09-25 00:00:00+00:00,169560.37820294476,0.0,0.0,9.110297124952496,9.110297124952496
2026-09-26 00:00:00+00:00,169560.37820294476,0.0,0.0,9.110297124952496,9.110297124952496
2026-09-27 00:00:00+00:00,169560.37820294476,0.0,0.0,9.110297124952496,9.110297124952496
2026-09-28 00:00:00+00:00,169560.37820294476,0.0,0.0,9.110297124952496,9.110297124952496
2026-09-29 00:00:00+00:00,169560.37820294476,0.0,0.0,9.110297124952496,9.110297124952496
2026-09-30 00:00:00+00:00,169560.37820294476,0.0,0.0,9.110297124952496,9.110297124952496
