UTC日期,外部入金U,當日交易盈虧U,日末權益U,累計交易盈虧U
2020-01-01,0.0,0.0,100.0,0.0
2020-01-02,0.0,0.0,100.0,0.0
2020-01-03,0.0,0.0,100.0,0.0
2020-01-04,0.0,0.0,100.0,0.0
2020-01-05,0.0,0.0,100.0,0.0
2020-01-06,0.0,0.0,100.0,0.0
2020-01-07,0.0,0.0,100.0,0.0
2020-01-08,0.0,0.0,100.0,0.0
2020-01-09,0.0,0.0,100.0,0.0
2020-01-10,0.0,0.0,100.0,0.0
2020-01-11,0.0,0.0,100.0,0.0
2020-01-12,0.0,0.0,100.0,0.0
2020-01-13,0.0,0.0,100.0,0.0
2020-01-14,0.0,0.0,100.0,0.0
2020-01-15,0.0,0.0,100.0,0.0
2020-01-16,0.0,0.0,100.0,0.0
2020-01-17,0.0,0.0,100.0,0.0
2020-01-18,0.0,0.0,100.0,0.0
2020-01-19,0.0,0.0,100.0,0.0
2020-01-20,0.0,0.0,100.0,0.0
2020-01-21,0.0,0.0,100.0,0.0
2020-01-22,0.0,0.0,100.0,0.0
2020-01-23,0.0,0.0,100.0,0.0
2020-01-24,0.0,0.0,100.0,0.0
2020-01-25,0.0,0.0,100.0,0.0
2020-01-26,0.0,0.0,100.0,0.0
2020-01-27,0.0,0.0,100.0,0.0
2020-01-28,0.0,0.0,100.0,0.0
2020-01-29,0.0,0.0,100.0,0.0
2020-01-30,0.0,0.0,100.0,0.0
2020-01-31,0.0,0.0,100.0,0.0
2020-02-01,0.0,0.0,100.0,0.0
2020-02-02,0.0,0.0,100.0,0.0
2020-02-03,0.0,0.0,100.0,0.0
2020-02-04,0.0,0.0,100.0,0.0
2020-02-05,0.0,0.0,100.0,0.0
2020-02-06,0.0,0.0,100.0,0.0
2020-02-07,0.0,0.0,100.0,0.0
2020-02-08,0.0,0.0,100.0,0.0
2020-02-09,0.0,0.0,100.0,0.0
2020-02-10,0.0,0.0,100.0,0.0
2020-02-11,0.0,0.0,100.0,0.0
2020-02-12,0.0,0.0,100.0,0.0
2020-02-13,0.0,0.0,100.0,0.0
2020-02-14,0.0,0.0,100.0,0.0
2020-02-15,0.0,0.0,100.0,0.0
2020-02-16,0.0,0.0,100.0,0.0
2020-02-17,0.0,0.0,100.0,0.0
2020-02-18,0.0,0.0,100.0,0.0
2020-02-19,0.0,0.0,100.0,0.0
2020-02-20,0.0,0.0,100.0,0.0
2020-02-21,0.0,0.0,100.0,0.0
2020-02-22,0.0,0.0,100.0,0.0
2020-02-23,0.0,0.0,100.0,0.0
2020-02-24,0.0,0.0,100.0,0.0
2020-02-25,0.0,0.0,100.0,0.0
2020-02-26,0.0,0.0,100.0,0.0
2020-02-27,0.0,0.0,100.0,0.0
2020-02-28,0.0,0.0,100.0,0.0
2020-02-29,0.0,0.0,100.0,0.0
2020-03-01,0.0,0.0,100.0,0.0
2020-03-02,0.0,0.0,100.0,0.0
2020-03-03,0.0,0.0,100.0,0.0
2020-03-04,0.0,0.0,100.0,0.0
2020-03-05,0.0,0.0,100.0,0.0
2020-03-06,0.0,0.0,100.0,0.0
2020-03-07,0.0,0.0,100.0,0.0
2020-03-08,0.0,0.0,100.0,0.0
2020-03-09,0.0,0.0,100.0,0.0
2020-03-10,0.0,0.0,100.0,0.0
2020-03-11,0.0,0.0,100.0,0.0
2020-03-12,0.0,-18.108453315215982,81.89154668478402,-18.108453315215982
2020-03-13,0.0,0.0,81.89154668478402,-18.108453315215982
2020-03-14,0.0,0.0,81.89154668478402,-18.108453315215982
2020-03-15,0.0,0.0,81.89154668478402,-18.108453315215982
2020-03-16,0.0,0.0,81.89154668478402,-18.108453315215982
2020-03-17,0.0,0.0,81.89154668478402,-18.108453315215982
2020-03-18,0.0,0.0,81.89154668478402,-18.108453315215982
2020-03-19,0.0,0.0,81.89154668478402,-18.108453315215982
2020-03-20,0.0,0.0,81.89154668478402,-18.108453315215982
2020-03-21,0.0,0.0,81.89154668478402,-18.108453315215982
2020-03-22,0.0,0.0,81.89154668478402,-18.108453315215982
2020-03-23,0.0,0.0,81.89154668478402,-18.108453315215982
2020-03-24,0.0,0.0,81.89154668478402,-18.108453315215982
2020-03-25,0.0,0.0,81.89154668478402,-18.108453315215982
2020-03-26,0.0,0.0,81.89154668478402,-18.108453315215982
2020-03-27,0.0,0.0,81.89154668478402,-18.108453315215982
2020-03-28,0.0,0.0,81.89154668478402,-18.108453315215982
2020-03-29,0.0,0.0,81.89154668478402,-18.108453315215982
2020-03-30,0.0,0.0,81.89154668478402,-18.108453315215982
2020-03-31,0.0,0.0,81.89154668478402,-18.108453315215982
2020-04-01,300.0,0.0,381.89154668478403,-18.108453315215982
2020-04-02,0.0,0.0,381.89154668478403,-18.108453315215982
2020-04-03,0.0,0.0,381.89154668478403,-18.108453315215982
2020-04-04,0.0,0.0,381.89154668478403,-18.108453315215982
2020-04-05,0.0,0.0,381.89154668478403,-18.108453315215982
2020-04-06,0.0,0.0,381.89154668478403,-18.108453315215982
2020-04-07,0.0,0.0,381.89154668478403,-18.108453315215982
2020-04-08,0.0,0.0,381.89154668478403,-18.108453315215982
2020-04-09,0.0,0.0,381.89154668478403,-18.108453315215982
2020-04-10,0.0,-26.261490134599853,355.6300565501842,-44.369943449815835
2020-04-11,0.0,-16.45905585407985,339.17100069610433,-60.828999303895685
2020-04-12,0.0,0.0,339.17100069610433,-60.828999303895685
2020-04-13,0.0,-19.878130794116487,319.29286990198784,-80.70713009801217
2020-04-14,0.0,0.0,319.29286990198784,-80.70713009801217
2020-04-15,0.0,15.001980252791952,334.2948501547798,-65.70514984522022
2020-04-16,0.0,-71.28459706068276,263.01025309409704,-136.98974690590296
2020-04-17,0.0,0.0,263.01025309409704,-136.98974690590296
2020-04-18,0.0,0.0,263.01025309409704,-136.98974690590296
2020-04-19,0.0,0.0,263.01025309409704,-136.98974690590296
2020-04-20,0.0,0.0,263.01025309409704,-136.98974690590296
2020-04-21,0.0,0.0,263.01025309409704,-136.98974690590296
2020-04-22,0.0,0.0,263.01025309409704,-136.98974690590296
2020-04-23,0.0,0.0,263.01025309409704,-136.98974690590296
2020-04-24,0.0,0.0,263.01025309409704,-136.98974690590296
2020-04-25,0.0,0.0,263.01025309409704,-136.98974690590296
2020-04-26,0.0,0.0,263.01025309409704,-136.98974690590296
2020-04-27,0.0,0.0,263.01025309409704,-136.98974690590296
2020-04-28,0.0,0.0,263.01025309409704,-136.98974690590296
2020-04-29,0.0,0.0,263.01025309409704,-136.98974690590296
2020-04-30,0.0,0.0,263.01025309409704,-136.98974690590296
2020-05-01,300.0,0.0,563.010253094097,-136.98974690590296
2020-05-02,0.0,0.0,563.010253094097,-136.98974690590296
2020-05-03,0.0,0.0,563.010253094097,-136.98974690590296
2020-05-04,0.0,0.0,563.010253094097,-136.98974690590296
2020-05-05,0.0,0.0,563.010253094097,-136.98974690590296
2020-05-06,0.0,0.0,563.010253094097,-136.98974690590296
2020-05-07,0.0,0.0,563.010253094097,-136.98974690590296
2020-05-08,0.0,0.0,563.010253094097,-136.98974690590296
2020-05-09,0.0,0.0,563.010253094097,-136.98974690590296
2020-05-10,0.0,47.55647368668019,610.5667267807772,-89.43327321922277
2020-05-11,0.0,0.0,610.5667267807772,-89.43327321922277
2020-05-12,0.0,0.0,610.5667267807772,-89.43327321922277
2020-05-13,0.0,0.0,610.5667267807772,-89.43327321922277
2020-05-14,0.0,0.0,610.5667267807772,-89.43327321922277
2020-05-15,0.0,0.0,610.5667267807772,-89.43327321922277
2020-05-16,0.0,0.0,610.5667267807772,-89.43327321922277
2020-05-17,0.0,0.0,610.5667267807772,-89.43327321922277
2020-05-18,0.0,0.0,610.5667267807772,-89.43327321922277
2020-05-19,0.0,0.0,610.5667267807772,-89.43327321922277
2020-05-20,0.0,0.0,610.5667267807772,-89.43327321922277
2020-05-21,0.0,0.0,610.5667267807772,-89.43327321922277
2020-05-22,0.0,0.0,610.5667267807772,-89.43327321922277
2020-05-23,0.0,0.0,610.5667267807772,-89.43327321922277
2020-05-24,0.0,0.0,610.5667267807772,-89.43327321922277
2020-05-25,0.0,0.0,610.5667267807772,-89.43327321922277
2020-05-26,0.0,0.0,610.5667267807772,-89.43327321922277
2020-05-27,0.0,0.0,610.5667267807772,-89.43327321922277
2020-05-28,0.0,0.0,610.5667267807772,-89.43327321922277
2020-05-29,0.0,0.0,610.5667267807772,-89.43327321922277
2020-05-30,0.0,0.0,610.5667267807772,-89.43327321922277
2020-05-31,0.0,0.0,610.5667267807772,-89.43327321922277
2020-06-01,300.0,0.0,910.5667267807772,-89.43327321922277
2020-06-02,0.0,0.0,910.5667267807772,-89.43327321922277
2020-06-03,0.0,0.0,910.5667267807772,-89.43327321922277
2020-06-04,0.0,0.0,910.5667267807772,-89.43327321922277
2020-06-05,0.0,0.0,910.5667267807772,-89.43327321922277
2020-06-06,0.0,0.0,910.5667267807772,-89.43327321922277
2020-06-07,0.0,0.0,910.5667267807772,-89.43327321922277
2020-06-08,0.0,0.0,910.5667267807772,-89.43327321922277
2020-06-09,0.0,0.0,910.5667267807772,-89.43327321922277
2020-06-10,0.0,0.0,910.5667267807772,-89.43327321922277
2020-06-11,0.0,0.0,910.5667267807772,-89.43327321922277
2020-06-12,0.0,0.0,910.5667267807772,-89.43327321922277
2020-06-13,0.0,0.0,910.5667267807772,-89.43327321922277
2020-06-14,0.0,0.0,910.5667267807772,-89.43327321922277
2020-06-15,0.0,0.0,910.5667267807772,-89.43327321922277
2020-06-16,0.0,0.0,910.5667267807772,-89.43327321922277
2020-06-17,0.0,0.0,910.5667267807772,-89.43327321922277
2020-06-18,0.0,0.0,910.5667267807772,-89.43327321922277
2020-06-19,0.0,0.0,910.5667267807772,-89.43327321922277
2020-06-20,0.0,0.0,910.5667267807772,-89.43327321922277
2020-06-21,0.0,0.0,910.5667267807772,-89.43327321922277
2020-06-22,0.0,0.0,910.5667267807772,-89.43327321922277
2020-06-23,0.0,0.0,910.5667267807772,-89.43327321922277
2020-06-24,0.0,0.0,910.5667267807772,-89.43327321922277
2020-06-25,0.0,0.0,910.5667267807772,-89.43327321922277
2020-06-26,0.0,0.0,910.5667267807772,-89.43327321922277
2020-06-27,0.0,0.0,910.5667267807772,-89.43327321922277
2020-06-28,0.0,0.0,910.5667267807772,-89.43327321922277
2020-06-29,0.0,0.0,910.5667267807772,-89.43327321922277
2020-06-30,0.0,0.0,910.5667267807772,-89.43327321922277
2020-07-01,300.0,-1.1368683772161603e-13,1210.5667267807771,-89.43327321922288
2020-07-02,0.0,0.0,1210.5667267807771,-89.43327321922288
2020-07-03,0.0,0.0,1210.5667267807771,-89.43327321922288
2020-07-04,0.0,0.0,1210.5667267807771,-89.43327321922288
2020-07-05,0.0,0.0,1210.5667267807771,-89.43327321922288
2020-07-06,0.0,0.0,1210.5667267807771,-89.43327321922288
2020-07-07,0.0,0.0,1210.5667267807771,-89.43327321922288
2020-07-08,0.0,0.0,1210.5667267807771,-89.43327321922288
2020-07-09,0.0,0.0,1210.5667267807771,-89.43327321922288
2020-07-10,0.0,0.0,1210.5667267807771,-89.43327321922288
2020-07-11,0.0,0.0,1210.5667267807771,-89.43327321922288
2020-07-12,0.0,0.0,1210.5667267807771,-89.43327321922288
2020-07-13,0.0,0.0,1210.5667267807771,-89.43327321922288
2020-07-14,0.0,0.0,1210.5667267807771,-89.43327321922288
2020-07-15,0.0,0.0,1210.5667267807771,-89.43327321922288
2020-07-16,0.0,0.0,1210.5667267807771,-89.43327321922288
2020-07-17,0.0,0.0,1210.5667267807771,-89.43327321922288
2020-07-18,0.0,0.0,1210.5667267807771,-89.43327321922288
2020-07-19,0.0,0.0,1210.5667267807771,-89.43327321922288
2020-07-20,0.0,0.0,1210.5667267807771,-89.43327321922288
2020-07-21,0.0,0.0,1210.5667267807771,-89.43327321922288
2020-07-22,0.0,0.0,1210.5667267807771,-89.43327321922288
2020-07-23,0.0,0.0,1210.5667267807771,-89.43327321922288
2020-07-24,0.0,0.0,1210.5667267807771,-89.43327321922288
2020-07-25,0.0,0.0,1210.5667267807771,-89.43327321922288
2020-07-26,0.0,0.0,1210.5667267807771,-89.43327321922288
2020-07-27,0.0,0.0,1210.5667267807771,-89.43327321922288
2020-07-28,0.0,0.0,1210.5667267807771,-89.43327321922288
2020-07-29,0.0,0.0,1210.5667267807771,-89.43327321922288
2020-07-30,0.0,0.0,1210.5667267807771,-89.43327321922288
2020-07-31,0.0,0.0,1210.5667267807771,-89.43327321922288
2020-08-01,300.0,0.0,1510.5667267807771,-89.43327321922288
2020-08-02,0.0,0.0,1510.5667267807771,-89.43327321922288
2020-08-03,0.0,0.0,1510.5667267807771,-89.43327321922288
2020-08-04,0.0,0.0,1510.5667267807771,-89.43327321922288
2020-08-05,0.0,0.0,1510.5667267807771,-89.43327321922288
2020-08-06,0.0,0.0,1510.5667267807771,-89.43327321922288
2020-08-07,0.0,0.0,1510.5667267807771,-89.43327321922288
2020-08-08,0.0,0.0,1510.5667267807771,-89.43327321922288
2020-08-09,0.0,0.0,1510.5667267807771,-89.43327321922288
2020-08-10,0.0,0.0,1510.5667267807771,-89.43327321922288
2020-08-11,0.0,0.0,1510.5667267807771,-89.43327321922288
2020-08-12,0.0,0.0,1510.5667267807771,-89.43327321922288
2020-08-13,0.0,0.0,1510.5667267807771,-89.43327321922288
2020-08-14,0.0,0.0,1510.5667267807771,-89.43327321922288
2020-08-15,0.0,0.0,1510.5667267807771,-89.43327321922288
2020-08-16,0.0,0.0,1510.5667267807771,-89.43327321922288
2020-08-17,0.0,0.0,1510.5667267807771,-89.43327321922288
2020-08-18,0.0,0.0,1510.5667267807771,-89.43327321922288
2020-08-19,0.0,0.0,1510.5667267807771,-89.43327321922288
2020-08-20,0.0,0.0,1510.5667267807771,-89.43327321922288
2020-08-21,0.0,0.0,1510.5667267807771,-89.43327321922288
2020-08-22,0.0,0.0,1510.5667267807771,-89.43327321922288
2020-08-23,0.0,0.0,1510.5667267807771,-89.43327321922288
2020-08-24,0.0,0.0,1510.5667267807771,-89.43327321922288
2020-08-25,0.0,0.0,1510.5667267807771,-89.43327321922288
2020-08-26,0.0,0.0,1510.5667267807771,-89.43327321922288
2020-08-27,0.0,0.0,1510.5667267807771,-89.43327321922288
2020-08-28,0.0,0.0,1510.5667267807771,-89.43327321922288
2020-08-29,0.0,0.0,1510.5667267807771,-89.43327321922288
2020-08-30,0.0,0.0,1510.5667267807771,-89.43327321922288
2020-08-31,0.0,0.0,1510.5667267807771,-89.43327321922288
2020-09-01,300.0,0.0,1810.5667267807771,-89.43327321922288
2020-09-02,0.0,0.0,1810.5667267807771,-89.43327321922288
2020-09-03,0.0,0.0,1810.5667267807771,-89.43327321922288
2020-09-04,0.0,0.0,1810.5667267807771,-89.43327321922288
2020-09-05,0.0,0.0,1810.5667267807771,-89.43327321922288
2020-09-06,0.0,0.0,1810.5667267807771,-89.43327321922288
2020-09-07,0.0,0.0,1810.5667267807771,-89.43327321922288
2020-09-08,0.0,0.0,1810.5667267807771,-89.43327321922288
2020-09-09,0.0,0.0,1810.5667267807771,-89.43327321922288
2020-09-10,0.0,0.0,1810.5667267807771,-89.43327321922288
2020-09-11,0.0,0.0,1810.5667267807771,-89.43327321922288
2020-09-12,0.0,0.0,1810.5667267807771,-89.43327321922288
2020-09-13,0.0,0.0,1810.5667267807771,-89.43327321922288
2020-09-14,0.0,0.0,1810.5667267807771,-89.43327321922288
2020-09-15,0.0,0.0,1810.5667267807771,-89.43327321922288
2020-09-16,0.0,0.0,1810.5667267807771,-89.43327321922288
2020-09-17,0.0,0.0,1810.5667267807771,-89.43327321922288
2020-09-18,0.0,0.0,1810.5667267807771,-89.43327321922288
2020-09-19,0.0,0.0,1810.5667267807771,-89.43327321922288
2020-09-20,0.0,0.0,1810.5667267807771,-89.43327321922288
2020-09-21,0.0,0.0,1810.5667267807771,-89.43327321922288
2020-09-22,0.0,0.0,1810.5667267807771,-89.43327321922288
2020-09-23,0.0,0.0,1810.5667267807771,-89.43327321922288
2020-09-24,0.0,0.0,1810.5667267807771,-89.43327321922288
2020-09-25,0.0,0.0,1810.5667267807771,-89.43327321922288
2020-09-26,0.0,0.0,1810.5667267807771,-89.43327321922288
2020-09-27,0.0,0.0,1810.5667267807771,-89.43327321922288
2020-09-28,0.0,0.0,1810.5667267807771,-89.43327321922288
2020-09-29,0.0,0.0,1810.5667267807771,-89.43327321922288
2020-09-30,0.0,-70.53117507256843,1740.0355517082087,-159.9644482917913
2020-10-01,300.0,-168.98035800910066,1871.055193699108,-328.94480630089197
2020-10-02,0.0,119.8161181804935,1990.8713118796015,-209.12868812039846
2020-10-03,0.0,-4.917018189137025,1985.9542936904645,-214.0457063095355
2020-10-04,0.0,-103.87072513210956,1882.083568558355,-317.91643144164505
2020-10-05,0.0,-19.437409667564452,1862.6461588907905,-337.3538411092095
2020-10-06,0.0,206.42876870471946,2069.07492759551,-130.92507240449004
2020-10-07,0.0,-16.942088954540395,2052.1328386409696,-147.86716135903043
2020-10-08,0.0,-147.21246363021623,1904.9203750107533,-295.07962498924667
2020-10-09,0.0,0.0,1904.9203750107533,-295.07962498924667
2020-10-10,0.0,0.0,1904.9203750107533,-295.07962498924667
2020-10-11,0.0,0.0,1904.9203750107533,-295.07962498924667
2020-10-12,0.0,0.0,1904.9203750107533,-295.07962498924667
2020-10-13,0.0,0.0,1904.9203750107533,-295.07962498924667
2020-10-14,0.0,0.0,1904.9203750107533,-295.07962498924667
2020-10-15,0.0,0.0,1904.9203750107533,-295.07962498924667
2020-10-16,0.0,-29.948714041895983,1874.9716609688573,-325.02833903114265
2020-10-17,0.0,0.0,1874.9716609688573,-325.02833903114265
2020-10-18,0.0,0.0,1874.9716609688573,-325.02833903114265
2020-10-19,0.0,0.0,1874.9716609688573,-325.02833903114265
2020-10-20,0.0,0.0,1874.9716609688573,-325.02833903114265
2020-10-21,0.0,0.0,1874.9716609688573,-325.02833903114265
2020-10-22,0.0,0.0,1874.9716609688573,-325.02833903114265
2020-10-23,0.0,0.0,1874.9716609688573,-325.02833903114265
2020-10-24,0.0,0.0,1874.9716609688573,-325.02833903114265
2020-10-25,0.0,0.0,1874.9716609688573,-325.02833903114265
2020-10-26,0.0,0.0,1874.9716609688573,-325.02833903114265
2020-10-27,0.0,0.0,1874.9716609688573,-325.02833903114265
2020-10-28,0.0,0.0,1874.9716609688573,-325.02833903114265
2020-10-29,0.0,0.0,1874.9716609688573,-325.02833903114265
2020-10-30,0.0,-106.36764817239214,1768.6040127964652,-431.3959872035348
2020-10-31,0.0,0.0,1768.6040127964652,-431.3959872035348
2020-11-01,300.0,0.0,2068.604012796465,-431.3959872035348
2020-11-02,0.0,-55.48178373158362,2013.1222290648816,-486.8777709351184
2020-11-03,0.0,-80.95943033807976,1932.1627987268018,-567.8372012731982
2020-11-04,0.0,0.0,1932.1627987268018,-567.8372012731982
2020-11-05,0.0,0.0,1932.1627987268018,-567.8372012731982
2020-11-06,0.0,0.0,1932.1627987268018,-567.8372012731982
2020-11-07,0.0,0.0,1932.1627987268018,-567.8372012731982
2020-11-08,0.0,0.0,1932.1627987268018,-567.8372012731982
2020-11-09,0.0,0.0,1932.1627987268018,-567.8372012731982
2020-11-10,0.0,0.0,1932.1627987268018,-567.8372012731982
2020-11-11,0.0,0.0,1932.1627987268018,-567.8372012731982
2020-11-12,0.0,0.0,1932.1627987268018,-567.8372012731982
2020-11-13,0.0,0.0,1932.1627987268018,-567.8372012731982
2020-11-14,0.0,0.0,1932.1627987268018,-567.8372012731982
2020-11-15,0.0,0.0,1932.1627987268018,-567.8372012731982
2020-11-16,0.0,0.0,1932.1627987268018,-567.8372012731982
2020-11-17,0.0,0.0,1932.1627987268018,-567.8372012731982
2020-11-18,0.0,0.0,1932.1627987268018,-567.8372012731982
2020-11-19,0.0,0.0,1932.1627987268018,-567.8372012731982
2020-11-20,0.0,0.0,1932.1627987268018,-567.8372012731982
2020-11-21,0.0,0.0,1932.1627987268018,-567.8372012731982
2020-11-22,0.0,0.0,1932.1627987268018,-567.8372012731982
2020-11-23,0.0,0.0,1932.1627987268018,-567.8372012731982
2020-11-24,0.0,0.0,1932.1627987268018,-567.8372012731982
2020-11-25,0.0,0.0,1932.1627987268018,-567.8372012731982
2020-11-26,0.0,0.0,1932.1627987268018,-567.8372012731982
2020-11-27,0.0,0.0,1932.1627987268018,-567.8372012731982
2020-11-28,0.0,0.0,1932.1627987268018,-567.8372012731982
2020-11-29,0.0,0.0,1932.1627987268018,-567.8372012731982
2020-11-30,0.0,0.0,1932.1627987268018,-567.8372012731982
2020-12-01,300.0,2.2737367544323206e-13,2232.162798726802,-567.8372012731979
2020-12-02,0.0,0.0,2232.162798726802,-567.8372012731979
2020-12-03,0.0,0.0,2232.162798726802,-567.8372012731979
2020-12-04,0.0,0.0,2232.162798726802,-567.8372012731979
2020-12-05,0.0,0.0,2232.162798726802,-567.8372012731979
2020-12-06,0.0,0.0,2232.162798726802,-567.8372012731979
2020-12-07,0.0,0.0,2232.162798726802,-567.8372012731979
2020-12-08,0.0,0.0,2232.162798726802,-567.8372012731979
2020-12-09,0.0,0.0,2232.162798726802,-567.8372012731979
2020-12-10,0.0,0.0,2232.162798726802,-567.8372012731979
2020-12-11,0.0,0.0,2232.162798726802,-567.8372012731979
2020-12-12,0.0,0.0,2232.162798726802,-567.8372012731979
2020-12-13,0.0,0.0,2232.162798726802,-567.8372012731979
2020-12-14,0.0,0.0,2232.162798726802,-567.8372012731979
2020-12-15,0.0,0.0,2232.162798726802,-567.8372012731979
2020-12-16,0.0,0.0,2232.162798726802,-567.8372012731979
2020-12-17,0.0,0.0,2232.162798726802,-567.8372012731979
2020-12-18,0.0,0.0,2232.162798726802,-567.8372012731979
2020-12-19,0.0,0.0,2232.162798726802,-567.8372012731979
2020-12-20,0.0,0.0,2232.162798726802,-567.8372012731979
2020-12-21,0.0,0.0,2232.162798726802,-567.8372012731979
2020-12-22,0.0,0.0,2232.162798726802,-567.8372012731979
2020-12-23,0.0,0.0,2232.162798726802,-567.8372012731979
2020-12-24,0.0,0.0,2232.162798726802,-567.8372012731979
2020-12-25,0.0,0.0,2232.162798726802,-567.8372012731979
2020-12-26,0.0,0.0,2232.162798726802,-567.8372012731979
2020-12-27,0.0,0.0,2232.162798726802,-567.8372012731979
2020-12-28,0.0,0.0,2232.162798726802,-567.8372012731979
2020-12-29,0.0,0.0,2232.162798726802,-567.8372012731979
2020-12-30,0.0,0.0,2232.162798726802,-567.8372012731979
2020-12-31,0.0,0.0,2232.162798726802,-567.8372012731979
2021-01-01,300.0,0.0,2532.162798726802,-567.8372012731979
2021-01-02,0.0,0.0,2532.162798726802,-567.8372012731979
2021-01-03,0.0,0.0,2532.162798726802,-567.8372012731979
2021-01-04,0.0,0.0,2532.162798726802,-567.8372012731979
2021-01-05,0.0,0.0,2532.162798726802,-567.8372012731979
2021-01-06,0.0,0.0,2532.162798726802,-567.8372012731979
2021-01-07,0.0,0.0,2532.162798726802,-567.8372012731979
2021-01-08,0.0,0.0,2532.162798726802,-567.8372012731979
2021-01-09,0.0,0.0,2532.162798726802,-567.8372012731979
2021-01-10,0.0,0.0,2532.162798726802,-567.8372012731979
2021-01-11,0.0,0.0,2532.162798726802,-567.8372012731979
2021-01-12,0.0,0.0,2532.162798726802,-567.8372012731979
2021-01-13,0.0,0.0,2532.162798726802,-567.8372012731979
2021-01-14,0.0,0.0,2532.162798726802,-567.8372012731979
2021-01-15,0.0,0.0,2532.162798726802,-567.8372012731979
2021-01-16,0.0,0.0,2532.162798726802,-567.8372012731979
2021-01-17,0.0,0.0,2532.162798726802,-567.8372012731979
2021-01-18,0.0,0.0,2532.162798726802,-567.8372012731979
2021-01-19,0.0,0.0,2532.162798726802,-567.8372012731979
2021-01-20,0.0,0.0,2532.162798726802,-567.8372012731979
2021-01-21,0.0,0.0,2532.162798726802,-567.8372012731979
2021-01-22,0.0,0.0,2532.162798726802,-567.8372012731979
2021-01-23,0.0,0.0,2532.162798726802,-567.8372012731979
2021-01-24,0.0,0.0,2532.162798726802,-567.8372012731979
2021-01-25,0.0,0.0,2532.162798726802,-567.8372012731979
2021-01-26,0.0,0.0,2532.162798726802,-567.8372012731979
2021-01-27,0.0,0.0,2532.162798726802,-567.8372012731979
2021-01-28,0.0,0.0,2532.162798726802,-567.8372012731979
2021-01-29,0.0,0.0,2532.162798726802,-567.8372012731979
2021-01-30,0.0,0.0,2532.162798726802,-567.8372012731979
2021-01-31,0.0,0.0,2532.162798726802,-567.8372012731979
2021-02-01,300.0,0.0,2832.162798726802,-567.8372012731979
2021-02-02,0.0,0.0,2832.162798726802,-567.8372012731979
2021-02-03,0.0,0.0,2832.162798726802,-567.8372012731979
2021-02-04,0.0,0.0,2832.162798726802,-567.8372012731979
2021-02-05,0.0,0.0,2832.162798726802,-567.8372012731979
2021-02-06,0.0,0.0,2832.162798726802,-567.8372012731979
2021-02-07,0.0,0.0,2832.162798726802,-567.8372012731979
2021-02-08,0.0,0.0,2832.162798726802,-567.8372012731979
2021-02-09,0.0,0.0,2832.162798726802,-567.8372012731979
2021-02-10,0.0,0.0,2832.162798726802,-567.8372012731979
2021-02-11,0.0,0.0,2832.162798726802,-567.8372012731979
2021-02-12,0.0,0.0,2832.162798726802,-567.8372012731979
2021-02-13,0.0,0.0,2832.162798726802,-567.8372012731979
2021-02-14,0.0,0.0,2832.162798726802,-567.8372012731979
2021-02-15,0.0,0.0,2832.162798726802,-567.8372012731979
2021-02-16,0.0,0.0,2832.162798726802,-567.8372012731979
2021-02-17,0.0,0.0,2832.162798726802,-567.8372012731979
2021-02-18,0.0,0.0,2832.162798726802,-567.8372012731979
2021-02-19,0.0,0.0,2832.162798726802,-567.8372012731979
2021-02-20,0.0,0.0,2832.162798726802,-567.8372012731979
2021-02-21,0.0,0.0,2832.162798726802,-567.8372012731979
2021-02-22,0.0,0.0,2832.162798726802,-567.8372012731979
2021-02-23,0.0,0.0,2832.162798726802,-567.8372012731979
2021-02-24,0.0,0.0,2832.162798726802,-567.8372012731979
2021-02-25,0.0,0.0,2832.162798726802,-567.8372012731979
2021-02-26,0.0,0.0,2832.162798726802,-567.8372012731979
2021-02-27,0.0,0.0,2832.162798726802,-567.8372012731979
2021-02-28,0.0,0.0,2832.162798726802,-567.8372012731979
2021-03-01,300.0,0.0,3132.162798726802,-567.8372012731979
2021-03-02,0.0,0.0,3132.162798726802,-567.8372012731979
2021-03-03,0.0,0.0,3132.162798726802,-567.8372012731979
2021-03-04,0.0,0.0,3132.162798726802,-567.8372012731979
2021-03-05,0.0,0.0,3132.162798726802,-567.8372012731979
2021-03-06,0.0,0.0,3132.162798726802,-567.8372012731979
2021-03-07,0.0,0.0,3132.162798726802,-567.8372012731979
2021-03-08,0.0,0.0,3132.162798726802,-567.8372012731979
2021-03-09,0.0,0.0,3132.162798726802,-567.8372012731979
2021-03-10,0.0,0.0,3132.162798726802,-567.8372012731979
2021-03-11,0.0,0.0,3132.162798726802,-567.8372012731979
2021-03-12,0.0,0.0,3132.162798726802,-567.8372012731979
2021-03-13,0.0,0.0,3132.162798726802,-567.8372012731979
2021-03-14,0.0,0.0,3132.162798726802,-567.8372012731979
2021-03-15,0.0,0.0,3132.162798726802,-567.8372012731979
2021-03-16,0.0,0.0,3132.162798726802,-567.8372012731979
2021-03-17,0.0,0.0,3132.162798726802,-567.8372012731979
2021-03-18,0.0,0.0,3132.162798726802,-567.8372012731979
2021-03-19,0.0,0.0,3132.162798726802,-567.8372012731979
2021-03-20,0.0,0.0,3132.162798726802,-567.8372012731979
2021-03-21,0.0,0.0,3132.162798726802,-567.8372012731979
2021-03-22,0.0,0.0,3132.162798726802,-567.8372012731979
2021-03-23,0.0,0.0,3132.162798726802,-567.8372012731979
2021-03-24,0.0,0.0,3132.162798726802,-567.8372012731979
2021-03-25,0.0,0.0,3132.162798726802,-567.8372012731979
2021-03-26,0.0,0.0,3132.162798726802,-567.8372012731979
2021-03-27,0.0,0.0,3132.162798726802,-567.8372012731979
2021-03-28,0.0,0.0,3132.162798726802,-567.8372012731979
2021-03-29,0.0,0.0,3132.162798726802,-567.8372012731979
2021-03-30,0.0,0.0,3132.162798726802,-567.8372012731979
2021-03-31,0.0,0.0,3132.162798726802,-567.8372012731979
2021-04-01,300.0,0.0,3432.162798726802,-567.8372012731979
2021-04-02,0.0,0.0,3432.162798726802,-567.8372012731979
2021-04-03,0.0,0.0,3432.162798726802,-567.8372012731979
2021-04-04,0.0,0.0,3432.162798726802,-567.8372012731979
2021-04-05,0.0,0.0,3432.162798726802,-567.8372012731979
2021-04-06,0.0,0.0,3432.162798726802,-567.8372012731979
2021-04-07,0.0,0.0,3432.162798726802,-567.8372012731979
2021-04-08,0.0,0.0,3432.162798726802,-567.8372012731979
2021-04-09,0.0,0.0,3432.162798726802,-567.8372012731979
2021-04-10,0.0,0.0,3432.162798726802,-567.8372012731979
2021-04-11,0.0,0.0,3432.162798726802,-567.8372012731979
2021-04-12,0.0,0.0,3432.162798726802,-567.8372012731979
2021-04-13,0.0,0.0,3432.162798726802,-567.8372012731979
2021-04-14,0.0,0.0,3432.162798726802,-567.8372012731979
2021-04-15,0.0,0.0,3432.162798726802,-567.8372012731979
2021-04-16,0.0,0.0,3432.162798726802,-567.8372012731979
2021-04-17,0.0,0.0,3432.162798726802,-567.8372012731979
2021-04-18,0.0,0.0,3432.162798726802,-567.8372012731979
2021-04-19,0.0,0.0,3432.162798726802,-567.8372012731979
2021-04-20,0.0,0.0,3432.162798726802,-567.8372012731979
2021-04-21,0.0,0.0,3432.162798726802,-567.8372012731979
2021-04-22,0.0,0.0,3432.162798726802,-567.8372012731979
2021-04-23,0.0,0.0,3432.162798726802,-567.8372012731979
2021-04-24,0.0,0.0,3432.162798726802,-567.8372012731979
2021-04-25,0.0,0.0,3432.162798726802,-567.8372012731979
2021-04-26,0.0,0.0,3432.162798726802,-567.8372012731979
2021-04-27,0.0,0.0,3432.162798726802,-567.8372012731979
2021-04-28,0.0,0.0,3432.162798726802,-567.8372012731979
2021-04-29,0.0,0.0,3432.162798726802,-567.8372012731979
2021-04-30,0.0,0.0,3432.162798726802,-567.8372012731979
2021-05-01,300.0,0.0,3732.162798726802,-567.8372012731979
2021-05-02,0.0,0.0,3732.162798726802,-567.8372012731979
2021-05-03,0.0,0.0,3732.162798726802,-567.8372012731979
2021-05-04,0.0,0.0,3732.162798726802,-567.8372012731979
2021-05-05,0.0,0.0,3732.162798726802,-567.8372012731979
2021-05-06,0.0,0.0,3732.162798726802,-567.8372012731979
2021-05-07,0.0,0.0,3732.162798726802,-567.8372012731979
2021-05-08,0.0,0.0,3732.162798726802,-567.8372012731979
2021-05-09,0.0,0.0,3732.162798726802,-567.8372012731979
2021-05-10,0.0,0.0,3732.162798726802,-567.8372012731979
2021-05-11,0.0,0.0,3732.162798726802,-567.8372012731979
2021-05-12,0.0,0.0,3732.162798726802,-567.8372012731979
2021-05-13,0.0,0.0,3732.162798726802,-567.8372012731979
2021-05-14,0.0,0.0,3732.162798726802,-567.8372012731979
2021-05-15,0.0,0.0,3732.162798726802,-567.8372012731979
2021-05-16,0.0,0.0,3732.162798726802,-567.8372012731979
2021-05-17,0.0,0.0,3732.162798726802,-567.8372012731979
2021-05-18,0.0,0.0,3732.162798726802,-567.8372012731979
2021-05-19,0.0,0.0,3732.162798726802,-567.8372012731979
2021-05-20,0.0,0.0,3732.162798726802,-567.8372012731979
2021-05-21,0.0,0.0,3732.162798726802,-567.8372012731979
2021-05-22,0.0,0.0,3732.162798726802,-567.8372012731979
2021-05-23,0.0,0.0,3732.162798726802,-567.8372012731979
2021-05-24,0.0,0.0,3732.162798726802,-567.8372012731979
2021-05-25,0.0,0.0,3732.162798726802,-567.8372012731979
2021-05-26,0.0,0.0,3732.162798726802,-567.8372012731979
2021-05-27,0.0,0.0,3732.162798726802,-567.8372012731979
2021-05-28,0.0,0.0,3732.162798726802,-567.8372012731979
2021-05-29,0.0,0.0,3732.162798726802,-567.8372012731979
2021-05-30,0.0,0.0,3732.162798726802,-567.8372012731979
2021-05-31,0.0,0.0,3732.162798726802,-567.8372012731979
2021-06-01,300.0,0.0,4032.162798726802,-567.8372012731979
2021-06-02,0.0,0.0,4032.162798726802,-567.8372012731979
2021-06-03,0.0,0.0,4032.162798726802,-567.8372012731979
2021-06-04,0.0,0.0,4032.162798726802,-567.8372012731979
2021-06-05,0.0,0.0,4032.162798726802,-567.8372012731979
2021-06-06,0.0,0.0,4032.162798726802,-567.8372012731979
2021-06-07,0.0,0.0,4032.162798726802,-567.8372012731979
2021-06-08,0.0,0.0,4032.162798726802,-567.8372012731979
2021-06-09,0.0,0.0,4032.162798726802,-567.8372012731979
2021-06-10,0.0,0.0,4032.162798726802,-567.8372012731979
2021-06-11,0.0,0.0,4032.162798726802,-567.8372012731979
2021-06-12,0.0,0.0,4032.162798726802,-567.8372012731979
2021-06-13,0.0,0.0,4032.162798726802,-567.8372012731979
2021-06-14,0.0,0.0,4032.162798726802,-567.8372012731979
2021-06-15,0.0,0.0,4032.162798726802,-567.8372012731979
2021-06-16,0.0,0.0,4032.162798726802,-567.8372012731979
2021-06-17,0.0,0.0,4032.162798726802,-567.8372012731979
2021-06-18,0.0,0.0,4032.162798726802,-567.8372012731979
2021-06-19,0.0,216.31714215866214,4248.479940885464,-351.5200591145358
2021-06-20,0.0,-418.8611156363745,3829.6188252490897,-770.3811747509103
2021-06-21,0.0,1904.0740576082667,5733.692882857356,1133.6928828573564
2021-06-22,0.0,43.72710689993528,5777.419989757292,1177.4199897572917
2021-06-23,0.0,-473.1922121306279,5304.227777626664,704.2277776266637
2021-06-24,0.0,-121.74281684349808,5182.484960783166,582.4849607831657
2021-06-25,0.0,969.902729187721,6152.387689970887,1552.3876899708866
2021-06-26,0.0,185.1277783687583,6337.515468339645,1737.515468339645
2021-06-27,0.0,0.0,6337.515468339645,1737.515468339645
2021-06-28,0.0,0.0,6337.515468339645,1737.515468339645
2021-06-29,0.0,0.0,6337.515468339645,1737.515468339645
2021-06-30,0.0,0.0,6337.515468339645,1737.515468339645
2021-07-01,300.0,0.0,6637.515468339645,1737.515468339645
2021-07-02,0.0,0.0,6637.515468339645,1737.515468339645
2021-07-03,0.0,0.0,6637.515468339645,1737.515468339645
2021-07-04,0.0,0.0,6637.515468339645,1737.515468339645
2021-07-05,0.0,-14.149586521160927,6623.365881818484,1723.365881818484
2021-07-06,0.0,-1093.9901328158894,5529.375749002595,629.3757490025946
2021-07-07,0.0,0.0,5529.375749002595,629.3757490025946
2021-07-08,0.0,985.209944796221,6514.585693798816,1614.5856937988156
2021-07-09,0.0,-233.5020060780853,6281.08368772073,1381.0836877207303
2021-07-10,0.0,265.81182277461903,6546.895510495349,1646.8955104953493
2021-07-11,0.0,-202.22622277148002,6344.669287723869,1444.6692877238693
2021-07-12,0.0,779.2385566955518,7123.907844419421,2223.907844419421
2021-07-13,0.0,658.7069034954429,7782.614747914864,2882.614747914864
2021-07-14,0.0,-383.4183877896403,7399.196360125224,2499.1963601252237
2021-07-15,0.0,106.2047316239823,7505.401091749206,2605.401091749206
2021-07-16,0.0,0.0,7505.401091749206,2605.401091749206
2021-07-17,0.0,0.0,7505.401091749206,2605.401091749206
2021-07-18,0.0,0.0,7505.401091749206,2605.401091749206
2021-07-19,0.0,0.0,7505.401091749206,2605.401091749206
2021-07-20,0.0,0.0,7505.401091749206,2605.401091749206
2021-07-21,0.0,0.0,7505.401091749206,2605.401091749206
2021-07-22,0.0,0.0,7505.401091749206,2605.401091749206
2021-07-23,0.0,-444.87275748001593,7060.52833426919,2160.52833426919
2021-07-24,0.0,0.0,7060.52833426919,2160.52833426919
2021-07-25,0.0,0.0,7060.52833426919,2160.52833426919
2021-07-26,0.0,0.0,7060.52833426919,2160.52833426919
2021-07-27,0.0,0.0,7060.52833426919,2160.52833426919
2021-07-28,0.0,0.0,7060.52833426919,2160.52833426919
2021-07-29,0.0,0.0,7060.52833426919,2160.52833426919
2021-07-30,0.0,0.0,7060.52833426919,2160.52833426919
2021-07-31,0.0,0.0,7060.52833426919,2160.52833426919
2021-08-01,300.0,0.0,7360.52833426919,2160.52833426919
2021-08-02,0.0,0.0,7360.52833426919,2160.52833426919
2021-08-03,0.0,0.0,7360.52833426919,2160.52833426919
2021-08-04,0.0,0.0,7360.52833426919,2160.52833426919
2021-08-05,0.0,0.0,7360.52833426919,2160.52833426919
2021-08-06,0.0,0.0,7360.52833426919,2160.52833426919
2021-08-07,0.0,0.0,7360.52833426919,2160.52833426919
2021-08-08,0.0,0.0,7360.52833426919,2160.52833426919
2021-08-09,0.0,0.0,7360.52833426919,2160.52833426919
2021-08-10,0.0,0.0,7360.52833426919,2160.52833426919
2021-08-11,0.0,0.0,7360.52833426919,2160.52833426919
2021-08-12,0.0,0.0,7360.52833426919,2160.52833426919
2021-08-13,0.0,0.0,7360.52833426919,2160.52833426919
2021-08-14,0.0,0.0,7360.52833426919,2160.52833426919
2021-08-15,0.0,0.0,7360.52833426919,2160.52833426919
2021-08-16,0.0,0.0,7360.52833426919,2160.52833426919
2021-08-17,0.0,0.0,7360.52833426919,2160.52833426919
2021-08-18,0.0,0.0,7360.52833426919,2160.52833426919
2021-08-19,0.0,0.0,7360.52833426919,2160.52833426919
2021-08-20,0.0,0.0,7360.52833426919,2160.52833426919
2021-08-21,0.0,0.0,7360.52833426919,2160.52833426919
2021-08-22,0.0,0.0,7360.52833426919,2160.52833426919
2021-08-23,0.0,0.0,7360.52833426919,2160.52833426919
2021-08-24,0.0,0.0,7360.52833426919,2160.52833426919
2021-08-25,0.0,0.0,7360.52833426919,2160.52833426919
2021-08-26,0.0,0.0,7360.52833426919,2160.52833426919
2021-08-27,0.0,0.0,7360.52833426919,2160.52833426919
2021-08-28,0.0,0.0,7360.52833426919,2160.52833426919
2021-08-29,0.0,0.0,7360.52833426919,2160.52833426919
2021-08-30,0.0,0.0,7360.52833426919,2160.52833426919
2021-08-31,0.0,0.0,7360.52833426919,2160.52833426919
2021-09-01,300.0,0.0,7660.52833426919,2160.52833426919
2021-09-02,0.0,0.0,7660.52833426919,2160.52833426919
2021-09-03,0.0,0.0,7660.52833426919,2160.52833426919
2021-09-04,0.0,0.0,7660.52833426919,2160.52833426919
2021-09-05,0.0,0.0,7660.52833426919,2160.52833426919
2021-09-06,0.0,0.0,7660.52833426919,2160.52833426919
2021-09-07,0.0,0.0,7660.52833426919,2160.52833426919
2021-09-08,0.0,0.0,7660.52833426919,2160.52833426919
2021-09-09,0.0,0.0,7660.52833426919,2160.52833426919
2021-09-10,0.0,0.0,7660.52833426919,2160.52833426919
2021-09-11,0.0,0.0,7660.52833426919,2160.52833426919
2021-09-12,0.0,0.0,7660.52833426919,2160.52833426919
2021-09-13,0.0,0.0,7660.52833426919,2160.52833426919
2021-09-14,0.0,0.0,7660.52833426919,2160.52833426919
2021-09-15,0.0,0.0,7660.52833426919,2160.52833426919
2021-09-16,0.0,0.0,7660.52833426919,2160.52833426919
2021-09-17,0.0,0.0,7660.52833426919,2160.52833426919
2021-09-18,0.0,0.0,7660.52833426919,2160.52833426919
2021-09-19,0.0,0.0,7660.52833426919,2160.52833426919
2021-09-20,0.0,0.0,7660.52833426919,2160.52833426919
2021-09-21,0.0,0.0,7660.52833426919,2160.52833426919
2021-09-22,0.0,0.0,7660.52833426919,2160.52833426919
2021-09-23,0.0,0.0,7660.52833426919,2160.52833426919
2021-09-24,0.0,0.0,7660.52833426919,2160.52833426919
2021-09-25,0.0,0.0,7660.52833426919,2160.52833426919
2021-09-26,0.0,0.0,7660.52833426919,2160.52833426919
2021-09-27,0.0,0.0,7660.52833426919,2160.52833426919
2021-09-28,0.0,0.0,7660.52833426919,2160.52833426919
2021-09-29,0.0,0.0,7660.52833426919,2160.52833426919
2021-09-30,0.0,0.0,7660.52833426919,2160.52833426919
2021-10-01,300.0,0.0,7960.52833426919,2160.52833426919
2021-10-02,0.0,0.0,7960.52833426919,2160.52833426919
2021-10-03,0.0,0.0,7960.52833426919,2160.52833426919
2021-10-04,0.0,0.0,7960.52833426919,2160.52833426919
2021-10-05,0.0,0.0,7960.52833426919,2160.52833426919
2021-10-06,0.0,0.0,7960.52833426919,2160.52833426919
2021-10-07,0.0,0.0,7960.52833426919,2160.52833426919
2021-10-08,0.0,0.0,7960.52833426919,2160.52833426919
2021-10-09,0.0,0.0,7960.52833426919,2160.52833426919
2021-10-10,0.0,0.0,7960.52833426919,2160.52833426919
2021-10-11,0.0,0.0,7960.52833426919,2160.52833426919
2021-10-12,0.0,0.0,7960.52833426919,2160.52833426919
2021-10-13,0.0,0.0,7960.52833426919,2160.52833426919
2021-10-14,0.0,0.0,7960.52833426919,2160.52833426919
2021-10-15,0.0,0.0,7960.52833426919,2160.52833426919
2021-10-16,0.0,0.0,7960.52833426919,2160.52833426919
2021-10-17,0.0,0.0,7960.52833426919,2160.52833426919
2021-10-18,0.0,0.0,7960.52833426919,2160.52833426919
2021-10-19,0.0,0.0,7960.52833426919,2160.52833426919
2021-10-20,0.0,0.0,7960.52833426919,2160.52833426919
2021-10-21,0.0,0.0,7960.52833426919,2160.52833426919
2021-10-22,0.0,0.0,7960.52833426919,2160.52833426919
2021-10-23,0.0,0.0,7960.52833426919,2160.52833426919
2021-10-24,0.0,0.0,7960.52833426919,2160.52833426919
2021-10-25,0.0,0.0,7960.52833426919,2160.52833426919
2021-10-26,0.0,0.0,7960.52833426919,2160.52833426919
2021-10-27,0.0,0.0,7960.52833426919,2160.52833426919
2021-10-28,0.0,0.0,7960.52833426919,2160.52833426919
2021-10-29,0.0,0.0,7960.52833426919,2160.52833426919
2021-10-30,0.0,0.0,7960.52833426919,2160.52833426919
2021-10-31,0.0,0.0,7960.52833426919,2160.52833426919
2021-11-01,300.0,9.094947017729282e-13,8260.528334269191,2160.528334269191
2021-11-02,0.0,0.0,8260.528334269191,2160.528334269191
2021-11-03,0.0,0.0,8260.528334269191,2160.528334269191
2021-11-04,0.0,0.0,8260.528334269191,2160.528334269191
2021-11-05,0.0,0.0,8260.528334269191,2160.528334269191
2021-11-06,0.0,0.0,8260.528334269191,2160.528334269191
2021-11-07,0.0,0.0,8260.528334269191,2160.528334269191
2021-11-08,0.0,0.0,8260.528334269191,2160.528334269191
2021-11-09,0.0,0.0,8260.528334269191,2160.528334269191
2021-11-10,0.0,0.0,8260.528334269191,2160.528334269191
2021-11-11,0.0,0.0,8260.528334269191,2160.528334269191
2021-11-12,0.0,0.0,8260.528334269191,2160.528334269191
2021-11-13,0.0,0.0,8260.528334269191,2160.528334269191
2021-11-14,0.0,0.0,8260.528334269191,2160.528334269191
2021-11-15,0.0,0.0,8260.528334269191,2160.528334269191
2021-11-16,0.0,0.0,8260.528334269191,2160.528334269191
2021-11-17,0.0,0.0,8260.528334269191,2160.528334269191
2021-11-18,0.0,0.0,8260.528334269191,2160.528334269191
2021-11-19,0.0,0.0,8260.528334269191,2160.528334269191
2021-11-20,0.0,0.0,8260.528334269191,2160.528334269191
2021-11-21,0.0,0.0,8260.528334269191,2160.528334269191
2021-11-22,0.0,0.0,8260.528334269191,2160.528334269191
2021-11-23,0.0,0.0,8260.528334269191,2160.528334269191
2021-11-24,0.0,0.0,8260.528334269191,2160.528334269191
2021-11-25,0.0,0.0,8260.528334269191,2160.528334269191
2021-11-26,0.0,0.0,8260.528334269191,2160.528334269191
2021-11-27,0.0,0.0,8260.528334269191,2160.528334269191
2021-11-28,0.0,0.0,8260.528334269191,2160.528334269191
2021-11-29,0.0,0.0,8260.528334269191,2160.528334269191
2021-11-30,0.0,0.0,8260.528334269191,2160.528334269191
2021-12-01,300.0,0.0,8560.528334269191,2160.528334269191
2021-12-02,0.0,0.0,8560.528334269191,2160.528334269191
2021-12-03,0.0,0.0,8560.528334269191,2160.528334269191
2021-12-04,0.0,0.0,8560.528334269191,2160.528334269191
2021-12-05,0.0,0.0,8560.528334269191,2160.528334269191
2021-12-06,0.0,0.0,8560.528334269191,2160.528334269191
2021-12-07,0.0,0.0,8560.528334269191,2160.528334269191
2021-12-08,0.0,0.0,8560.528334269191,2160.528334269191
2021-12-09,0.0,0.0,8560.528334269191,2160.528334269191
2021-12-10,0.0,0.0,8560.528334269191,2160.528334269191
2021-12-11,0.0,0.0,8560.528334269191,2160.528334269191
2021-12-12,0.0,0.0,8560.528334269191,2160.528334269191
2021-12-13,0.0,0.0,8560.528334269191,2160.528334269191
2021-12-14,0.0,0.0,8560.528334269191,2160.528334269191
2021-12-15,0.0,-2174.0939822843993,6386.434351984792,-13.565648015208353
2021-12-16,0.0,0.0,6386.434351984792,-13.565648015208353
2021-12-17,0.0,0.0,6386.434351984792,-13.565648015208353
2021-12-18,0.0,0.0,6386.434351984792,-13.565648015208353
2021-12-19,0.0,0.0,6386.434351984792,-13.565648015208353
2021-12-20,0.0,-112.71053162566932,6273.723820359122,-126.27617964087767
2021-12-21,0.0,-173.01211460446393,6100.711705754658,-299.2882942453416
2021-12-22,0.0,0.0,6100.711705754658,-299.2882942453416
2021-12-23,0.0,0.0,6100.711705754658,-299.2882942453416
2021-12-24,0.0,0.0,6100.711705754658,-299.2882942453416
2021-12-25,0.0,0.0,6100.711705754658,-299.2882942453416
2021-12-26,0.0,-113.12758184184622,5987.584123912812,-412.4158760871878
2021-12-27,0.0,0.0,5987.584123912812,-412.4158760871878
2021-12-28,0.0,1053.2011241858945,7040.785248098707,640.7852480987067
2021-12-29,0.0,709.0612664282016,7749.846514526908,1349.8465145269083
2021-12-30,0.0,-345.1102514895865,7404.736263037322,1004.7362630373218
2021-12-31,0.0,148.85620687900882,7553.592469916331,1153.5924699163306
2022-01-01,300.0,-377.8895752691087,7475.702894647222,775.7028946472219
2022-01-02,0.0,-274.2951386704435,7201.407755976778,501.4077559767784
2022-01-03,0.0,282.6011417178479,7484.008897694626,784.0088976946263
2022-01-04,0.0,-17.386251980772613,7466.622645713854,766.6226457138537
2022-01-05,0.0,0.0,7466.622645713854,766.6226457138537
2022-01-06,0.0,0.0,7466.622645713854,766.6226457138537
2022-01-07,0.0,0.0,7466.622645713854,766.6226457138537
2022-01-08,0.0,0.0,7466.622645713854,766.6226457138537
2022-01-09,0.0,0.0,7466.622645713854,766.6226457138537
2022-01-10,0.0,0.0,7466.622645713854,766.6226457138537
2022-01-11,0.0,0.0,7466.622645713854,766.6226457138537
2022-01-12,0.0,0.0,7466.622645713854,766.6226457138537
2022-01-13,0.0,0.0,7466.622645713854,766.6226457138537
2022-01-14,0.0,0.0,7466.622645713854,766.6226457138537
2022-01-15,0.0,0.0,7466.622645713854,766.6226457138537
2022-01-16,0.0,0.0,7466.622645713854,766.6226457138537
2022-01-17,0.0,0.0,7466.622645713854,766.6226457138537
2022-01-18,0.0,0.0,7466.622645713854,766.6226457138537
2022-01-19,0.0,0.0,7466.622645713854,766.6226457138537
2022-01-20,0.0,0.0,7466.622645713854,766.6226457138537
2022-01-21,0.0,0.0,7466.622645713854,766.6226457138537
2022-01-22,0.0,0.0,7466.622645713854,766.6226457138537
2022-01-23,0.0,0.0,7466.622645713854,766.6226457138537
2022-01-24,0.0,0.0,7466.622645713854,766.6226457138537
2022-01-25,0.0,0.0,7466.622645713854,766.6226457138537
2022-01-26,0.0,0.0,7466.622645713854,766.6226457138537
2022-01-27,0.0,0.0,7466.622645713854,766.6226457138537
2022-01-28,0.0,0.0,7466.622645713854,766.6226457138537
2022-01-29,0.0,0.0,7466.622645713854,766.6226457138537
2022-01-30,0.0,0.0,7466.622645713854,766.6226457138537
2022-01-31,0.0,0.0,7466.622645713854,766.6226457138537
2022-02-01,300.0,0.0,7766.622645713854,766.6226457138537
2022-02-02,0.0,0.0,7766.622645713854,766.6226457138537
2022-02-03,0.0,0.0,7766.622645713854,766.6226457138537
2022-02-04,0.0,0.0,7766.622645713854,766.6226457138537
2022-02-05,0.0,0.0,7766.622645713854,766.6226457138537
2022-02-06,0.0,0.0,7766.622645713854,766.6226457138537
2022-02-07,0.0,0.0,7766.622645713854,766.6226457138537
2022-02-08,0.0,0.0,7766.622645713854,766.6226457138537
2022-02-09,0.0,0.0,7766.622645713854,766.6226457138537
2022-02-10,0.0,0.0,7766.622645713854,766.6226457138537
2022-02-11,0.0,-88.48206358685638,7678.140582126997,678.1405821269973
2022-02-12,0.0,76.18277853440031,7754.323360661398,754.3233606613976
2022-02-13,0.0,368.5139343687879,8122.8372950301855,1122.8372950301855
2022-02-14,0.0,-451.8987794487239,7670.938515581462,670.9385155814616
2022-02-15,0.0,-726.5441114775113,6944.39440410395,-55.605595896049635
2022-02-16,0.0,0.0,6944.39440410395,-55.605595896049635
2022-02-17,0.0,540.7575376566429,7485.151941760593,485.1519417605932
2022-02-18,0.0,767.3540800484816,8252.506021809075,1252.5060218090748
2022-02-19,0.0,118.03417127552711,8370.540193084602,1370.540193084602
2022-02-20,0.0,967.8494232558787,9338.38961634048,2338.3896163404806
2022-02-21,0.0,355.45962980865806,9693.849246149139,2693.8492461491387
2022-02-22,0.0,-464.75815290405626,9229.091093245082,2229.0910932450824
2022-02-23,0.0,401.5933512271622,9630.684444472245,2630.6844444722446
2022-02-24,0.0,962.6119895668453,10593.29643403909,3593.29643403909
2022-02-25,0.0,0.0,10593.29643403909,3593.29643403909
2022-02-26,0.0,0.0,10593.29643403909,3593.29643403909
2022-02-27,0.0,0.0,10593.29643403909,3593.29643403909
2022-02-28,0.0,-901.4291795010558,9691.867254538034,2691.867254538034
2022-03-01,300.0,0.0,9991.867254538034,2691.867254538034
2022-03-02,0.0,0.0,9991.867254538034,2691.867254538034
2022-03-03,0.0,-79.14553342422369,9912.72172111381,2612.7217211138104
2022-03-04,0.0,2205.6989856021046,12118.420706715915,4818.420706715915
2022-03-05,0.0,-446.42798717396363,11671.992719541951,4371.992719541951
2022-03-06,0.0,1186.8565667535313,12858.849286295483,5558.849286295483
2022-03-07,0.0,597.0447526607059,13455.894038956189,6155.8940389561885
2022-03-08,0.0,-861.2054406344541,12594.688598321734,5294.688598321734
2022-03-09,0.0,-1558.5557996509106,11036.132798670824,3736.132798670824
2022-03-10,0.0,1333.5737282005794,12369.706526871403,5069.706526871403
2022-03-11,0.0,0.0,12369.706526871403,5069.706526871403
2022-03-12,0.0,0.0,12369.706526871403,5069.706526871403
2022-03-13,0.0,0.0,12369.706526871403,5069.706526871403
2022-03-14,0.0,0.0,12369.706526871403,5069.706526871403
2022-03-15,0.0,0.0,12369.706526871403,5069.706526871403
2022-03-16,0.0,-727.4011042799993,11642.305422591404,4342.305422591404
2022-03-17,0.0,0.0,11642.305422591404,4342.305422591404
2022-03-18,0.0,0.0,11642.305422591404,4342.305422591404
2022-03-19,0.0,0.0,11642.305422591404,4342.305422591404
2022-03-20,0.0,0.0,11642.305422591404,4342.305422591404
2022-03-21,0.0,0.0,11642.305422591404,4342.305422591404
2022-03-22,0.0,0.0,11642.305422591404,4342.305422591404
2022-03-23,0.0,0.0,11642.305422591404,4342.305422591404
2022-03-24,0.0,0.0,11642.305422591404,4342.305422591404
2022-03-25,0.0,0.0,11642.305422591404,4342.305422591404
2022-03-26,0.0,0.0,11642.305422591404,4342.305422591404
2022-03-27,0.0,0.0,11642.305422591404,4342.305422591404
2022-03-28,0.0,0.0,11642.305422591404,4342.305422591404
2022-03-29,0.0,0.0,11642.305422591404,4342.305422591404
2022-03-30,0.0,0.0,11642.305422591404,4342.305422591404
2022-03-31,0.0,0.0,11642.305422591404,4342.305422591404
2022-04-01,300.0,0.0,11942.305422591404,4342.305422591404
2022-04-02,0.0,0.0,11942.305422591404,4342.305422591404
2022-04-03,0.0,0.0,11942.305422591404,4342.305422591404
2022-04-04,0.0,0.0,11942.305422591404,4342.305422591404
2022-04-05,0.0,0.0,11942.305422591404,4342.305422591404
2022-04-06,0.0,0.0,11942.305422591404,4342.305422591404
2022-04-07,0.0,0.0,11942.305422591404,4342.305422591404
2022-04-08,0.0,0.0,11942.305422591404,4342.305422591404
2022-04-09,0.0,0.0,11942.305422591404,4342.305422591404
2022-04-10,0.0,0.0,11942.305422591404,4342.305422591404
2022-04-11,0.0,1091.291964399923,13033.597386991327,5433.597386991327
2022-04-12,0.0,-119.04340572785259,12914.553981263474,5314.553981263474
2022-04-13,0.0,0.0,12914.553981263474,5314.553981263474
2022-04-14,0.0,0.0,12914.553981263474,5314.553981263474
2022-04-15,0.0,0.0,12914.553981263474,5314.553981263474
2022-04-16,0.0,0.0,12914.553981263474,5314.553981263474
2022-04-17,0.0,0.0,12914.553981263474,5314.553981263474
2022-04-18,0.0,17.846461386867304,12932.400442650342,5332.400442650342
2022-04-19,0.0,0.0,12932.400442650342,5332.400442650342
2022-04-20,0.0,0.0,12932.400442650342,5332.400442650342
2022-04-21,0.0,0.0,12932.400442650342,5332.400442650342
2022-04-22,0.0,0.0,12932.400442650342,5332.400442650342
2022-04-23,0.0,0.0,12932.400442650342,5332.400442650342
2022-04-24,0.0,0.0,12932.400442650342,5332.400442650342
2022-04-25,0.0,0.0,12932.400442650342,5332.400442650342
2022-04-26,0.0,0.0,12932.400442650342,5332.400442650342
2022-04-27,0.0,0.0,12932.400442650342,5332.400442650342
2022-04-28,0.0,0.0,12932.400442650342,5332.400442650342
2022-04-29,0.0,0.0,12932.400442650342,5332.400442650342
2022-04-30,0.0,1231.3501931295668,14163.750635779908,6563.750635779908
2022-05-01,300.0,-1345.8037073936375,13117.94692838627,5217.946928386271
2022-05-02,0.0,-245.93022691043552,12872.016701475835,4972.016701475835
2022-05-03,0.0,0.0,12872.016701475835,4972.016701475835
2022-05-04,0.0,0.0,12872.016701475835,4972.016701475835
2022-05-05,0.0,0.0,12872.016701475835,4972.016701475835
2022-05-06,0.0,0.0,12872.016701475835,4972.016701475835
2022-05-07,0.0,0.0,12872.016701475835,4972.016701475835
2022-05-08,0.0,363.3540331055374,13235.370734581373,5335.370734581373
2022-05-09,0.0,4284.1643645379245,17519.535099119297,9619.535099119297
2022-05-10,0.0,-1637.6386343017948,15881.896464817502,7981.896464817502
2022-05-11,0.0,3788.6545574954616,19670.551022312964,11770.551022312964
2022-05-12,0.0,1829.6302285116108,21500.181250824575,13600.181250824575
2022-05-13,0.0,-734.6088462475636,20765.57240457701,12865.572404577011
2022-05-14,0.0,-687.6106608657537,20077.961743711257,12177.961743711257
2022-05-15,0.0,604.879501505533,20682.84124521679,12782.84124521679
2022-05-16,0.0,0.0,20682.84124521679,12782.84124521679
2022-05-17,0.0,0.0,20682.84124521679,12782.84124521679
2022-05-18,0.0,0.0,20682.84124521679,12782.84124521679
2022-05-19,0.0,0.0,20682.84124521679,12782.84124521679
2022-05-20,0.0,0.0,20682.84124521679,12782.84124521679
2022-05-21,0.0,0.0,20682.84124521679,12782.84124521679
2022-05-22,0.0,0.0,20682.84124521679,12782.84124521679
2022-05-23,0.0,0.0,20682.84124521679,12782.84124521679
2022-05-24,0.0,0.0,20682.84124521679,12782.84124521679
2022-05-25,0.0,0.0,20682.84124521679,12782.84124521679
2022-05-26,0.0,0.0,20682.84124521679,12782.84124521679
2022-05-27,0.0,0.0,20682.84124521679,12782.84124521679
2022-05-28,0.0,0.0,20682.84124521679,12782.84124521679
2022-05-29,0.0,0.0,20682.84124521679,12782.84124521679
2022-05-30,0.0,0.0,20682.84124521679,12782.84124521679
2022-05-31,0.0,0.0,20682.84124521679,12782.84124521679
2022-06-01,300.0,0.0,20982.84124521679,12782.84124521679
2022-06-02,0.0,0.0,20982.84124521679,12782.84124521679
2022-06-03,0.0,0.0,20982.84124521679,12782.84124521679
2022-06-04,0.0,0.0,20982.84124521679,12782.84124521679
2022-06-05,0.0,0.0,20982.84124521679,12782.84124521679
2022-06-06,0.0,0.0,20982.84124521679,12782.84124521679
2022-06-07,0.0,0.0,20982.84124521679,12782.84124521679
2022-06-08,0.0,0.0,20982.84124521679,12782.84124521679
2022-06-09,0.0,0.0,20982.84124521679,12782.84124521679
2022-06-10,0.0,0.0,20982.84124521679,12782.84124521679
2022-06-11,0.0,0.0,20982.84124521679,12782.84124521679
2022-06-12,0.0,0.0,20982.84124521679,12782.84124521679
2022-06-13,0.0,0.0,20982.84124521679,12782.84124521679
2022-06-14,0.0,0.0,20982.84124521679,12782.84124521679
2022-06-15,0.0,0.0,20982.84124521679,12782.84124521679
2022-06-16,0.0,0.0,20982.84124521679,12782.84124521679
2022-06-17,0.0,0.0,20982.84124521679,12782.84124521679
2022-06-18,0.0,0.0,20982.84124521679,12782.84124521679
2022-06-19,0.0,0.0,20982.84124521679,12782.84124521679
2022-06-20,0.0,0.0,20982.84124521679,12782.84124521679
2022-06-21,0.0,0.0,20982.84124521679,12782.84124521679
2022-06-22,0.0,0.0,20982.84124521679,12782.84124521679
2022-06-23,0.0,0.0,20982.84124521679,12782.84124521679
2022-06-24,0.0,0.0,20982.84124521679,12782.84124521679
2022-06-25,0.0,0.0,20982.84124521679,12782.84124521679
2022-06-26,0.0,0.0,20982.84124521679,12782.84124521679
2022-06-27,0.0,0.0,20982.84124521679,12782.84124521679
2022-06-28,0.0,0.0,20982.84124521679,12782.84124521679
2022-06-29,0.0,0.0,20982.84124521679,12782.84124521679
2022-06-30,0.0,0.0,20982.84124521679,12782.84124521679
2022-07-01,300.0,0.0,21282.84124521679,12782.84124521679
2022-07-02,0.0,0.0,21282.84124521679,12782.84124521679
2022-07-03,0.0,0.0,21282.84124521679,12782.84124521679
2022-07-04,0.0,0.0,21282.84124521679,12782.84124521679
2022-07-05,0.0,0.0,21282.84124521679,12782.84124521679
2022-07-06,0.0,0.0,21282.84124521679,12782.84124521679
2022-07-07,0.0,0.0,21282.84124521679,12782.84124521679
2022-07-08,0.0,0.0,21282.84124521679,12782.84124521679
2022-07-09,0.0,0.0,21282.84124521679,12782.84124521679
2022-07-10,0.0,0.0,21282.84124521679,12782.84124521679
2022-07-11,0.0,0.0,21282.84124521679,12782.84124521679
2022-07-12,0.0,0.0,21282.84124521679,12782.84124521679
2022-07-13,0.0,0.0,21282.84124521679,12782.84124521679
2022-07-14,0.0,0.0,21282.84124521679,12782.84124521679
2022-07-15,0.0,-1783.9958710835272,19498.845374133263,10998.845374133263
2022-07-16,0.0,-1099.2069755748234,18399.63839855844,9899.63839855844
2022-07-17,0.0,0.0,18399.63839855844,9899.63839855844
2022-07-18,0.0,0.0,18399.63839855844,9899.63839855844
2022-07-19,0.0,0.0,18399.63839855844,9899.63839855844
2022-07-20,0.0,0.0,18399.63839855844,9899.63839855844
2022-07-21,0.0,0.0,18399.63839855844,9899.63839855844
2022-07-22,0.0,0.0,18399.63839855844,9899.63839855844
2022-07-23,0.0,0.0,18399.63839855844,9899.63839855844
2022-07-24,0.0,0.0,18399.63839855844,9899.63839855844
2022-07-25,0.0,0.0,18399.63839855844,9899.63839855844
2022-07-26,0.0,0.0,18399.63839855844,9899.63839855844
2022-07-27,0.0,0.0,18399.63839855844,9899.63839855844
2022-07-28,0.0,0.0,18399.63839855844,9899.63839855844
2022-07-29,0.0,0.0,18399.63839855844,9899.63839855844
2022-07-30,0.0,0.0,18399.63839855844,9899.63839855844
2022-07-31,0.0,0.0,18399.63839855844,9899.63839855844
2022-08-01,300.0,0.0,18699.63839855844,9899.63839855844
2022-08-02,0.0,0.0,18699.63839855844,9899.63839855844
2022-08-03,0.0,0.0,18699.63839855844,9899.63839855844
2022-08-04,0.0,0.0,18699.63839855844,9899.63839855844
2022-08-05,0.0,0.0,18699.63839855844,9899.63839855844
2022-08-06,0.0,0.0,18699.63839855844,9899.63839855844
2022-08-07,0.0,0.0,18699.63839855844,9899.63839855844
2022-08-08,0.0,0.0,18699.63839855844,9899.63839855844
2022-08-09,0.0,0.0,18699.63839855844,9899.63839855844
2022-08-10,0.0,0.0,18699.63839855844,9899.63839855844
2022-08-11,0.0,0.0,18699.63839855844,9899.63839855844
2022-08-12,0.0,0.0,18699.63839855844,9899.63839855844
2022-08-13,0.0,0.0,18699.63839855844,9899.63839855844
2022-08-14,0.0,0.0,18699.63839855844,9899.63839855844
2022-08-15,0.0,0.0,18699.63839855844,9899.63839855844
2022-08-16,0.0,0.0,18699.63839855844,9899.63839855844
2022-08-17,0.0,0.0,18699.63839855844,9899.63839855844
2022-08-18,0.0,0.0,18699.63839855844,9899.63839855844
2022-08-19,0.0,0.0,18699.63839855844,9899.63839855844
2022-08-20,0.0,0.0,18699.63839855844,9899.63839855844
2022-08-21,0.0,0.0,18699.63839855844,9899.63839855844
2022-08-22,0.0,0.0,18699.63839855844,9899.63839855844
2022-08-23,0.0,0.0,18699.63839855844,9899.63839855844
2022-08-24,0.0,0.0,18699.63839855844,9899.63839855844
2022-08-25,0.0,0.0,18699.63839855844,9899.63839855844
2022-08-26,0.0,0.0,18699.63839855844,9899.63839855844
2022-08-27,0.0,0.0,18699.63839855844,9899.63839855844
2022-08-28,0.0,0.0,18699.63839855844,9899.63839855844
2022-08-29,0.0,0.0,18699.63839855844,9899.63839855844
2022-08-30,0.0,0.0,18699.63839855844,9899.63839855844
2022-08-31,0.0,0.0,18699.63839855844,9899.63839855844
2022-09-01,300.0,0.0,18999.63839855844,9899.63839855844
2022-09-02,0.0,0.0,18999.63839855844,9899.63839855844
2022-09-03,0.0,0.0,18999.63839855844,9899.63839855844
2022-09-04,0.0,0.0,18999.63839855844,9899.63839855844
2022-09-05,0.0,0.0,18999.63839855844,9899.63839855844
2022-09-06,0.0,0.0,18999.63839855844,9899.63839855844
2022-09-07,0.0,0.0,18999.63839855844,9899.63839855844
2022-09-08,0.0,0.0,18999.63839855844,9899.63839855844
2022-09-09,0.0,0.0,18999.63839855844,9899.63839855844
2022-09-10,0.0,0.0,18999.63839855844,9899.63839855844
2022-09-11,0.0,0.0,18999.63839855844,9899.63839855844
2022-09-12,0.0,0.0,18999.63839855844,9899.63839855844
2022-09-13,0.0,0.0,18999.63839855844,9899.63839855844
2022-09-14,0.0,0.0,18999.63839855844,9899.63839855844
2022-09-15,0.0,0.0,18999.63839855844,9899.63839855844
2022-09-16,0.0,-128.5783067753473,18871.060091783093,9771.060091783093
2022-09-17,0.0,-1317.278474660321,17553.78161712277,8453.781617122771
2022-09-18,0.0,5226.7441825163805,22780.525799639152,13680.525799639152
2022-09-19,0.0,-1614.682439040993,21165.84336059816,12065.843360598159
2022-09-20,0.0,2021.4615184424765,23187.304879040636,14087.304879040636
2022-09-21,0.0,3012.4282518930268,26199.733130933662,17099.733130933662
2022-09-22,0.0,-3170.1261954552247,23029.606935478438,13929.606935478438
2022-09-23,0.0,-170.07612695563512,22859.530808522803,13759.530808522803
2022-09-24,0.0,0.0,22859.530808522803,13759.530808522803
2022-09-25,0.0,0.0,22859.530808522803,13759.530808522803
2022-09-26,0.0,0.0,22859.530808522803,13759.530808522803
2022-09-27,0.0,0.0,22859.530808522803,13759.530808522803
2022-09-28,0.0,0.0,22859.530808522803,13759.530808522803
2022-09-29,0.0,0.0,22859.530808522803,13759.530808522803
2022-09-30,0.0,0.0,22859.530808522803,13759.530808522803
2022-10-01,300.0,0.0,23159.530808522803,13759.530808522803
2022-10-02,0.0,0.0,23159.530808522803,13759.530808522803
2022-10-03,0.0,0.0,23159.530808522803,13759.530808522803
2022-10-04,0.0,0.0,23159.530808522803,13759.530808522803
2022-10-05,0.0,0.0,23159.530808522803,13759.530808522803
2022-10-06,0.0,0.0,23159.530808522803,13759.530808522803
2022-10-07,0.0,0.0,23159.530808522803,13759.530808522803
2022-10-08,0.0,0.0,23159.530808522803,13759.530808522803
2022-10-09,0.0,0.0,23159.530808522803,13759.530808522803
2022-10-10,0.0,0.0,23159.530808522803,13759.530808522803
2022-10-11,0.0,0.0,23159.530808522803,13759.530808522803
2022-10-12,0.0,0.0,23159.530808522803,13759.530808522803
2022-10-13,0.0,0.0,23159.530808522803,13759.530808522803
2022-10-14,0.0,0.0,23159.530808522803,13759.530808522803
2022-10-15,0.0,0.0,23159.530808522803,13759.530808522803
2022-10-16,0.0,0.0,23159.530808522803,13759.530808522803
2022-10-17,0.0,0.0,23159.530808522803,13759.530808522803
2022-10-18,0.0,0.0,23159.530808522803,13759.530808522803
2022-10-19,0.0,0.0,23159.530808522803,13759.530808522803
2022-10-20,0.0,0.0,23159.530808522803,13759.530808522803
2022-10-21,0.0,0.0,23159.530808522803,13759.530808522803
2022-10-22,0.0,0.0,23159.530808522803,13759.530808522803
2022-10-23,0.0,0.0,23159.530808522803,13759.530808522803
2022-10-24,0.0,-916.3595737543619,22243.17123476844,12843.17123476844
2022-10-25,0.0,0.0,22243.17123476844,12843.17123476844
2022-10-26,0.0,0.0,22243.17123476844,12843.17123476844
2022-10-27,0.0,0.0,22243.17123476844,12843.17123476844
2022-10-28,0.0,0.0,22243.17123476844,12843.17123476844
2022-10-29,0.0,0.0,22243.17123476844,12843.17123476844
2022-10-30,0.0,0.0,22243.17123476844,12843.17123476844
2022-10-31,0.0,0.0,22243.17123476844,12843.17123476844
2022-11-01,300.0,0.0,22543.17123476844,12843.17123476844
2022-11-02,0.0,0.0,22543.17123476844,12843.17123476844
2022-11-03,0.0,0.0,22543.17123476844,12843.17123476844
2022-11-04,0.0,0.0,22543.17123476844,12843.17123476844
2022-11-05,0.0,0.0,22543.17123476844,12843.17123476844
2022-11-06,0.0,0.0,22543.17123476844,12843.17123476844
2022-11-07,0.0,0.0,22543.17123476844,12843.17123476844
2022-11-08,0.0,276.09401470124794,22819.26524946969,13119.265249469689
2022-11-09,0.0,8698.512851161257,31517.778100630945,21817.778100630945
2022-11-10,0.0,-7498.360689326208,24019.417411304737,14319.417411304737
2022-11-11,0.0,400.24949322819157,24419.66690453293,14719.666904532929
2022-11-12,0.0,1199.8082069482807,25619.47511148121,15919.47511148121
2022-11-13,0.0,1318.1706908679917,26937.6458023492,17237.6458023492
2022-11-14,0.0,-805.4138435587884,26132.231958790413,16432.231958790413
2022-11-15,0.0,-930.3660964450464,25201.865862345367,15501.865862345367
2022-11-16,0.0,0.0,25201.865862345367,15501.865862345367
2022-11-17,0.0,0.0,25201.865862345367,15501.865862345367
2022-11-18,0.0,0.0,25201.865862345367,15501.865862345367
2022-11-19,0.0,0.0,25201.865862345367,15501.865862345367
2022-11-20,0.0,0.0,25201.865862345367,15501.865862345367
2022-11-21,0.0,0.0,25201.865862345367,15501.865862345367
2022-11-22,0.0,0.0,25201.865862345367,15501.865862345367
2022-11-23,0.0,0.0,25201.865862345367,15501.865862345367
2022-11-24,0.0,0.0,25201.865862345367,15501.865862345367
2022-11-25,0.0,0.0,25201.865862345367,15501.865862345367
2022-11-26,0.0,0.0,25201.865862345367,15501.865862345367
2022-11-27,0.0,0.0,25201.865862345367,15501.865862345367
2022-11-28,0.0,0.0,25201.865862345367,15501.865862345367
2022-11-29,0.0,0.0,25201.865862345367,15501.865862345367
2022-11-30,0.0,0.0,25201.865862345367,15501.865862345367
2022-12-01,300.0,0.0,25501.865862345367,15501.865862345367
2022-12-02,0.0,0.0,25501.865862345367,15501.865862345367
2022-12-03,0.0,1259.4959214349474,26761.361783780314,16761.361783780314
2022-12-04,0.0,-1987.5160673690661,24773.845716411248,14773.845716411248
2022-12-05,0.0,336.1500164962781,25109.995732907526,15109.995732907526
2022-12-06,0.0,-678.9957630846766,24430.99996982285,14430.99996982285
2022-12-07,0.0,1807.8842327862003,26238.88420260905,16238.88420260905
2022-12-08,0.0,-3257.040866130097,22981.843336478953,12981.843336478953
2022-12-09,0.0,0.0,22981.843336478953,12981.843336478953
2022-12-10,0.0,0.0,22981.843336478953,12981.843336478953
2022-12-11,0.0,0.0,22981.843336478953,12981.843336478953
2022-12-12,0.0,0.0,22981.843336478953,12981.843336478953
2022-12-13,0.0,0.0,22981.843336478953,12981.843336478953
2022-12-14,0.0,0.0,22981.843336478953,12981.843336478953
2022-12-15,0.0,0.0,22981.843336478953,12981.843336478953
2022-12-16,0.0,2478.39280003139,25460.236136510342,15460.236136510342
2022-12-17,0.0,-1115.5681719458335,24344.66796456451,14344.667964564509
2022-12-18,0.0,231.00813741105594,24575.676101975565,14575.676101975565
2022-12-19,0.0,846.3762783135135,25422.05238028908,15422.052380289078
2022-12-20,0.0,-2722.213484527263,22699.838895761815,12699.838895761815
2022-12-21,0.0,186.57281920854075,22886.411714970356,12886.411714970356
2022-12-22,0.0,-195.69029946175942,22690.721415508597,12690.721415508597
2022-12-23,0.0,-119.37346391575556,22571.34795159284,12571.347951592841
2022-12-24,0.0,0.0,22571.34795159284,12571.347951592841
2022-12-25,0.0,0.0,22571.34795159284,12571.347951592841
2022-12-26,0.0,0.0,22571.34795159284,12571.347951592841
2022-12-27,0.0,0.0,22571.34795159284,12571.347951592841
2022-12-28,0.0,0.0,22571.34795159284,12571.347951592841
2022-12-29,0.0,0.0,22571.34795159284,12571.347951592841
2022-12-30,0.0,0.0,22571.34795159284,12571.347951592841
2022-12-31,0.0,0.0,22571.34795159284,12571.347951592841
2023-01-01,300.0,0.0,22871.34795159284,12571.347951592841
2023-01-02,0.0,0.0,22871.34795159284,12571.347951592841
2023-01-03,0.0,0.0,22871.34795159284,12571.347951592841
2023-01-04,0.0,0.0,22871.34795159284,12571.347951592841
2023-01-05,0.0,0.0,22871.34795159284,12571.347951592841
2023-01-06,0.0,0.0,22871.34795159284,12571.347951592841
2023-01-07,0.0,0.0,22871.34795159284,12571.347951592841
2023-01-08,0.0,0.0,22871.34795159284,12571.347951592841
2023-01-09,0.0,0.0,22871.34795159284,12571.347951592841
2023-01-10,0.0,0.0,22871.34795159284,12571.347951592841
2023-01-11,0.0,0.0,22871.34795159284,12571.347951592841
2023-01-12,0.0,0.0,22871.34795159284,12571.347951592841
2023-01-13,0.0,0.0,22871.34795159284,12571.347951592841
2023-01-14,0.0,0.0,22871.34795159284,12571.347951592841
2023-01-15,0.0,0.0,22871.34795159284,12571.347951592841
2023-01-16,0.0,0.0,22871.34795159284,12571.347951592841
2023-01-17,0.0,0.0,22871.34795159284,12571.347951592841
2023-01-18,0.0,0.0,22871.34795159284,12571.347951592841
2023-01-19,0.0,0.0,22871.34795159284,12571.347951592841
2023-01-20,0.0,0.0,22871.34795159284,12571.347951592841
2023-01-21,0.0,0.0,22871.34795159284,12571.347951592841
2023-01-22,0.0,0.0,22871.34795159284,12571.347951592841
2023-01-23,0.0,0.0,22871.34795159284,12571.347951592841
2023-01-24,0.0,0.0,22871.34795159284,12571.347951592841
2023-01-25,0.0,0.0,22871.34795159284,12571.347951592841
2023-01-26,0.0,0.0,22871.34795159284,12571.347951592841
2023-01-27,0.0,0.0,22871.34795159284,12571.347951592841
2023-01-28,0.0,0.0,22871.34795159284,12571.347951592841
2023-01-29,0.0,0.0,22871.34795159284,12571.347951592841
2023-01-30,0.0,0.0,22871.34795159284,12571.347951592841
2023-01-31,0.0,0.0,22871.34795159284,12571.347951592841
2023-02-01,300.0,0.0,23171.34795159284,12571.347951592841
2023-02-02,0.0,0.0,23171.34795159284,12571.347951592841
2023-02-03,0.0,0.0,23171.34795159284,12571.347951592841
2023-02-04,0.0,0.0,23171.34795159284,12571.347951592841
2023-02-05,0.0,0.0,23171.34795159284,12571.347951592841
2023-02-06,0.0,0.0,23171.34795159284,12571.347951592841
2023-02-07,0.0,0.0,23171.34795159284,12571.347951592841
2023-02-08,0.0,0.0,23171.34795159284,12571.347951592841
2023-02-09,0.0,0.0,23171.34795159284,12571.347951592841
2023-02-10,0.0,0.0,23171.34795159284,12571.347951592841
2023-02-11,0.0,0.0,23171.34795159284,12571.347951592841
2023-02-12,0.0,0.0,23171.34795159284,12571.347951592841
2023-02-13,0.0,0.0,23171.34795159284,12571.347951592841
2023-02-14,0.0,0.0,23171.34795159284,12571.347951592841
2023-02-15,0.0,0.0,23171.34795159284,12571.347951592841
2023-02-16,0.0,0.0,23171.34795159284,12571.347951592841
2023-02-17,0.0,0.0,23171.34795159284,12571.347951592841
2023-02-18,0.0,0.0,23171.34795159284,12571.347951592841
2023-02-19,0.0,0.0,23171.34795159284,12571.347951592841
2023-02-20,0.0,0.0,23171.34795159284,12571.347951592841
2023-02-21,0.0,0.0,23171.34795159284,12571.347951592841
2023-02-22,0.0,0.0,23171.34795159284,12571.347951592841
2023-02-23,0.0,0.0,23171.34795159284,12571.347951592841
2023-02-24,0.0,0.0,23171.34795159284,12571.347951592841
2023-02-25,0.0,0.0,23171.34795159284,12571.347951592841
2023-02-26,0.0,0.0,23171.34795159284,12571.347951592841
2023-02-27,0.0,0.0,23171.34795159284,12571.347951592841
2023-02-28,0.0,0.0,23171.34795159284,12571.347951592841
2023-03-01,300.0,0.0,23471.34795159284,12571.347951592841
2023-03-02,0.0,0.0,23471.34795159284,12571.347951592841
2023-03-03,0.0,0.0,23471.34795159284,12571.347951592841
2023-03-04,0.0,0.0,23471.34795159284,12571.347951592841
2023-03-05,0.0,0.0,23471.34795159284,12571.347951592841
2023-03-06,0.0,0.0,23471.34795159284,12571.347951592841
2023-03-07,0.0,0.0,23471.34795159284,12571.347951592841
2023-03-08,0.0,0.0,23471.34795159284,12571.347951592841
2023-03-09,0.0,0.0,23471.34795159284,12571.347951592841
2023-03-10,0.0,0.0,23471.34795159284,12571.347951592841
2023-03-11,0.0,0.0,23471.34795159284,12571.347951592841
2023-03-12,0.0,0.0,23471.34795159284,12571.347951592841
2023-03-13,0.0,0.0,23471.34795159284,12571.347951592841
2023-03-14,0.0,0.0,23471.34795159284,12571.347951592841
2023-03-15,0.0,0.0,23471.34795159284,12571.347951592841
2023-03-16,0.0,0.0,23471.34795159284,12571.347951592841
2023-03-17,0.0,0.0,23471.34795159284,12571.347951592841
2023-03-18,0.0,0.0,23471.34795159284,12571.347951592841
2023-03-19,0.0,0.0,23471.34795159284,12571.347951592841
2023-03-20,0.0,0.0,23471.34795159284,12571.347951592841
2023-03-21,0.0,0.0,23471.34795159284,12571.347951592841
2023-03-22,0.0,0.0,23471.34795159284,12571.347951592841
2023-03-23,0.0,0.0,23471.34795159284,12571.347951592841
2023-03-24,0.0,0.0,23471.34795159284,12571.347951592841
2023-03-25,0.0,0.0,23471.34795159284,12571.347951592841
2023-03-26,0.0,0.0,23471.34795159284,12571.347951592841
2023-03-27,0.0,0.0,23471.34795159284,12571.347951592841
2023-03-28,0.0,0.0,23471.34795159284,12571.347951592841
2023-03-29,0.0,0.0,23471.34795159284,12571.347951592841
2023-03-30,0.0,0.0,23471.34795159284,12571.347951592841
2023-03-31,0.0,0.0,23471.34795159284,12571.347951592841
2023-04-01,300.0,0.0,23771.34795159284,12571.347951592841
2023-04-02,0.0,0.0,23771.34795159284,12571.347951592841
2023-04-03,0.0,0.0,23771.34795159284,12571.347951592841
2023-04-04,0.0,0.0,23771.34795159284,12571.347951592841
2023-04-05,0.0,0.0,23771.34795159284,12571.347951592841
2023-04-06,0.0,0.0,23771.34795159284,12571.347951592841
2023-04-07,0.0,0.0,23771.34795159284,12571.347951592841
2023-04-08,0.0,0.0,23771.34795159284,12571.347951592841
2023-04-09,0.0,0.0,23771.34795159284,12571.347951592841
2023-04-10,0.0,0.0,23771.34795159284,12571.347951592841
2023-04-11,0.0,0.0,23771.34795159284,12571.347951592841
2023-04-12,0.0,0.0,23771.34795159284,12571.347951592841
2023-04-13,0.0,0.0,23771.34795159284,12571.347951592841
2023-04-14,0.0,0.0,23771.34795159284,12571.347951592841
2023-04-15,0.0,0.0,23771.34795159284,12571.347951592841
2023-04-16,0.0,0.0,23771.34795159284,12571.347951592841
2023-04-17,0.0,0.0,23771.34795159284,12571.347951592841
2023-04-18,0.0,0.0,23771.34795159284,12571.347951592841
2023-04-19,0.0,0.0,23771.34795159284,12571.347951592841
2023-04-20,0.0,0.0,23771.34795159284,12571.347951592841
2023-04-21,0.0,0.0,23771.34795159284,12571.347951592841
2023-04-22,0.0,0.0,23771.34795159284,12571.347951592841
2023-04-23,0.0,0.0,23771.34795159284,12571.347951592841
2023-04-24,0.0,0.0,23771.34795159284,12571.347951592841
2023-04-25,0.0,0.0,23771.34795159284,12571.347951592841
2023-04-26,0.0,0.0,23771.34795159284,12571.347951592841
2023-04-27,0.0,0.0,23771.34795159284,12571.347951592841
2023-04-28,0.0,0.0,23771.34795159284,12571.347951592841
2023-04-29,0.0,0.0,23771.34795159284,12571.347951592841
2023-04-30,0.0,0.0,23771.34795159284,12571.347951592841
2023-05-01,300.0,0.0,24071.34795159284,12571.347951592841
2023-05-02,0.0,0.0,24071.34795159284,12571.347951592841
2023-05-03,0.0,0.0,24071.34795159284,12571.347951592841
2023-05-04,0.0,0.0,24071.34795159284,12571.347951592841
2023-05-05,0.0,0.0,24071.34795159284,12571.347951592841
2023-05-06,0.0,0.0,24071.34795159284,12571.347951592841
2023-05-07,0.0,0.0,24071.34795159284,12571.347951592841
2023-05-08,0.0,0.0,24071.34795159284,12571.347951592841
2023-05-09,0.0,0.0,24071.34795159284,12571.347951592841
2023-05-10,0.0,0.0,24071.34795159284,12571.347951592841
2023-05-11,0.0,0.0,24071.34795159284,12571.347951592841
2023-05-12,0.0,0.0,24071.34795159284,12571.347951592841
2023-05-13,0.0,0.0,24071.34795159284,12571.347951592841
2023-05-14,0.0,0.0,24071.34795159284,12571.347951592841
2023-05-15,0.0,0.0,24071.34795159284,12571.347951592841
2023-05-16,0.0,0.0,24071.34795159284,12571.347951592841
2023-05-17,0.0,0.0,24071.34795159284,12571.347951592841
2023-05-18,0.0,0.0,24071.34795159284,12571.347951592841
2023-05-19,0.0,0.0,24071.34795159284,12571.347951592841
2023-05-20,0.0,0.0,24071.34795159284,12571.347951592841
2023-05-21,0.0,0.0,24071.34795159284,12571.347951592841
2023-05-22,0.0,0.0,24071.34795159284,12571.347951592841
2023-05-23,0.0,0.0,24071.34795159284,12571.347951592841
2023-05-24,0.0,0.0,24071.34795159284,12571.347951592841
2023-05-25,0.0,0.0,24071.34795159284,12571.347951592841
2023-05-26,0.0,0.0,24071.34795159284,12571.347951592841
2023-05-27,0.0,0.0,24071.34795159284,12571.347951592841
2023-05-28,0.0,0.0,24071.34795159284,12571.347951592841
2023-05-29,0.0,0.0,24071.34795159284,12571.347951592841
2023-05-30,0.0,0.0,24071.34795159284,12571.347951592841
2023-05-31,0.0,0.0,24071.34795159284,12571.347951592841
2023-06-01,300.0,0.0,24371.34795159284,12571.347951592841
2023-06-02,0.0,0.0,24371.34795159284,12571.347951592841
2023-06-03,0.0,0.0,24371.34795159284,12571.347951592841
2023-06-04,0.0,0.0,24371.34795159284,12571.347951592841
2023-06-05,0.0,0.0,24371.34795159284,12571.347951592841
2023-06-06,0.0,0.0,24371.34795159284,12571.347951592841
2023-06-07,0.0,0.0,24371.34795159284,12571.347951592841
2023-06-08,0.0,0.0,24371.34795159284,12571.347951592841
2023-06-09,0.0,0.0,24371.34795159284,12571.347951592841
2023-06-10,0.0,1411.1134893668022,25782.461440959643,13982.461440959643
2023-06-11,0.0,-50.41631310067896,25732.045127858964,13932.045127858964
2023-06-12,0.0,426.20846813635944,26158.253595995324,14358.253595995324
2023-06-13,0.0,102.1918854947944,26260.44548149012,14460.445481490118
2023-06-14,0.0,3571.9089224054624,29832.35440389558,18032.35440389558
2023-06-15,0.0,-631.1992754408457,29201.155128454735,17401.155128454735
2023-06-16,0.0,-2064.186027947926,27136.96910050681,15336.969100506809
2023-06-17,0.0,-405.1195877643113,26731.849512742498,14931.849512742498
2023-06-18,0.0,0.0,26731.849512742498,14931.849512742498
2023-06-19,0.0,0.0,26731.849512742498,14931.849512742498
2023-06-20,0.0,0.0,26731.849512742498,14931.849512742498
2023-06-21,0.0,0.0,26731.849512742498,14931.849512742498
2023-06-22,0.0,0.0,26731.849512742498,14931.849512742498
2023-06-23,0.0,0.0,26731.849512742498,14931.849512742498
2023-06-24,0.0,0.0,26731.849512742498,14931.849512742498
2023-06-25,0.0,0.0,26731.849512742498,14931.849512742498
2023-06-26,0.0,0.0,26731.849512742498,14931.849512742498
2023-06-27,0.0,0.0,26731.849512742498,14931.849512742498
2023-06-28,0.0,0.0,26731.849512742498,14931.849512742498
2023-06-29,0.0,0.0,26731.849512742498,14931.849512742498
2023-06-30,0.0,0.0,26731.849512742498,14931.849512742498
2023-07-01,300.0,0.0,27031.849512742498,14931.849512742498
2023-07-02,0.0,0.0,27031.849512742498,14931.849512742498
2023-07-03,0.0,0.0,27031.849512742498,14931.849512742498
2023-07-04,0.0,0.0,27031.849512742498,14931.849512742498
2023-07-05,0.0,0.0,27031.849512742498,14931.849512742498
2023-07-06,0.0,0.0,27031.849512742498,14931.849512742498
2023-07-07,0.0,0.0,27031.849512742498,14931.849512742498
2023-07-08,0.0,0.0,27031.849512742498,14931.849512742498
2023-07-09,0.0,0.0,27031.849512742498,14931.849512742498
2023-07-10,0.0,0.0,27031.849512742498,14931.849512742498
2023-07-11,0.0,0.0,27031.849512742498,14931.849512742498
2023-07-12,0.0,0.0,27031.849512742498,14931.849512742498
2023-07-13,0.0,0.0,27031.849512742498,14931.849512742498
2023-07-14,0.0,0.0,27031.849512742498,14931.849512742498
2023-07-15,0.0,0.0,27031.849512742498,14931.849512742498
2023-07-16,0.0,0.0,27031.849512742498,14931.849512742498
2023-07-17,0.0,0.0,27031.849512742498,14931.849512742498
2023-07-18,0.0,0.0,27031.849512742498,14931.849512742498
2023-07-19,0.0,0.0,27031.849512742498,14931.849512742498
2023-07-20,0.0,0.0,27031.849512742498,14931.849512742498
2023-07-21,0.0,0.0,27031.849512742498,14931.849512742498
2023-07-22,0.0,0.0,27031.849512742498,14931.849512742498
2023-07-23,0.0,0.0,27031.849512742498,14931.849512742498
2023-07-24,0.0,0.0,27031.849512742498,14931.849512742498
2023-07-25,0.0,0.0,27031.849512742498,14931.849512742498
2023-07-26,0.0,0.0,27031.849512742498,14931.849512742498
2023-07-27,0.0,0.0,27031.849512742498,14931.849512742498
2023-07-28,0.0,0.0,27031.849512742498,14931.849512742498
2023-07-29,0.0,0.0,27031.849512742498,14931.849512742498
2023-07-30,0.0,0.0,27031.849512742498,14931.849512742498
2023-07-31,0.0,0.0,27031.849512742498,14931.849512742498
2023-08-01,300.0,0.0,27331.849512742498,14931.849512742498
2023-08-02,0.0,0.0,27331.849512742498,14931.849512742498
2023-08-03,0.0,0.0,27331.849512742498,14931.849512742498
2023-08-04,0.0,0.0,27331.849512742498,14931.849512742498
2023-08-05,0.0,0.0,27331.849512742498,14931.849512742498
2023-08-06,0.0,0.0,27331.849512742498,14931.849512742498
2023-08-07,0.0,0.0,27331.849512742498,14931.849512742498
2023-08-08,0.0,0.0,27331.849512742498,14931.849512742498
2023-08-09,0.0,0.0,27331.849512742498,14931.849512742498
2023-08-10,0.0,0.0,27331.849512742498,14931.849512742498
2023-08-11,0.0,0.0,27331.849512742498,14931.849512742498
2023-08-12,0.0,0.0,27331.849512742498,14931.849512742498
2023-08-13,0.0,0.0,27331.849512742498,14931.849512742498
2023-08-14,0.0,0.0,27331.849512742498,14931.849512742498
2023-08-15,0.0,0.0,27331.849512742498,14931.849512742498
2023-08-16,0.0,0.0,27331.849512742498,14931.849512742498
2023-08-17,0.0,-3161.7472540295203,24170.102258712977,11770.102258712977
2023-08-18,0.0,1004.7279542088909,25174.83021292187,12774.830212921868
2023-08-19,0.0,-416.7898227323967,24758.04039018947,12358.040390189472
2023-08-20,0.0,-778.0258693690812,23980.01452082039,11580.01452082039
2023-08-21,0.0,850.6352248447365,24830.649745665127,12430.649745665127
2023-08-22,0.0,1599.554852834408,26430.204598499535,14030.204598499535
2023-08-23,0.0,-2214.1647012804824,24216.039897219052,11816.039897219052
2023-08-24,0.0,1222.4149446586525,25438.454841877705,13038.454841877705
2023-08-25,0.0,0.0,25438.454841877705,13038.454841877705
2023-08-26,0.0,0.0,25438.454841877705,13038.454841877705
2023-08-27,0.0,0.0,25438.454841877705,13038.454841877705
2023-08-28,0.0,0.0,25438.454841877705,13038.454841877705
2023-08-29,0.0,0.0,25438.454841877705,13038.454841877705
2023-08-30,0.0,0.0,25438.454841877705,13038.454841877705
2023-08-31,0.0,0.0,25438.454841877705,13038.454841877705
2023-09-01,300.0,0.0,25738.454841877705,13038.454841877705
2023-09-02,0.0,0.0,25738.454841877705,13038.454841877705
2023-09-03,0.0,0.0,25738.454841877705,13038.454841877705
2023-09-04,0.0,0.0,25738.454841877705,13038.454841877705
2023-09-05,0.0,0.0,25738.454841877705,13038.454841877705
2023-09-06,0.0,0.0,25738.454841877705,13038.454841877705
2023-09-07,0.0,0.0,25738.454841877705,13038.454841877705
2023-09-08,0.0,0.0,25738.454841877705,13038.454841877705
2023-09-09,0.0,0.0,25738.454841877705,13038.454841877705
2023-09-10,0.0,0.0,25738.454841877705,13038.454841877705
2023-09-11,0.0,0.0,25738.454841877705,13038.454841877705
2023-09-12,0.0,0.0,25738.454841877705,13038.454841877705
2023-09-13,0.0,0.0,25738.454841877705,13038.454841877705
2023-09-14,0.0,0.0,25738.454841877705,13038.454841877705
2023-09-15,0.0,0.0,25738.454841877705,13038.454841877705
2023-09-16,0.0,0.0,25738.454841877705,13038.454841877705
2023-09-17,0.0,0.0,25738.454841877705,13038.454841877705
2023-09-18,0.0,837.5245009903119,26575.979342868017,13875.979342868017
2023-09-19,0.0,-275.09450475802805,26300.88483810999,13600.884838109989
2023-09-20,0.0,954.7297404723977,27255.614578582386,14555.614578582386
2023-09-21,0.0,1753.5408615118176,29009.155440094204,16309.155440094204
2023-09-22,0.0,-404.59178916284145,28604.563650931363,15904.563650931363
2023-09-23,0.0,-32.17666769700372,28572.38698323436,15872.386983234359
2023-09-24,0.0,601.8818628539702,29174.26884608833,16474.26884608833
2023-09-25,0.0,123.74649031529043,29298.01533640362,16598.01533640362
2023-09-26,0.0,0.0,29298.01533640362,16598.01533640362
2023-09-27,0.0,0.0,29298.01533640362,16598.01533640362
2023-09-28,0.0,-971.669879184381,28326.34545721924,15626.345457219239
2023-09-29,0.0,0.0,28326.34545721924,15626.345457219239
2023-09-30,0.0,0.0,28326.34545721924,15626.345457219239
2023-10-01,300.0,0.0,28626.34545721924,15626.345457219239
2023-10-02,0.0,0.0,28626.34545721924,15626.345457219239
2023-10-03,0.0,0.0,28626.34545721924,15626.345457219239
2023-10-04,0.0,-1332.7119554024794,27293.63350181676,14293.63350181676
2023-10-05,0.0,1416.087288285078,28709.720790101837,15709.720790101837
2023-10-06,0.0,-1784.6276695710658,26925.09312053077,13925.093120530772
2023-10-07,0.0,271.2984127173622,27196.391533248134,14196.391533248134
2023-10-08,0.0,70.21276737627704,27266.60430062441,14266.60430062441
2023-10-09,0.0,2550.7862453416237,29817.390545966035,16817.390545966035
2023-10-10,0.0,616.0400402759224,30433.430586241957,17433.430586241957
2023-10-11,0.0,46.72989260747636,30480.160478849433,17480.160478849433
2023-10-12,0.0,1310.9482370900769,31791.10871593951,18791.10871593951
2023-10-13,0.0,-594.9823515004828,31196.126364439027,18196.126364439027
2023-10-14,0.0,-147.7571642740877,31048.36920016494,18048.36920016494
2023-10-15,0.0,0.0,31048.36920016494,18048.36920016494
2023-10-16,0.0,0.0,31048.36920016494,18048.36920016494
2023-10-17,0.0,0.0,31048.36920016494,18048.36920016494
2023-10-18,0.0,0.0,31048.36920016494,18048.36920016494
2023-10-19,0.0,0.0,31048.36920016494,18048.36920016494
2023-10-20,0.0,0.0,31048.36920016494,18048.36920016494
2023-10-21,0.0,0.0,31048.36920016494,18048.36920016494
2023-10-22,0.0,0.0,31048.36920016494,18048.36920016494
2023-10-23,0.0,0.0,31048.36920016494,18048.36920016494
2023-10-24,0.0,0.0,31048.36920016494,18048.36920016494
2023-10-25,0.0,0.0,31048.36920016494,18048.36920016494
2023-10-26,0.0,0.0,31048.36920016494,18048.36920016494
2023-10-27,0.0,0.0,31048.36920016494,18048.36920016494
2023-10-28,0.0,0.0,31048.36920016494,18048.36920016494
2023-10-29,0.0,0.0,31048.36920016494,18048.36920016494
2023-10-30,0.0,0.0,31048.36920016494,18048.36920016494
2023-10-31,0.0,0.0,31048.36920016494,18048.36920016494
2023-11-01,300.0,0.0,31348.36920016494,18048.36920016494
2023-11-02,0.0,0.0,31348.36920016494,18048.36920016494
2023-11-03,0.0,0.0,31348.36920016494,18048.36920016494
2023-11-04,0.0,0.0,31348.36920016494,18048.36920016494
2023-11-05,0.0,0.0,31348.36920016494,18048.36920016494
2023-11-06,0.0,0.0,31348.36920016494,18048.36920016494
2023-11-07,0.0,0.0,31348.36920016494,18048.36920016494
2023-11-08,0.0,0.0,31348.36920016494,18048.36920016494
2023-11-09,0.0,0.0,31348.36920016494,18048.36920016494
2023-11-10,0.0,0.0,31348.36920016494,18048.36920016494
2023-11-11,0.0,0.0,31348.36920016494,18048.36920016494
2023-11-12,0.0,0.0,31348.36920016494,18048.36920016494
2023-11-13,0.0,0.0,31348.36920016494,18048.36920016494
2023-11-14,0.0,0.0,31348.36920016494,18048.36920016494
2023-11-15,0.0,0.0,31348.36920016494,18048.36920016494
2023-11-16,0.0,0.0,31348.36920016494,18048.36920016494
2023-11-17,0.0,0.0,31348.36920016494,18048.36920016494
2023-11-18,0.0,0.0,31348.36920016494,18048.36920016494
2023-11-19,0.0,0.0,31348.36920016494,18048.36920016494
2023-11-20,0.0,0.0,31348.36920016494,18048.36920016494
2023-11-21,0.0,0.0,31348.36920016494,18048.36920016494
2023-11-22,0.0,0.0,31348.36920016494,18048.36920016494
2023-11-23,0.0,0.0,31348.36920016494,18048.36920016494
2023-11-24,0.0,0.0,31348.36920016494,18048.36920016494
2023-11-25,0.0,0.0,31348.36920016494,18048.36920016494
2023-11-26,0.0,0.0,31348.36920016494,18048.36920016494
2023-11-27,0.0,0.0,31348.36920016494,18048.36920016494
2023-11-28,0.0,0.0,31348.36920016494,18048.36920016494
2023-11-29,0.0,0.0,31348.36920016494,18048.36920016494
2023-11-30,0.0,0.0,31348.36920016494,18048.36920016494
2023-12-01,300.0,0.0,31648.36920016494,18048.36920016494
2023-12-02,0.0,0.0,31648.36920016494,18048.36920016494
2023-12-03,0.0,0.0,31648.36920016494,18048.36920016494
2023-12-04,0.0,0.0,31648.36920016494,18048.36920016494
2023-12-05,0.0,0.0,31648.36920016494,18048.36920016494
2023-12-06,0.0,0.0,31648.36920016494,18048.36920016494
2023-12-07,0.0,0.0,31648.36920016494,18048.36920016494
2023-12-08,0.0,0.0,31648.36920016494,18048.36920016494
2023-12-09,0.0,0.0,31648.36920016494,18048.36920016494
2023-12-10,0.0,0.0,31648.36920016494,18048.36920016494
2023-12-11,0.0,0.0,31648.36920016494,18048.36920016494
2023-12-12,0.0,0.0,31648.36920016494,18048.36920016494
2023-12-13,0.0,0.0,31648.36920016494,18048.36920016494
2023-12-14,0.0,0.0,31648.36920016494,18048.36920016494
2023-12-15,0.0,0.0,31648.36920016494,18048.36920016494
2023-12-16,0.0,0.0,31648.36920016494,18048.36920016494
2023-12-17,0.0,0.0,31648.36920016494,18048.36920016494
2023-12-18,0.0,0.0,31648.36920016494,18048.36920016494
2023-12-19,0.0,0.0,31648.36920016494,18048.36920016494
2023-12-20,0.0,0.0,31648.36920016494,18048.36920016494
2023-12-21,0.0,0.0,31648.36920016494,18048.36920016494
2023-12-22,0.0,0.0,31648.36920016494,18048.36920016494
2023-12-23,0.0,0.0,31648.36920016494,18048.36920016494
2023-12-24,0.0,0.0,31648.36920016494,18048.36920016494
2023-12-25,0.0,0.0,31648.36920016494,18048.36920016494
2023-12-26,0.0,0.0,31648.36920016494,18048.36920016494
2023-12-27,0.0,0.0,31648.36920016494,18048.36920016494
2023-12-28,0.0,0.0,31648.36920016494,18048.36920016494
2023-12-29,0.0,0.0,31648.36920016494,18048.36920016494
2023-12-30,0.0,0.0,31648.36920016494,18048.36920016494
2023-12-31,0.0,0.0,31648.36920016494,18048.36920016494
2024-01-01,300.0,0.0,31948.36920016494,18048.36920016494
2024-01-02,0.0,0.0,31948.36920016494,18048.36920016494
2024-01-03,0.0,0.0,31948.36920016494,18048.36920016494
2024-01-04,0.0,0.0,31948.36920016494,18048.36920016494
2024-01-05,0.0,0.0,31948.36920016494,18048.36920016494
2024-01-06,0.0,0.0,31948.36920016494,18048.36920016494
2024-01-07,0.0,0.0,31948.36920016494,18048.36920016494
2024-01-08,0.0,0.0,31948.36920016494,18048.36920016494
2024-01-09,0.0,0.0,31948.36920016494,18048.36920016494
2024-01-10,0.0,0.0,31948.36920016494,18048.36920016494
2024-01-11,0.0,0.0,31948.36920016494,18048.36920016494
2024-01-12,0.0,0.0,31948.36920016494,18048.36920016494
2024-01-13,0.0,0.0,31948.36920016494,18048.36920016494
2024-01-14,0.0,0.0,31948.36920016494,18048.36920016494
2024-01-15,0.0,0.0,31948.36920016494,18048.36920016494
2024-01-16,0.0,0.0,31948.36920016494,18048.36920016494
2024-01-17,0.0,0.0,31948.36920016494,18048.36920016494
2024-01-18,0.0,0.0,31948.36920016494,18048.36920016494
2024-01-19,0.0,0.0,31948.36920016494,18048.36920016494
2024-01-20,0.0,0.0,31948.36920016494,18048.36920016494
2024-01-21,0.0,0.0,31948.36920016494,18048.36920016494
2024-01-22,0.0,0.0,31948.36920016494,18048.36920016494
2024-01-23,0.0,0.0,31948.36920016494,18048.36920016494
2024-01-24,0.0,0.0,31948.36920016494,18048.36920016494
2024-01-25,0.0,0.0,31948.36920016494,18048.36920016494
2024-01-26,0.0,0.0,31948.36920016494,18048.36920016494
2024-01-27,0.0,0.0,31948.36920016494,18048.36920016494
2024-01-28,0.0,0.0,31948.36920016494,18048.36920016494
2024-01-29,0.0,0.0,31948.36920016494,18048.36920016494
2024-01-30,0.0,0.0,31948.36920016494,18048.36920016494
2024-01-31,0.0,0.0,31948.36920016494,18048.36920016494
2024-02-01,300.0,0.0,32248.36920016494,18048.36920016494
2024-02-02,0.0,0.0,32248.36920016494,18048.36920016494
2024-02-03,0.0,0.0,32248.36920016494,18048.36920016494
2024-02-04,0.0,0.0,32248.36920016494,18048.36920016494
2024-02-05,0.0,0.0,32248.36920016494,18048.36920016494
2024-02-06,0.0,0.0,32248.36920016494,18048.36920016494
2024-02-07,0.0,0.0,32248.36920016494,18048.36920016494
2024-02-08,0.0,0.0,32248.36920016494,18048.36920016494
2024-02-09,0.0,0.0,32248.36920016494,18048.36920016494
2024-02-10,0.0,0.0,32248.36920016494,18048.36920016494
2024-02-11,0.0,0.0,32248.36920016494,18048.36920016494
2024-02-12,0.0,0.0,32248.36920016494,18048.36920016494
2024-02-13,0.0,0.0,32248.36920016494,18048.36920016494
2024-02-14,0.0,0.0,32248.36920016494,18048.36920016494
2024-02-15,0.0,0.0,32248.36920016494,18048.36920016494
2024-02-16,0.0,0.0,32248.36920016494,18048.36920016494
2024-02-17,0.0,0.0,32248.36920016494,18048.36920016494
2024-02-18,0.0,0.0,32248.36920016494,18048.36920016494
2024-02-19,0.0,0.0,32248.36920016494,18048.36920016494
2024-02-20,0.0,0.0,32248.36920016494,18048.36920016494
2024-02-21,0.0,0.0,32248.36920016494,18048.36920016494
2024-02-22,0.0,0.0,32248.36920016494,18048.36920016494
2024-02-23,0.0,0.0,32248.36920016494,18048.36920016494
2024-02-24,0.0,0.0,32248.36920016494,18048.36920016494
2024-02-25,0.0,0.0,32248.36920016494,18048.36920016494
2024-02-26,0.0,0.0,32248.36920016494,18048.36920016494
2024-02-27,0.0,0.0,32248.36920016494,18048.36920016494
2024-02-28,0.0,0.0,32248.36920016494,18048.36920016494
2024-02-29,0.0,0.0,32248.36920016494,18048.36920016494
2024-03-01,300.0,0.0,32548.36920016494,18048.36920016494
2024-03-02,0.0,0.0,32548.36920016494,18048.36920016494
2024-03-03,0.0,0.0,32548.36920016494,18048.36920016494
2024-03-04,0.0,0.0,32548.36920016494,18048.36920016494
2024-03-05,0.0,0.0,32548.36920016494,18048.36920016494
2024-03-06,0.0,0.0,32548.36920016494,18048.36920016494
2024-03-07,0.0,0.0,32548.36920016494,18048.36920016494
2024-03-08,0.0,0.0,32548.36920016494,18048.36920016494
2024-03-09,0.0,0.0,32548.36920016494,18048.36920016494
2024-03-10,0.0,0.0,32548.36920016494,18048.36920016494
2024-03-11,0.0,0.0,32548.36920016494,18048.36920016494
2024-03-12,0.0,0.0,32548.36920016494,18048.36920016494
2024-03-13,0.0,0.0,32548.36920016494,18048.36920016494
2024-03-14,0.0,0.0,32548.36920016494,18048.36920016494
2024-03-15,0.0,0.0,32548.36920016494,18048.36920016494
2024-03-16,0.0,0.0,32548.36920016494,18048.36920016494
2024-03-17,0.0,0.0,32548.36920016494,18048.36920016494
2024-03-18,0.0,0.0,32548.36920016494,18048.36920016494
2024-03-19,0.0,0.0,32548.36920016494,18048.36920016494
2024-03-20,0.0,0.0,32548.36920016494,18048.36920016494
2024-03-21,0.0,0.0,32548.36920016494,18048.36920016494
2024-03-22,0.0,0.0,32548.36920016494,18048.36920016494
2024-03-23,0.0,0.0,32548.36920016494,18048.36920016494
2024-03-24,0.0,0.0,32548.36920016494,18048.36920016494
2024-03-25,0.0,0.0,32548.36920016494,18048.36920016494
2024-03-26,0.0,0.0,32548.36920016494,18048.36920016494
2024-03-27,0.0,0.0,32548.36920016494,18048.36920016494
2024-03-28,0.0,0.0,32548.36920016494,18048.36920016494
2024-03-29,0.0,0.0,32548.36920016494,18048.36920016494
2024-03-30,0.0,0.0,32548.36920016494,18048.36920016494
2024-03-31,0.0,0.0,32548.36920016494,18048.36920016494
2024-04-01,300.0,0.0,32848.36920016494,18048.36920016494
2024-04-02,0.0,0.0,32848.36920016494,18048.36920016494
2024-04-03,0.0,0.0,32848.36920016494,18048.36920016494
2024-04-04,0.0,0.0,32848.36920016494,18048.36920016494
2024-04-05,0.0,0.0,32848.36920016494,18048.36920016494
2024-04-06,0.0,0.0,32848.36920016494,18048.36920016494
2024-04-07,0.0,0.0,32848.36920016494,18048.36920016494
2024-04-08,0.0,0.0,32848.36920016494,18048.36920016494
2024-04-09,0.0,0.0,32848.36920016494,18048.36920016494
2024-04-10,0.0,0.0,32848.36920016494,18048.36920016494
2024-04-11,0.0,0.0,32848.36920016494,18048.36920016494
2024-04-12,0.0,0.0,32848.36920016494,18048.36920016494
2024-04-13,0.0,0.0,32848.36920016494,18048.36920016494
2024-04-14,0.0,0.0,32848.36920016494,18048.36920016494
2024-04-15,0.0,0.0,32848.36920016494,18048.36920016494
2024-04-16,0.0,0.0,32848.36920016494,18048.36920016494
2024-04-17,0.0,0.0,32848.36920016494,18048.36920016494
2024-04-18,0.0,0.0,32848.36920016494,18048.36920016494
2024-04-19,0.0,0.0,32848.36920016494,18048.36920016494
2024-04-20,0.0,0.0,32848.36920016494,18048.36920016494
2024-04-21,0.0,0.0,32848.36920016494,18048.36920016494
2024-04-22,0.0,0.0,32848.36920016494,18048.36920016494
2024-04-23,0.0,0.0,32848.36920016494,18048.36920016494
2024-04-24,0.0,0.0,32848.36920016494,18048.36920016494
2024-04-25,0.0,0.0,32848.36920016494,18048.36920016494
2024-04-26,0.0,0.0,32848.36920016494,18048.36920016494
2024-04-27,0.0,0.0,32848.36920016494,18048.36920016494
2024-04-28,0.0,0.0,32848.36920016494,18048.36920016494
2024-04-29,0.0,100.61105839341326,32948.98025855835,18148.980258558353
2024-04-30,0.0,6060.924932551439,39009.90519110979,24209.905191109792
2024-05-01,300.0,1255.5294505862112,40565.434641696,25465.434641696003
2024-05-02,0.0,-398.91974617089,40166.51489552511,25066.514895525113
2024-05-03,0.0,-3473.2714575512364,36693.24343797388,21593.243437973877
2024-05-04,0.0,-401.8705770851884,36291.37286088869,21191.37286088869
2024-05-05,0.0,-563.3142511034748,35728.058609785214,20628.058609785214
2024-05-06,0.0,2733.8814995365537,38461.94010932177,23361.940109321768
2024-05-07,0.0,1901.362918822786,40363.30302814455,25263.303028144554
2024-05-08,0.0,1074.958267411057,41438.26129555561,26338.26129555561
2024-05-09,0.0,-2014.2702816415404,39423.99101391407,24323.99101391407
2024-05-10,0.0,4217.800067339551,43641.79108125362,28541.79108125362
2024-05-11,0.0,-67.92307246637938,43573.86800878724,28473.86800878724
2024-05-12,0.0,-517.5356298504194,43056.33237893682,27956.332378936822
2024-05-13,0.0,-1197.567456356599,41858.76492258022,26758.764922580223
2024-05-14,0.0,0.0,41858.76492258022,26758.764922580223
2024-05-15,0.0,0.0,41858.76492258022,26758.764922580223
2024-05-16,0.0,0.0,41858.76492258022,26758.764922580223
2024-05-17,0.0,-1471.01786104872,40387.7470615315,25287.747061531503
2024-05-18,0.0,0.0,40387.7470615315,25287.747061531503
2024-05-19,0.0,-731.2719208564304,39656.47514067507,24556.475140675073
2024-05-20,0.0,-502.93505524696957,39153.5400854281,24053.540085428103
2024-05-21,0.0,0.0,39153.5400854281,24053.540085428103
2024-05-22,0.0,0.0,39153.5400854281,24053.540085428103
2024-05-23,0.0,0.0,39153.5400854281,24053.540085428103
2024-05-24,0.0,0.0,39153.5400854281,24053.540085428103
2024-05-25,0.0,0.0,39153.5400854281,24053.540085428103
2024-05-26,0.0,0.0,39153.5400854281,24053.540085428103
2024-05-27,0.0,0.0,39153.5400854281,24053.540085428103
2024-05-28,0.0,0.0,39153.5400854281,24053.540085428103
2024-05-29,0.0,0.0,39153.5400854281,24053.540085428103
2024-05-30,0.0,0.0,39153.5400854281,24053.540085428103
2024-05-31,0.0,0.0,39153.5400854281,24053.540085428103
2024-06-01,300.0,0.0,39453.5400854281,24053.540085428103
2024-06-02,0.0,0.0,39453.5400854281,24053.540085428103
2024-06-03,0.0,0.0,39453.5400854281,24053.540085428103
2024-06-04,0.0,0.0,39453.5400854281,24053.540085428103
2024-06-05,0.0,0.0,39453.5400854281,24053.540085428103
2024-06-06,0.0,0.0,39453.5400854281,24053.540085428103
2024-06-07,0.0,0.0,39453.5400854281,24053.540085428103
2024-06-08,0.0,0.0,39453.5400854281,24053.540085428103
2024-06-09,0.0,0.0,39453.5400854281,24053.540085428103
2024-06-10,0.0,0.0,39453.5400854281,24053.540085428103
2024-06-11,0.0,0.0,39453.5400854281,24053.540085428103
2024-06-12,0.0,0.0,39453.5400854281,24053.540085428103
2024-06-13,0.0,0.0,39453.5400854281,24053.540085428103
2024-06-14,0.0,0.0,39453.5400854281,24053.540085428103
2024-06-15,0.0,0.0,39453.5400854281,24053.540085428103
2024-06-16,0.0,0.0,39453.5400854281,24053.540085428103
2024-06-17,0.0,0.0,39453.5400854281,24053.540085428103
2024-06-18,0.0,0.0,39453.5400854281,24053.540085428103
2024-06-19,0.0,0.0,39453.5400854281,24053.540085428103
2024-06-20,0.0,0.0,39453.5400854281,24053.540085428103
2024-06-21,0.0,0.0,39453.5400854281,24053.540085428103
2024-06-22,0.0,0.0,39453.5400854281,24053.540085428103
2024-06-23,0.0,0.0,39453.5400854281,24053.540085428103
2024-06-24,0.0,0.0,39453.5400854281,24053.540085428103
2024-06-25,0.0,0.0,39453.5400854281,24053.540085428103
2024-06-26,0.0,0.0,39453.5400854281,24053.540085428103
2024-06-27,0.0,0.0,39453.5400854281,24053.540085428103
2024-06-28,0.0,0.0,39453.5400854281,24053.540085428103
2024-06-29,0.0,0.0,39453.5400854281,24053.540085428103
2024-06-30,0.0,0.0,39453.5400854281,24053.540085428103
2024-07-01,300.0,0.0,39753.5400854281,24053.540085428103
2024-07-02,0.0,0.0,39753.5400854281,24053.540085428103
2024-07-03,0.0,0.0,39753.5400854281,24053.540085428103
2024-07-04,0.0,0.0,39753.5400854281,24053.540085428103
2024-07-05,0.0,-2222.4408899968475,37531.099195431256,21831.099195431256
2024-07-06,0.0,-2962.66792598366,34568.431269447596,18868.431269447596
2024-07-07,0.0,0.0,34568.431269447596,18868.431269447596
2024-07-08,0.0,0.0,34568.431269447596,18868.431269447596
2024-07-09,0.0,0.0,34568.431269447596,18868.431269447596
2024-07-10,0.0,0.0,34568.431269447596,18868.431269447596
2024-07-11,0.0,0.0,34568.431269447596,18868.431269447596
2024-07-12,0.0,0.0,34568.431269447596,18868.431269447596
2024-07-13,0.0,0.0,34568.431269447596,18868.431269447596
2024-07-14,0.0,0.0,34568.431269447596,18868.431269447596
2024-07-15,0.0,0.0,34568.431269447596,18868.431269447596
2024-07-16,0.0,0.0,34568.431269447596,18868.431269447596
2024-07-17,0.0,0.0,34568.431269447596,18868.431269447596
2024-07-18,0.0,0.0,34568.431269447596,18868.431269447596
2024-07-19,0.0,0.0,34568.431269447596,18868.431269447596
2024-07-20,0.0,0.0,34568.431269447596,18868.431269447596
2024-07-21,0.0,0.0,34568.431269447596,18868.431269447596
2024-07-22,0.0,0.0,34568.431269447596,18868.431269447596
2024-07-23,0.0,0.0,34568.431269447596,18868.431269447596
2024-07-24,0.0,-62.38642593599798,34506.0448435116,18806.044843511598
2024-07-25,0.0,4886.029367029434,39392.07421054103,23692.07421054103
2024-07-26,0.0,-3000.1063630838107,36391.96784745722,20691.96784745722
2024-07-27,0.0,769.1985150979308,37161.16636255515,21461.166362555152
2024-07-28,0.0,-583.66158482639,36577.50477772876,20877.504777728762
2024-07-29,0.0,-2983.998010037969,33593.50676769079,17893.506767690793
2024-07-30,0.0,-161.38166822545463,33432.12509946534,17732.12509946534
2024-07-31,0.0,818.8093533946667,34250.934452860005,18550.934452860005
2024-08-01,300.0,850.020764973553,35400.95521783356,19400.955217833558
2024-08-02,0.0,6005.309847331329,41406.26506516489,25406.265065164887
2024-08-03,0.0,2438.1818810203913,43844.44694618528,27844.44694618528
2024-08-04,0.0,6026.326945882436,49870.773892067715,33870.773892067715
2024-08-05,0.0,7557.015222647409,57427.789114715124,41427.789114715124
2024-08-06,0.0,-1197.5978551304797,56230.191259584644,40230.191259584644
2024-08-07,0.0,1950.082235607595,58180.27349519224,42180.27349519224
2024-08-08,0.0,0.0,58180.27349519224,42180.27349519224
2024-08-09,0.0,0.0,58180.27349519224,42180.27349519224
2024-08-10,0.0,0.0,58180.27349519224,42180.27349519224
2024-08-11,0.0,0.0,58180.27349519224,42180.27349519224
2024-08-12,0.0,0.0,58180.27349519224,42180.27349519224
2024-08-13,0.0,0.0,58180.27349519224,42180.27349519224
2024-08-14,0.0,0.0,58180.27349519224,42180.27349519224
2024-08-15,0.0,0.0,58180.27349519224,42180.27349519224
2024-08-16,0.0,0.0,58180.27349519224,42180.27349519224
2024-08-17,0.0,0.0,58180.27349519224,42180.27349519224
2024-08-18,0.0,0.0,58180.27349519224,42180.27349519224
2024-08-19,0.0,0.0,58180.27349519224,42180.27349519224
2024-08-20,0.0,0.0,58180.27349519224,42180.27349519224
2024-08-21,0.0,0.0,58180.27349519224,42180.27349519224
2024-08-22,0.0,0.0,58180.27349519224,42180.27349519224
2024-08-23,0.0,0.0,58180.27349519224,42180.27349519224
2024-08-24,0.0,-2801.050512417256,55379.22298277498,39379.22298277498
2024-08-25,0.0,1374.3537265320192,56753.576709307,40753.576709307
2024-08-26,0.0,4024.1202073821696,60777.69691668917,44777.69691668917
2024-08-27,0.0,13752.556082850184,74530.25299953936,58530.252999539356
2024-08-28,0.0,-4364.159254593178,70166.09374494618,54166.09374494618
2024-08-29,0.0,10.733659145756974,70176.82740409194,54176.827404091935
2024-08-30,0.0,128.53868708771188,70305.36609117965,54305.36609117965
2024-08-31,0.0,421.98495211942645,70727.35104329907,54727.35104329907
2024-09-01,300.0,0.0,71027.35104329907,54727.35104329907
2024-09-02,0.0,0.0,71027.35104329907,54727.35104329907
2024-09-03,0.0,0.0,71027.35104329907,54727.35104329907
2024-09-04,0.0,0.0,71027.35104329907,54727.35104329907
2024-09-05,0.0,0.0,71027.35104329907,54727.35104329907
2024-09-06,0.0,0.0,71027.35104329907,54727.35104329907
2024-09-07,0.0,0.0,71027.35104329907,54727.35104329907
2024-09-08,0.0,0.0,71027.35104329907,54727.35104329907
2024-09-09,0.0,0.0,71027.35104329907,54727.35104329907
2024-09-10,0.0,0.0,71027.35104329907,54727.35104329907
2024-09-11,0.0,0.0,71027.35104329907,54727.35104329907
2024-09-12,0.0,0.0,71027.35104329907,54727.35104329907
2024-09-13,0.0,0.0,71027.35104329907,54727.35104329907
2024-09-14,0.0,0.0,71027.35104329907,54727.35104329907
2024-09-15,0.0,0.0,71027.35104329907,54727.35104329907
2024-09-16,0.0,0.0,71027.35104329907,54727.35104329907
2024-09-17,0.0,0.0,71027.35104329907,54727.35104329907
2024-09-18,0.0,0.0,71027.35104329907,54727.35104329907
2024-09-19,0.0,0.0,71027.35104329907,54727.35104329907
2024-09-20,0.0,-6308.9163580920285,64718.434685207045,48418.434685207045
2024-09-21,0.0,0.0,64718.434685207045,48418.434685207045
2024-09-22,0.0,0.0,64718.434685207045,48418.434685207045
2024-09-23,0.0,0.0,64718.434685207045,48418.434685207045
2024-09-24,0.0,0.0,64718.434685207045,48418.434685207045
2024-09-25,0.0,0.0,64718.434685207045,48418.434685207045
2024-09-26,0.0,0.0,64718.434685207045,48418.434685207045
2024-09-27,0.0,0.0,64718.434685207045,48418.434685207045
2024-09-28,0.0,0.0,64718.434685207045,48418.434685207045
2024-09-29,0.0,0.0,64718.434685207045,48418.434685207045
2024-09-30,0.0,0.0,64718.434685207045,48418.434685207045
2024-10-01,300.0,5582.408177260571,70600.84286246762,54000.842862467616
2024-10-02,0.0,6410.82158146915,77011.66444393677,60411.66444393677
2024-10-03,0.0,1092.1366115015553,78103.80105543832,61503.80105543832
2024-10-04,0.0,-2240.827841607519,75862.9732138308,59262.9732138308
2024-10-05,0.0,0.0,75862.9732138308,59262.9732138308
2024-10-06,0.0,0.0,75862.9732138308,59262.9732138308
2024-10-07,0.0,21.54785966151394,75884.52107349232,59284.52107349232
2024-10-08,0.0,-1450.746193150524,74433.77488034179,57833.77488034179
2024-10-09,0.0,5833.684537891153,80267.45941823295,63667.459418232946
2024-10-10,0.0,-1219.0058155085571,79048.45360272439,62448.45360272439
2024-10-11,0.0,-4341.166070925421,74707.28753179897,58107.28753179897
2024-10-12,0.0,-4047.9796400589403,70659.30789174003,54059.30789174003
2024-10-13,0.0,433.250691061432,71092.55858280146,54492.55858280146
2024-10-14,0.0,-4365.443031370771,66727.11555143069,50127.11555143069
2024-10-15,0.0,0.0,66727.11555143069,50127.11555143069
2024-10-16,0.0,0.0,66727.11555143069,50127.11555143069
2024-10-17,0.0,0.0,66727.11555143069,50127.11555143069
2024-10-18,0.0,0.0,66727.11555143069,50127.11555143069
2024-10-19,0.0,0.0,66727.11555143069,50127.11555143069
2024-10-20,0.0,0.0,66727.11555143069,50127.11555143069
2024-10-21,0.0,0.0,66727.11555143069,50127.11555143069
2024-10-22,0.0,0.0,66727.11555143069,50127.11555143069
2024-10-23,0.0,1049.9427887605416,67777.05834019123,51177.05834019123
2024-10-24,0.0,-2743.712901179533,65033.3454390117,48433.3454390117
2024-10-25,0.0,6193.342149133168,71226.68758814487,54626.687588144865
2024-10-26,0.0,-3457.6095819774055,67769.07800616746,51169.07800616746
2024-10-27,0.0,0.0,67769.07800616746,51169.07800616746
2024-10-28,0.0,0.0,67769.07800616746,51169.07800616746
2024-10-29,0.0,0.0,67769.07800616746,51169.07800616746
2024-10-30,0.0,0.0,67769.07800616746,51169.07800616746
2024-10-31,0.0,0.0,67769.07800616746,51169.07800616746
2024-11-01,300.0,0.0,68069.07800616746,51169.07800616746
2024-11-02,0.0,0.0,68069.07800616746,51169.07800616746
2024-11-03,0.0,0.0,68069.07800616746,51169.07800616746
2024-11-04,0.0,0.0,68069.07800616746,51169.07800616746
2024-11-05,0.0,0.0,68069.07800616746,51169.07800616746
2024-11-06,0.0,0.0,68069.07800616746,51169.07800616746
2024-11-07,0.0,0.0,68069.07800616746,51169.07800616746
2024-11-08,0.0,0.0,68069.07800616746,51169.07800616746
2024-11-09,0.0,0.0,68069.07800616746,51169.07800616746
2024-11-10,0.0,0.0,68069.07800616746,51169.07800616746
2024-11-11,0.0,0.0,68069.07800616746,51169.07800616746
2024-11-12,0.0,0.0,68069.07800616746,51169.07800616746
2024-11-13,0.0,0.0,68069.07800616746,51169.07800616746
2024-11-14,0.0,0.0,68069.07800616746,51169.07800616746
2024-11-15,0.0,0.0,68069.07800616746,51169.07800616746
2024-11-16,0.0,0.0,68069.07800616746,51169.07800616746
2024-11-17,0.0,0.0,68069.07800616746,51169.07800616746
2024-11-18,0.0,0.0,68069.07800616746,51169.07800616746
2024-11-19,0.0,0.0,68069.07800616746,51169.07800616746
2024-11-20,0.0,0.0,68069.07800616746,51169.07800616746
2024-11-21,0.0,0.0,68069.07800616746,51169.07800616746
2024-11-22,0.0,0.0,68069.07800616746,51169.07800616746
2024-11-23,0.0,0.0,68069.07800616746,51169.07800616746
2024-11-24,0.0,0.0,68069.07800616746,51169.07800616746
2024-11-25,0.0,0.0,68069.07800616746,51169.07800616746
2024-11-26,0.0,0.0,68069.07800616746,51169.07800616746
2024-11-27,0.0,0.0,68069.07800616746,51169.07800616746
2024-11-28,0.0,0.0,68069.07800616746,51169.07800616746
2024-11-29,0.0,0.0,68069.07800616746,51169.07800616746
2024-11-30,0.0,0.0,68069.07800616746,51169.07800616746
2024-12-01,300.0,0.0,68369.07800616746,51169.07800616746
2024-12-02,0.0,0.0,68369.07800616746,51169.07800616746
2024-12-03,0.0,0.0,68369.07800616746,51169.07800616746
2024-12-04,0.0,0.0,68369.07800616746,51169.07800616746
2024-12-05,0.0,0.0,68369.07800616746,51169.07800616746
2024-12-06,0.0,0.0,68369.07800616746,51169.07800616746
2024-12-07,0.0,0.0,68369.07800616746,51169.07800616746
2024-12-08,0.0,0.0,68369.07800616746,51169.07800616746
2024-12-09,0.0,0.0,68369.07800616746,51169.07800616746
2024-12-10,0.0,0.0,68369.07800616746,51169.07800616746
2024-12-11,0.0,0.0,68369.07800616746,51169.07800616746
2024-12-12,0.0,0.0,68369.07800616746,51169.07800616746
2024-12-13,0.0,0.0,68369.07800616746,51169.07800616746
2024-12-14,0.0,0.0,68369.07800616746,51169.07800616746
2024-12-15,0.0,0.0,68369.07800616746,51169.07800616746
2024-12-16,0.0,0.0,68369.07800616746,51169.07800616746
2024-12-17,0.0,0.0,68369.07800616746,51169.07800616746
2024-12-18,0.0,0.0,68369.07800616746,51169.07800616746
2024-12-19,0.0,0.0,68369.07800616746,51169.07800616746
2024-12-20,0.0,0.0,68369.07800616746,51169.07800616746
2024-12-21,0.0,0.0,68369.07800616746,51169.07800616746
2024-12-22,0.0,0.0,68369.07800616746,51169.07800616746
2024-12-23,0.0,0.0,68369.07800616746,51169.07800616746
2024-12-24,0.0,0.0,68369.07800616746,51169.07800616746
2024-12-25,0.0,0.0,68369.07800616746,51169.07800616746
2024-12-26,0.0,0.0,68369.07800616746,51169.07800616746
2024-12-27,0.0,0.0,68369.07800616746,51169.07800616746
2024-12-28,0.0,0.0,68369.07800616746,51169.07800616746
2024-12-29,0.0,0.0,68369.07800616746,51169.07800616746
2024-12-30,0.0,0.0,68369.07800616746,51169.07800616746
2024-12-31,0.0,0.0,68369.07800616746,51169.07800616746
2025-01-01,300.0,0.0,68669.07800616746,51169.07800616746
2025-01-02,0.0,0.0,68669.07800616746,51169.07800616746
2025-01-03,0.0,0.0,68669.07800616746,51169.07800616746
2025-01-04,0.0,0.0,68669.07800616746,51169.07800616746
2025-01-05,0.0,0.0,68669.07800616746,51169.07800616746
2025-01-06,0.0,0.0,68669.07800616746,51169.07800616746
2025-01-07,0.0,0.0,68669.07800616746,51169.07800616746
2025-01-08,0.0,0.0,68669.07800616746,51169.07800616746
2025-01-09,0.0,0.0,68669.07800616746,51169.07800616746
2025-01-10,0.0,0.0,68669.07800616746,51169.07800616746
2025-01-11,0.0,-3332.4690784054183,65336.60892776204,47836.60892776204
2025-01-12,0.0,0.0,65336.60892776204,47836.60892776204
2025-01-13,0.0,-8038.565673428711,57298.04325433333,39798.04325433333
2025-01-14,0.0,0.0,57298.04325433333,39798.04325433333
2025-01-15,0.0,0.0,57298.04325433333,39798.04325433333
2025-01-16,0.0,0.0,57298.04325433333,39798.04325433333
2025-01-17,0.0,0.0,57298.04325433333,39798.04325433333
2025-01-18,0.0,0.0,57298.04325433333,39798.04325433333
2025-01-19,0.0,0.0,57298.04325433333,39798.04325433333
2025-01-20,0.0,0.0,57298.04325433333,39798.04325433333
2025-01-21,0.0,0.0,57298.04325433333,39798.04325433333
2025-01-22,0.0,2462.2119588084824,59760.25521314181,42260.25521314181
2025-01-23,0.0,-4801.7300336844055,54958.52517945741,37458.52517945741
2025-01-24,0.0,-3045.402044470371,51913.123134987036,34413.123134987036
2025-01-25,0.0,-1171.9767548562595,50741.14638013078,33241.14638013078
2025-01-26,0.0,3243.1946881559707,53984.34106828675,36484.34106828675
2025-01-27,0.0,2302.321506170316,56286.66257445706,38786.66257445706
2025-01-28,0.0,4734.53198524873,61021.19455970579,43521.19455970579
2025-01-29,0.0,-1607.7767927741588,59413.417766931634,41913.417766931634
2025-01-30,0.0,-5956.915369647948,53456.502397283686,35956.502397283686
2025-01-31,0.0,-4372.497175323428,49084.00522196026,31584.00522196026
2025-02-01,300.0,7197.136821114473,56581.14204307473,38781.14204307473
2025-02-02,0.0,10689.870054899373,67271.0120979741,49471.012097974104
2025-02-03,0.0,-492.32157742985873,66778.69052054425,48978.690520544245
2025-02-04,0.0,6387.91743676769,73166.60795731194,55366.607957311935
2025-02-05,0.0,-2473.5881228431826,70693.01983446875,52893.01983446875
2025-02-06,0.0,4356.754160446668,75049.77399491542,57249.77399491542
2025-02-07,0.0,2804.238463311791,77854.01245822721,60054.01245822721
2025-02-08,0.0,-914.6863711820042,76939.3260870452,59139.32608704521
2025-02-09,0.0,0.0,76939.3260870452,59139.32608704521
2025-02-10,0.0,0.0,76939.3260870452,59139.32608704521
2025-02-11,0.0,0.0,76939.3260870452,59139.32608704521
2025-02-12,0.0,0.0,76939.3260870452,59139.32608704521
2025-02-13,0.0,0.0,76939.3260870452,59139.32608704521
2025-02-14,0.0,0.0,76939.3260870452,59139.32608704521
2025-02-15,0.0,0.0,76939.3260870452,59139.32608704521
2025-02-16,0.0,0.0,76939.3260870452,59139.32608704521
2025-02-17,0.0,0.0,76939.3260870452,59139.32608704521
2025-02-18,0.0,0.0,76939.3260870452,59139.32608704521
2025-02-19,0.0,0.0,76939.3260870452,59139.32608704521
2025-02-20,0.0,0.0,76939.3260870452,59139.32608704521
2025-02-21,0.0,0.0,76939.3260870452,59139.32608704521
2025-02-22,0.0,0.0,76939.3260870452,59139.32608704521
2025-02-23,0.0,0.0,76939.3260870452,59139.32608704521
2025-02-24,0.0,0.0,76939.3260870452,59139.32608704521
2025-02-25,0.0,0.0,76939.3260870452,59139.32608704521
2025-02-26,0.0,0.0,76939.3260870452,59139.32608704521
2025-02-27,0.0,0.0,76939.3260870452,59139.32608704521
2025-02-28,0.0,0.0,76939.3260870452,59139.32608704521
2025-03-01,300.0,0.0,77239.3260870452,59139.32608704521
2025-03-02,0.0,0.0,77239.3260870452,59139.32608704521
2025-03-03,0.0,0.0,77239.3260870452,59139.32608704521
2025-03-04,0.0,0.0,77239.3260870452,59139.32608704521
2025-03-05,0.0,0.0,77239.3260870452,59139.32608704521
2025-03-06,0.0,0.0,77239.3260870452,59139.32608704521
2025-03-07,0.0,0.0,77239.3260870452,59139.32608704521
2025-03-08,0.0,0.0,77239.3260870452,59139.32608704521
2025-03-09,0.0,0.0,77239.3260870452,59139.32608704521
2025-03-10,0.0,0.0,77239.3260870452,59139.32608704521
2025-03-11,0.0,0.0,77239.3260870452,59139.32608704521
2025-03-12,0.0,0.0,77239.3260870452,59139.32608704521
2025-03-13,0.0,0.0,77239.3260870452,59139.32608704521
2025-03-14,0.0,0.0,77239.3260870452,59139.32608704521
2025-03-15,0.0,0.0,77239.3260870452,59139.32608704521
2025-03-16,0.0,0.0,77239.3260870452,59139.32608704521
2025-03-17,0.0,0.0,77239.3260870452,59139.32608704521
2025-03-18,0.0,0.0,77239.3260870452,59139.32608704521
2025-03-19,0.0,0.0,77239.3260870452,59139.32608704521
2025-03-20,0.0,0.0,77239.3260870452,59139.32608704521
2025-03-21,0.0,0.0,77239.3260870452,59139.32608704521
2025-03-22,0.0,0.0,77239.3260870452,59139.32608704521
2025-03-23,0.0,0.0,77239.3260870452,59139.32608704521
2025-03-24,0.0,0.0,77239.3260870452,59139.32608704521
2025-03-25,0.0,0.0,77239.3260870452,59139.32608704521
2025-03-26,0.0,0.0,77239.3260870452,59139.32608704521
2025-03-27,0.0,0.0,77239.3260870452,59139.32608704521
2025-03-28,0.0,0.0,77239.3260870452,59139.32608704521
2025-03-29,0.0,0.0,77239.3260870452,59139.32608704521
2025-03-30,0.0,0.0,77239.3260870452,59139.32608704521
2025-03-31,0.0,0.0,77239.3260870452,59139.32608704521
2025-04-01,300.0,0.0,77539.3260870452,59139.32608704521
2025-04-02,0.0,0.0,77539.3260870452,59139.32608704521
2025-04-03,0.0,0.0,77539.3260870452,59139.32608704521
2025-04-04,0.0,0.0,77539.3260870452,59139.32608704521
2025-04-05,0.0,0.0,77539.3260870452,59139.32608704521
2025-04-06,0.0,0.0,77539.3260870452,59139.32608704521
2025-04-07,0.0,0.0,77539.3260870452,59139.32608704521
2025-04-08,0.0,0.0,77539.3260870452,59139.32608704521
2025-04-09,0.0,0.0,77539.3260870452,59139.32608704521
2025-04-10,0.0,0.0,77539.3260870452,59139.32608704521
2025-04-11,0.0,0.0,77539.3260870452,59139.32608704521
2025-04-12,0.0,0.0,77539.3260870452,59139.32608704521
2025-04-13,0.0,0.0,77539.3260870452,59139.32608704521
2025-04-14,0.0,0.0,77539.3260870452,59139.32608704521
2025-04-15,0.0,0.0,77539.3260870452,59139.32608704521
2025-04-16,0.0,0.0,77539.3260870452,59139.32608704521
2025-04-17,0.0,0.0,77539.3260870452,59139.32608704521
2025-04-18,0.0,0.0,77539.3260870452,59139.32608704521
2025-04-19,0.0,0.0,77539.3260870452,59139.32608704521
2025-04-20,0.0,0.0,77539.3260870452,59139.32608704521
2025-04-21,0.0,0.0,77539.3260870452,59139.32608704521
2025-04-22,0.0,0.0,77539.3260870452,59139.32608704521
2025-04-23,0.0,0.0,77539.3260870452,59139.32608704521
2025-04-24,0.0,0.0,77539.3260870452,59139.32608704521
2025-04-25,0.0,0.0,77539.3260870452,59139.32608704521
2025-04-26,0.0,0.0,77539.3260870452,59139.32608704521
2025-04-27,0.0,0.0,77539.3260870452,59139.32608704521
2025-04-28,0.0,0.0,77539.3260870452,59139.32608704521
2025-04-29,0.0,0.0,77539.3260870452,59139.32608704521
2025-04-30,0.0,-2389.651657354043,75149.67442969116,56749.674429691164
2025-05-01,300.0,0.0,75449.67442969116,56749.674429691164
2025-05-02,0.0,0.0,75449.67442969116,56749.674429691164
2025-05-03,0.0,0.0,75449.67442969116,56749.674429691164
2025-05-04,0.0,0.0,75449.67442969116,56749.674429691164
2025-05-05,0.0,0.0,75449.67442969116,56749.674429691164
2025-05-06,0.0,-2584.780740078859,72864.8936896123,54164.893689612305
2025-05-07,0.0,0.0,72864.8936896123,54164.893689612305
2025-05-08,0.0,0.0,72864.8936896123,54164.893689612305
2025-05-09,0.0,0.0,72864.8936896123,54164.893689612305
2025-05-10,0.0,0.0,72864.8936896123,54164.893689612305
2025-05-11,0.0,0.0,72864.8936896123,54164.893689612305
2025-05-12,0.0,0.0,72864.8936896123,54164.893689612305
2025-05-13,0.0,0.0,72864.8936896123,54164.893689612305
2025-05-14,0.0,0.0,72864.8936896123,54164.893689612305
2025-05-15,0.0,0.0,72864.8936896123,54164.893689612305
2025-05-16,0.0,0.0,72864.8936896123,54164.893689612305
2025-05-17,0.0,0.0,72864.8936896123,54164.893689612305
2025-05-18,0.0,0.0,72864.8936896123,54164.893689612305
2025-05-19,0.0,0.0,72864.8936896123,54164.893689612305
2025-05-20,0.0,0.0,72864.8936896123,54164.893689612305
2025-05-21,0.0,0.0,72864.8936896123,54164.893689612305
2025-05-22,0.0,0.0,72864.8936896123,54164.893689612305
2025-05-23,0.0,0.0,72864.8936896123,54164.893689612305
2025-05-24,0.0,0.0,72864.8936896123,54164.893689612305
2025-05-25,0.0,0.0,72864.8936896123,54164.893689612305
2025-05-26,0.0,0.0,72864.8936896123,54164.893689612305
2025-05-27,0.0,0.0,72864.8936896123,54164.893689612305
2025-05-28,0.0,0.0,72864.8936896123,54164.893689612305
2025-05-29,0.0,0.0,72864.8936896123,54164.893689612305
2025-05-30,0.0,0.0,72864.8936896123,54164.893689612305
2025-05-31,0.0,0.0,72864.8936896123,54164.893689612305
2025-06-01,300.0,0.0,73164.8936896123,54164.893689612305
2025-06-02,0.0,0.0,73164.8936896123,54164.893689612305
2025-06-03,0.0,0.0,73164.8936896123,54164.893689612305
2025-06-04,0.0,0.0,73164.8936896123,54164.893689612305
2025-06-05,0.0,0.0,73164.8936896123,54164.893689612305
2025-06-06,0.0,0.0,73164.8936896123,54164.893689612305
2025-06-07,0.0,0.0,73164.8936896123,54164.893689612305
2025-06-08,0.0,0.0,73164.8936896123,54164.893689612305
2025-06-09,0.0,0.0,73164.8936896123,54164.893689612305
2025-06-10,0.0,0.0,73164.8936896123,54164.893689612305
2025-06-11,0.0,0.0,73164.8936896123,54164.893689612305
2025-06-12,0.0,0.0,73164.8936896123,54164.893689612305
2025-06-13,0.0,0.0,73164.8936896123,54164.893689612305
2025-06-14,0.0,0.0,73164.8936896123,54164.893689612305
2025-06-15,0.0,0.0,73164.8936896123,54164.893689612305
2025-06-16,0.0,0.0,73164.8936896123,54164.893689612305
2025-06-17,0.0,0.0,73164.8936896123,54164.893689612305
2025-06-18,0.0,0.0,73164.8936896123,54164.893689612305
2025-06-19,0.0,0.0,73164.8936896123,54164.893689612305
2025-06-20,0.0,0.0,73164.8936896123,54164.893689612305
2025-06-21,0.0,0.0,73164.8936896123,54164.893689612305
2025-06-22,0.0,0.0,73164.8936896123,54164.893689612305
2025-06-23,0.0,0.0,73164.8936896123,54164.893689612305
2025-06-24,0.0,0.0,73164.8936896123,54164.893689612305
2025-06-25,0.0,0.0,73164.8936896123,54164.893689612305
2025-06-26,0.0,0.0,73164.8936896123,54164.893689612305
2025-06-27,0.0,0.0,73164.8936896123,54164.893689612305
2025-06-28,0.0,0.0,73164.8936896123,54164.893689612305
2025-06-29,0.0,0.0,73164.8936896123,54164.893689612305
2025-06-30,0.0,0.0,73164.8936896123,54164.893689612305
2025-07-01,300.0,0.0,73464.8936896123,54164.893689612305
2025-07-02,0.0,0.0,73464.8936896123,54164.893689612305
2025-07-03,0.0,0.0,73464.8936896123,54164.893689612305
2025-07-04,0.0,0.0,73464.8936896123,54164.893689612305
2025-07-05,0.0,0.0,73464.8936896123,54164.893689612305
2025-07-06,0.0,0.0,73464.8936896123,54164.893689612305
2025-07-07,0.0,0.0,73464.8936896123,54164.893689612305
2025-07-08,0.0,0.0,73464.8936896123,54164.893689612305
2025-07-09,0.0,0.0,73464.8936896123,54164.893689612305
2025-07-10,0.0,0.0,73464.8936896123,54164.893689612305
2025-07-11,0.0,0.0,73464.8936896123,54164.893689612305
2025-07-12,0.0,0.0,73464.8936896123,54164.893689612305
2025-07-13,0.0,0.0,73464.8936896123,54164.893689612305
2025-07-14,0.0,0.0,73464.8936896123,54164.893689612305
2025-07-15,0.0,0.0,73464.8936896123,54164.893689612305
2025-07-16,0.0,0.0,73464.8936896123,54164.893689612305
2025-07-17,0.0,0.0,73464.8936896123,54164.893689612305
2025-07-18,0.0,0.0,73464.8936896123,54164.893689612305
2025-07-19,0.0,0.0,73464.8936896123,54164.893689612305
2025-07-20,0.0,0.0,73464.8936896123,54164.893689612305
2025-07-21,0.0,0.0,73464.8936896123,54164.893689612305
2025-07-22,0.0,0.0,73464.8936896123,54164.893689612305
2025-07-23,0.0,0.0,73464.8936896123,54164.893689612305
2025-07-24,0.0,0.0,73464.8936896123,54164.893689612305
2025-07-25,0.0,0.0,73464.8936896123,54164.893689612305
2025-07-26,0.0,0.0,73464.8936896123,54164.893689612305
2025-07-27,0.0,0.0,73464.8936896123,54164.893689612305
2025-07-28,0.0,0.0,73464.8936896123,54164.893689612305
2025-07-29,0.0,0.0,73464.8936896123,54164.893689612305
2025-07-30,0.0,0.0,73464.8936896123,54164.893689612305
2025-07-31,0.0,0.0,73464.8936896123,54164.893689612305
2025-08-01,300.0,0.0,73764.8936896123,54164.893689612305
2025-08-02,0.0,0.0,73764.8936896123,54164.893689612305
2025-08-03,0.0,0.0,73764.8936896123,54164.893689612305
2025-08-04,0.0,0.0,73764.8936896123,54164.893689612305
2025-08-05,0.0,0.0,73764.8936896123,54164.893689612305
2025-08-06,0.0,0.0,73764.8936896123,54164.893689612305
2025-08-07,0.0,0.0,73764.8936896123,54164.893689612305
2025-08-08,0.0,0.0,73764.8936896123,54164.893689612305
2025-08-09,0.0,0.0,73764.8936896123,54164.893689612305
2025-08-10,0.0,0.0,73764.8936896123,54164.893689612305
2025-08-11,0.0,0.0,73764.8936896123,54164.893689612305
2025-08-12,0.0,0.0,73764.8936896123,54164.893689612305
2025-08-13,0.0,0.0,73764.8936896123,54164.893689612305
2025-08-14,0.0,0.0,73764.8936896123,54164.893689612305
2025-08-15,0.0,0.0,73764.8936896123,54164.893689612305
2025-08-16,0.0,0.0,73764.8936896123,54164.893689612305
2025-08-17,0.0,0.0,73764.8936896123,54164.893689612305
2025-08-18,0.0,0.0,73764.8936896123,54164.893689612305
2025-08-19,0.0,0.0,73764.8936896123,54164.893689612305
2025-08-20,0.0,0.0,73764.8936896123,54164.893689612305
2025-08-21,0.0,0.0,73764.8936896123,54164.893689612305
2025-08-22,0.0,0.0,73764.8936896123,54164.893689612305
2025-08-23,0.0,0.0,73764.8936896123,54164.893689612305
2025-08-24,0.0,0.0,73764.8936896123,54164.893689612305
2025-08-25,0.0,0.0,73764.8936896123,54164.893689612305
2025-08-26,0.0,0.0,73764.8936896123,54164.893689612305
2025-08-27,0.0,0.0,73764.8936896123,54164.893689612305
2025-08-28,0.0,0.0,73764.8936896123,54164.893689612305
2025-08-29,0.0,0.0,73764.8936896123,54164.893689612305
2025-08-30,0.0,0.0,73764.8936896123,54164.893689612305
2025-08-31,0.0,0.0,73764.8936896123,54164.893689612305
2025-09-01,300.0,0.0,74064.8936896123,54164.893689612305
2025-09-02,0.0,0.0,74064.8936896123,54164.893689612305
2025-09-03,0.0,0.0,74064.8936896123,54164.893689612305
2025-09-04,0.0,0.0,74064.8936896123,54164.893689612305
2025-09-05,0.0,0.0,74064.8936896123,54164.893689612305
2025-09-06,0.0,0.0,74064.8936896123,54164.893689612305
2025-09-07,0.0,0.0,74064.8936896123,54164.893689612305
2025-09-08,0.0,0.0,74064.8936896123,54164.893689612305
2025-09-09,0.0,0.0,74064.8936896123,54164.893689612305
2025-09-10,0.0,0.0,74064.8936896123,54164.893689612305
2025-09-11,0.0,0.0,74064.8936896123,54164.893689612305
2025-09-12,0.0,0.0,74064.8936896123,54164.893689612305
2025-09-13,0.0,0.0,74064.8936896123,54164.893689612305
2025-09-14,0.0,0.0,74064.8936896123,54164.893689612305
2025-09-15,0.0,0.0,74064.8936896123,54164.893689612305
2025-09-16,0.0,0.0,74064.8936896123,54164.893689612305
2025-09-17,0.0,0.0,74064.8936896123,54164.893689612305
2025-09-18,0.0,0.0,74064.8936896123,54164.893689612305
2025-09-19,0.0,0.0,74064.8936896123,54164.893689612305
2025-09-20,0.0,0.0,74064.8936896123,54164.893689612305
2025-09-21,0.0,0.0,74064.8936896123,54164.893689612305
2025-09-22,0.0,0.0,74064.8936896123,54164.893689612305
2025-09-23,0.0,0.0,74064.8936896123,54164.893689612305
2025-09-24,0.0,0.0,74064.8936896123,54164.893689612305
2025-09-25,0.0,0.0,74064.8936896123,54164.893689612305
2025-09-26,0.0,0.0,74064.8936896123,54164.893689612305
2025-09-27,0.0,0.0,74064.8936896123,54164.893689612305
2025-09-28,0.0,0.0,74064.8936896123,54164.893689612305
2025-09-29,0.0,0.0,74064.8936896123,54164.893689612305
2025-09-30,0.0,0.0,74064.8936896123,54164.893689612305
2025-10-01,300.0,0.0,74364.8936896123,54164.893689612305
2025-10-02,0.0,0.0,74364.8936896123,54164.893689612305
2025-10-03,0.0,0.0,74364.8936896123,54164.893689612305
2025-10-04,0.0,0.0,74364.8936896123,54164.893689612305
2025-10-05,0.0,0.0,74364.8936896123,54164.893689612305
2025-10-06,0.0,0.0,74364.8936896123,54164.893689612305
2025-10-07,0.0,0.0,74364.8936896123,54164.893689612305
2025-10-08,0.0,0.0,74364.8936896123,54164.893689612305
2025-10-09,0.0,0.0,74364.8936896123,54164.893689612305
2025-10-10,0.0,13522.308680868256,87887.20237048056,67687.20237048056
2025-10-11,0.0,3675.2517405379913,91562.45411101855,71362.45411101855
2025-10-12,0.0,-19798.472203946498,71763.98190707206,51563.981907072055
2025-10-13,0.0,-4359.128918162198,67404.85298890986,47204.85298890986
2025-10-14,0.0,5699.022945881996,73103.87593479185,52903.87593479185
2025-10-15,0.0,6816.704546282534,79920.58048107439,59720.58048107439
2025-10-16,0.0,4467.53384230753,84388.11432338192,64188.11432338192
2025-10-17,0.0,4568.085151306572,88956.19947468849,68756.19947468849
2025-10-18,0.0,0.0,88956.19947468849,68756.19947468849
2025-10-19,0.0,0.0,88956.19947468849,68756.19947468849
2025-10-20,0.0,0.0,88956.19947468849,68756.19947468849
2025-10-21,0.0,0.0,88956.19947468849,68756.19947468849
2025-10-22,0.0,0.0,88956.19947468849,68756.19947468849
2025-10-23,0.0,0.0,88956.19947468849,68756.19947468849
2025-10-24,0.0,0.0,88956.19947468849,68756.19947468849
2025-10-25,0.0,0.0,88956.19947468849,68756.19947468849
2025-10-26,0.0,0.0,88956.19947468849,68756.19947468849
2025-10-27,0.0,0.0,88956.19947468849,68756.19947468849
2025-10-28,0.0,286.6696717176965,89242.86914640618,69042.86914640618
2025-10-29,0.0,3801.642680045741,93044.51182645193,72844.51182645193
2025-10-30,0.0,4883.633906378731,97928.14573283066,77728.14573283066
2025-10-31,0.0,-2191.614200547687,95736.53153228297,75536.53153228297
2025-11-01,300.0,-1228.5748498994508,94807.95668238352,74307.95668238352
2025-11-02,0.0,-1592.659662984137,93215.29701939938,72715.29701939938
2025-11-03,0.0,15015.643198155827,108230.94021755521,87730.94021755521
2025-11-04,0.0,18366.190191881105,126597.13040943631,106097.13040943631
2025-11-05,0.0,0.0,126597.13040943631,106097.13040943631
2025-11-06,0.0,0.0,126597.13040943631,106097.13040943631
2025-11-07,0.0,0.0,126597.13040943631,106097.13040943631
2025-11-08,0.0,0.0,126597.13040943631,106097.13040943631
2025-11-09,0.0,0.0,126597.13040943631,106097.13040943631
2025-11-10,0.0,0.0,126597.13040943631,106097.13040943631
2025-11-11,0.0,0.0,126597.13040943631,106097.13040943631
2025-11-12,0.0,0.0,126597.13040943631,106097.13040943631
2025-11-13,0.0,0.0,126597.13040943631,106097.13040943631
2025-11-14,0.0,0.0,126597.13040943631,106097.13040943631
2025-11-15,0.0,0.0,126597.13040943631,106097.13040943631
2025-11-16,0.0,0.0,126597.13040943631,106097.13040943631
2025-11-17,0.0,0.0,126597.13040943631,106097.13040943631
2025-11-18,0.0,0.0,126597.13040943631,106097.13040943631
2025-11-19,0.0,0.0,126597.13040943631,106097.13040943631
2025-11-20,0.0,0.0,126597.13040943631,106097.13040943631
2025-11-21,0.0,0.0,126597.13040943631,106097.13040943631
2025-11-22,0.0,0.0,126597.13040943631,106097.13040943631
2025-11-23,0.0,0.0,126597.13040943631,106097.13040943631
2025-11-24,0.0,0.0,126597.13040943631,106097.13040943631
2025-11-25,0.0,0.0,126597.13040943631,106097.13040943631
2025-11-26,0.0,0.0,126597.13040943631,106097.13040943631
2025-11-27,0.0,0.0,126597.13040943631,106097.13040943631
2025-11-28,0.0,0.0,126597.13040943631,106097.13040943631
2025-11-29,0.0,0.0,126597.13040943631,106097.13040943631
2025-11-30,0.0,0.0,126597.13040943631,106097.13040943631
2025-12-01,300.0,0.0,126897.13040943631,106097.13040943631
2025-12-02,0.0,0.0,126897.13040943631,106097.13040943631
2025-12-03,0.0,0.0,126897.13040943631,106097.13040943631
2025-12-04,0.0,-2786.5310689681355,124110.59934046818,103310.59934046818
2025-12-05,0.0,3596.4791798137885,127707.07852028197,106907.07852028197
2025-12-06,0.0,-1010.8322075256438,126696.24631275632,105896.24631275632
2025-12-07,0.0,-1361.8109657912719,125334.43534696505,104534.43534696505
2025-12-08,0.0,-5485.410550670451,119849.0247962946,99049.0247962946
2025-12-09,0.0,-7890.027299696754,111958.99749659785,91158.99749659785
2025-12-10,0.0,0.0,111958.99749659785,91158.99749659785
2025-12-11,0.0,-1554.0821496833814,110404.91534691447,89604.91534691447
2025-12-12,0.0,-1027.1314198618056,109377.78392705266,88577.78392705266
2025-12-13,0.0,-1930.1500418279902,107447.63388522467,86647.63388522467
2025-12-14,0.0,3416.5238466125884,110864.15773183726,90064.15773183726
2025-12-15,0.0,4036.639091637233,114900.79682347449,94100.79682347449
2025-12-16,0.0,161.9317408324423,115062.72856430693,94262.72856430693
2025-12-17,0.0,8232.916911985463,123295.6454762924,102495.6454762924
2025-12-18,0.0,297.87792491666914,123593.52340120907,102793.52340120907
2025-12-19,0.0,-9612.739317414103,113980.78408379496,93180.78408379496
2025-12-20,0.0,131.09399054254754,114111.87807433751,93311.87807433751
2025-12-21,0.0,-1532.4236438202643,112579.45443051725,91779.45443051725
2025-12-22,0.0,-3660.399141847345,108919.0552886699,88119.0552886699
2025-12-23,0.0,0.0,108919.0552886699,88119.0552886699
2025-12-24,0.0,0.0,108919.0552886699,88119.0552886699
2025-12-25,0.0,0.0,108919.0552886699,88119.0552886699
2025-12-26,0.0,0.0,108919.0552886699,88119.0552886699
2025-12-27,0.0,0.0,108919.0552886699,88119.0552886699
2025-12-28,0.0,0.0,108919.0552886699,88119.0552886699
2025-12-29,0.0,5258.759338828313,114177.81462749821,93377.81462749821
2025-12-30,0.0,-2330.129144474122,111847.68548302409,91047.68548302409
2025-12-31,0.0,139.730736524667,111987.41621954876,91187.41621954876
2026-01-01,300.0,-2086.486864790466,110200.9293547583,89100.9293547583
2026-01-02,0.0,-2697.6989608701842,107503.23039388811,86403.23039388811
2026-01-03,0.0,0.0,107503.23039388811,86403.23039388811
2026-01-04,0.0,0.0,107503.23039388811,86403.23039388811
2026-01-05,0.0,0.0,107503.23039388811,86403.23039388811
2026-01-06,0.0,0.0,107503.23039388811,86403.23039388811
2026-01-07,0.0,0.0,107503.23039388811,86403.23039388811
2026-01-08,0.0,0.0,107503.23039388811,86403.23039388811
2026-01-09,0.0,0.0,107503.23039388811,86403.23039388811
2026-01-10,0.0,0.0,107503.23039388811,86403.23039388811
2026-01-11,0.0,0.0,107503.23039388811,86403.23039388811
2026-01-12,0.0,0.0,107503.23039388811,86403.23039388811
2026-01-13,0.0,0.0,107503.23039388811,86403.23039388811
2026-01-14,0.0,0.0,107503.23039388811,86403.23039388811
2026-01-15,0.0,0.0,107503.23039388811,86403.23039388811
2026-01-16,0.0,0.0,107503.23039388811,86403.23039388811
2026-01-17,0.0,0.0,107503.23039388811,86403.23039388811
2026-01-18,0.0,0.0,107503.23039388811,86403.23039388811
2026-01-19,0.0,0.0,107503.23039388811,86403.23039388811
2026-01-20,0.0,0.0,107503.23039388811,86403.23039388811
2026-01-21,0.0,0.0,107503.23039388811,86403.23039388811
2026-01-22,0.0,0.0,107503.23039388811,86403.23039388811
2026-01-23,0.0,0.0,107503.23039388811,86403.23039388811
2026-01-24,0.0,0.0,107503.23039388811,86403.23039388811
2026-01-25,0.0,1951.9239358699415,109455.15432975805,88355.15432975805
2026-01-26,0.0,-7947.645835615869,101507.50849414218,80407.50849414218
2026-01-27,0.0,-6505.857075289736,95001.65141885245,73901.65141885245
2026-01-28,0.0,0.0,95001.65141885245,73901.65141885245
2026-01-29,0.0,3568.135400900821,98569.78681975327,77469.78681975327
2026-01-30,0.0,5401.945931984228,103971.7327517375,82871.7327517375
2026-01-31,0.0,14372.08074957844,118343.81350131593,97243.81350131593
2026-02-01,300.0,13693.180025501657,132336.9935268176,110936.99352681759
2026-02-02,0.0,-5869.814092800225,126467.17943401737,105067.17943401737
2026-02-03,0.0,8550.46116699226,135017.64060100963,113617.64060100963
2026-02-04,0.0,6441.361110307713,141459.00171131734,120059.00171131734
2026-02-05,0.0,24328.07780161887,165787.0795129362,144387.0795129362
2026-02-06,0.0,-17966.17401335886,147820.90549957735,126420.90549957735
2026-02-07,0.0,3221.214241771144,151042.1197413485,129642.11974134849
2026-02-08,0.0,0.0,151042.1197413485,129642.11974134849
2026-02-09,0.0,0.0,151042.1197413485,129642.11974134849
2026-02-10,0.0,0.0,151042.1197413485,129642.11974134849
2026-02-11,0.0,0.0,151042.1197413485,129642.11974134849
2026-02-12,0.0,0.0,151042.1197413485,129642.11974134849
2026-02-13,0.0,0.0,151042.1197413485,129642.11974134849
2026-02-14,0.0,0.0,151042.1197413485,129642.11974134849
2026-02-15,0.0,0.0,151042.1197413485,129642.11974134849
2026-02-16,0.0,0.0,151042.1197413485,129642.11974134849
2026-02-17,0.0,0.0,151042.1197413485,129642.11974134849
2026-02-18,0.0,0.0,151042.1197413485,129642.11974134849
2026-02-19,0.0,0.0,151042.1197413485,129642.11974134849
2026-02-20,0.0,0.0,151042.1197413485,129642.11974134849
2026-02-21,0.0,0.0,151042.1197413485,129642.11974134849
2026-02-22,0.0,0.0,151042.1197413485,129642.11974134849
2026-02-23,0.0,0.0,151042.1197413485,129642.11974134849
2026-02-24,0.0,0.0,151042.1197413485,129642.11974134849
2026-02-25,0.0,0.0,151042.1197413485,129642.11974134849
2026-02-26,0.0,0.0,151042.1197413485,129642.11974134849
2026-02-27,0.0,0.0,151042.1197413485,129642.11974134849
2026-02-28,0.0,0.0,151042.1197413485,129642.11974134849
2026-03-01,300.0,0.0,151342.1197413485,129642.11974134849
2026-03-02,0.0,0.0,151342.1197413485,129642.11974134849
2026-03-03,0.0,0.0,151342.1197413485,129642.11974134849
2026-03-04,0.0,0.0,151342.1197413485,129642.11974134849
2026-03-05,0.0,-318.34824473340996,151023.77149661508,129323.77149661508
2026-03-06,0.0,9022.036599265179,160045.80809588026,138345.80809588026
2026-03-07,0.0,892.5729554070858,160938.38105128735,139238.38105128735
2026-03-08,0.0,3048.94854718665,163987.329598474,142287.329598474
2026-03-09,0.0,-5446.189669082058,158541.13992939194,136841.13992939194
2026-03-10,0.0,-4089.5526744175004,154451.58725497444,132751.58725497444
2026-03-11,0.0,-1495.1003568235901,152956.48689815085,131256.48689815085
2026-03-12,0.0,-2105.6620032625215,150850.82489488833,129150.82489488833
2026-03-13,0.0,0.0,150850.82489488833,129150.82489488833
2026-03-14,0.0,-1128.5018221228675,149722.32307276546,128022.32307276546
2026-03-15,0.0,0.0,149722.32307276546,128022.32307276546
2026-03-16,0.0,0.0,149722.32307276546,128022.32307276546
2026-03-17,0.0,0.0,149722.32307276546,128022.32307276546
2026-03-18,0.0,0.0,149722.32307276546,128022.32307276546
2026-03-19,0.0,-1119.8211288557795,148602.50194390968,126902.50194390968
2026-03-20,0.0,0.0,148602.50194390968,126902.50194390968
2026-03-21,0.0,0.0,148602.50194390968,126902.50194390968
2026-03-22,0.0,2739.450105877302,151341.95204978698,129641.95204978698
2026-03-23,0.0,-7939.600265712506,143402.35178407448,121702.35178407448
2026-03-24,0.0,-4046.6620817976946,139355.68970227678,117655.68970227678
2026-03-25,0.0,0.0,139355.68970227678,117655.68970227678
2026-03-26,0.0,5439.013846047805,144794.70354832459,123094.70354832459
2026-03-27,0.0,6320.4232520041405,151115.12680032873,129415.12680032873
2026-03-28,0.0,-242.47736087374506,150872.64943945498,129172.64943945498
2026-03-29,0.0,1001.5816406536323,151874.2310801086,130174.23108010861
2026-03-30,0.0,-3988.0454943519144,147886.1855857567,126186.1855857567
2026-03-31,0.0,-7073.948773850454,140812.23681190624,119112.23681190624
2026-04-01,300.0,-1264.5837927722896,139847.65301913396,117847.65301913396
2026-04-02,0.0,1395.4409845346236,141243.09400366858,119243.09400366858
2026-04-03,0.0,305.79463032083004,141548.8886339894,119548.88863398941
2026-04-04,0.0,-1092.8257087490347,140456.06292524037,118456.06292524037
2026-04-05,0.0,-4318.95520568348,136137.1077195569,114137.1077195569
2026-04-06,0.0,-176.40632678981638,135960.70139276708,113960.70139276708
2026-04-07,0.0,0.0,135960.70139276708,113960.70139276708
2026-04-08,0.0,0.0,135960.70139276708,113960.70139276708
2026-04-09,0.0,0.0,135960.70139276708,113960.70139276708
2026-04-10,0.0,0.0,135960.70139276708,113960.70139276708
2026-04-11,0.0,0.0,135960.70139276708,113960.70139276708
2026-04-12,0.0,0.0,135960.70139276708,113960.70139276708
2026-04-13,0.0,0.0,135960.70139276708,113960.70139276708
2026-04-14,0.0,0.0,135960.70139276708,113960.70139276708
2026-04-15,0.0,0.0,135960.70139276708,113960.70139276708
2026-04-16,0.0,0.0,135960.70139276708,113960.70139276708
2026-04-17,0.0,0.0,135960.70139276708,113960.70139276708
2026-04-18,0.0,0.0,135960.70139276708,113960.70139276708
2026-04-19,0.0,0.0,135960.70139276708,113960.70139276708
2026-04-20,0.0,0.0,135960.70139276708,113960.70139276708
2026-04-21,0.0,0.0,135960.70139276708,113960.70139276708
2026-04-22,0.0,0.0,135960.70139276708,113960.70139276708
2026-04-23,0.0,0.0,135960.70139276708,113960.70139276708
2026-04-24,0.0,0.0,135960.70139276708,113960.70139276708
2026-04-25,0.0,0.0,135960.70139276708,113960.70139276708
2026-04-26,0.0,0.0,135960.70139276708,113960.70139276708
2026-04-27,0.0,0.0,135960.70139276708,113960.70139276708
2026-04-28,0.0,0.0,135960.70139276708,113960.70139276708
2026-04-29,0.0,0.0,135960.70139276708,113960.70139276708
2026-04-30,0.0,0.0,135960.70139276708,113960.70139276708
2026-05-01,300.0,0.0,136260.70139276708,113960.70139276708
2026-05-02,0.0,0.0,136260.70139276708,113960.70139276708
2026-05-03,0.0,0.0,136260.70139276708,113960.70139276708
2026-05-04,0.0,0.0,136260.70139276708,113960.70139276708
2026-05-05,0.0,0.0,136260.70139276708,113960.70139276708
2026-05-06,0.0,0.0,136260.70139276708,113960.70139276708
2026-05-07,0.0,0.0,136260.70139276708,113960.70139276708
2026-05-08,0.0,0.0,136260.70139276708,113960.70139276708
2026-05-09,0.0,0.0,136260.70139276708,113960.70139276708
2026-05-10,0.0,0.0,136260.70139276708,113960.70139276708
2026-05-11,0.0,0.0,136260.70139276708,113960.70139276708
2026-05-12,0.0,0.0,136260.70139276708,113960.70139276708
2026-05-13,0.0,0.0,136260.70139276708,113960.70139276708
2026-05-14,0.0,0.0,136260.70139276708,113960.70139276708
2026-05-15,0.0,-583.7123904906912,135676.9890022764,113376.98900227639
2026-05-16,0.0,4001.8583406447724,139678.84734292116,117378.84734292116
2026-05-17,0.0,-290.29461174691096,139388.55273117425,117088.55273117425
2026-05-18,0.0,0.0,139388.55273117425,117088.55273117425
2026-05-19,0.0,0.0,139388.55273117425,117088.55273117425
2026-05-20,0.0,0.0,139388.55273117425,117088.55273117425
2026-05-21,0.0,0.0,139388.55273117425,117088.55273117425
2026-05-22,0.0,0.0,139388.55273117425,117088.55273117425
2026-05-23,0.0,-8949.5234770112,130439.02925416305,108139.02925416305
2026-05-24,0.0,1817.129638008846,132256.1588921719,109956.1588921719
2026-05-25,0.0,-1834.4785398036329,130421.68035236826,108121.68035236826
2026-05-26,0.0,0.0,130421.68035236826,108121.68035236826
2026-05-27,0.0,0.0,130421.68035236826,108121.68035236826
2026-05-28,0.0,0.0,130421.68035236826,108121.68035236826
2026-05-29,0.0,0.0,130421.68035236826,108121.68035236826
2026-05-30,0.0,0.0,130421.68035236826,108121.68035236826
2026-05-31,0.0,2093.6242476057814,132515.30459997404,110215.30459997404
2026-06-01,300.0,66.13871177571127,132881.44331174975,110281.44331174975
2026-06-02,0.0,14547.115142822557,147428.5584545723,124828.55845457231
2026-06-03,0.0,4625.6343425462255,152054.19279711854,129454.19279711854
2026-06-04,0.0,4213.944833566202,156268.13763068474,133668.13763068474
2026-06-05,0.0,18479.08117478859,174747.21880547333,152147.21880547333
2026-06-06,0.0,1339.8353505337145,176087.05415600704,153487.05415600704
2026-06-07,0.0,-4259.642511247366,171827.41164475968,149227.41164475968
2026-06-08,0.0,0.0,171827.41164475968,149227.41164475968
2026-06-09,0.0,0.0,171827.41164475968,149227.41164475968
2026-06-10,0.0,0.0,171827.41164475968,149227.41164475968
2026-06-11,0.0,0.0,171827.41164475968,149227.41164475968
2026-06-12,0.0,0.0,171827.41164475968,149227.41164475968
2026-06-13,0.0,0.0,171827.41164475968,149227.41164475968
2026-06-14,0.0,0.0,171827.41164475968,149227.41164475968
2026-06-15,0.0,0.0,171827.41164475968,149227.41164475968
2026-06-16,0.0,0.0,171827.41164475968,149227.41164475968
2026-06-17,0.0,0.0,171827.41164475968,149227.41164475968
2026-06-18,0.0,0.0,171827.41164475968,149227.41164475968
2026-06-19,0.0,0.0,171827.41164475968,149227.41164475968
2026-06-20,0.0,0.0,171827.41164475968,149227.41164475968
2026-06-21,0.0,0.0,171827.41164475968,149227.41164475968
2026-06-22,0.0,0.0,171827.41164475968,149227.41164475968
2026-06-23,0.0,0.0,171827.41164475968,149227.41164475968
2026-06-24,0.0,0.0,171827.41164475968,149227.41164475968
2026-06-25,0.0,0.0,171827.41164475968,149227.41164475968
2026-06-26,0.0,0.0,171827.41164475968,149227.41164475968
2026-06-27,0.0,0.0,171827.41164475968,149227.41164475968
2026-06-28,0.0,0.0,171827.41164475968,149227.41164475968
2026-06-29,0.0,0.0,171827.41164475968,149227.41164475968
2026-06-30,0.0,0.0,171827.41164475968,149227.41164475968
2026-07-01,300.0,0.0,172127.41164475968,149227.41164475968
2026-07-02,0.0,0.0,172127.41164475968,149227.41164475968
2026-07-03,0.0,0.0,172127.41164475968,149227.41164475968
2026-07-04,0.0,0.0,172127.41164475968,149227.41164475968
2026-07-05,0.0,0.0,172127.41164475968,149227.41164475968
2026-07-06,0.0,0.0,172127.41164475968,149227.41164475968
2026-07-07,0.0,0.0,172127.41164475968,149227.41164475968
2026-07-08,0.0,-1089.1351094424026,171038.27653531727,148138.27653531727
2026-07-09,0.0,-2077.8983323725115,168960.37820294476,146060.37820294476
2026-07-10,0.0,0.0,168960.37820294476,146060.37820294476
2026-07-11,0.0,0.0,168960.37820294476,146060.37820294476
2026-07-12,0.0,0.0,168960.37820294476,146060.37820294476
2026-07-13,0.0,0.0,168960.37820294476,146060.37820294476
2026-07-14,0.0,0.0,168960.37820294476,146060.37820294476
2026-07-15,0.0,0.0,168960.37820294476,146060.37820294476
2026-07-16,0.0,0.0,168960.37820294476,146060.37820294476
2026-07-17,0.0,0.0,168960.37820294476,146060.37820294476
2026-07-18,0.0,0.0,168960.37820294476,146060.37820294476
2026-07-19,0.0,0.0,168960.37820294476,146060.37820294476
2026-07-20,0.0,0.0,168960.37820294476,146060.37820294476
2026-07-21,0.0,0.0,168960.37820294476,146060.37820294476
2026-07-22,0.0,0.0,168960.37820294476,146060.37820294476
2026-07-23,0.0,0.0,168960.37820294476,146060.37820294476
2026-07-24,0.0,0.0,168960.37820294476,146060.37820294476
2026-07-25,0.0,0.0,168960.37820294476,146060.37820294476
2026-07-26,0.0,0.0,168960.37820294476,146060.37820294476
2026-07-27,0.0,0.0,168960.37820294476,146060.37820294476
2026-07-28,0.0,0.0,168960.37820294476,146060.37820294476
2026-07-29,0.0,0.0,168960.37820294476,146060.37820294476
2026-07-30,0.0,0.0,168960.37820294476,146060.37820294476
2026-07-31,0.0,0.0,168960.37820294476,146060.37820294476
2026-08-01,300.0,0.0,169260.37820294476,146060.37820294476
2026-08-02,0.0,0.0,169260.37820294476,146060.37820294476
2026-08-03,0.0,0.0,169260.37820294476,146060.37820294476
2026-08-04,0.0,0.0,169260.37820294476,146060.37820294476
2026-08-05,0.0,0.0,169260.37820294476,146060.37820294476
2026-08-06,0.0,0.0,169260.37820294476,146060.37820294476
2026-08-07,0.0,0.0,169260.37820294476,146060.37820294476
2026-08-08,0.0,0.0,169260.37820294476,146060.37820294476
2026-08-09,0.0,0.0,169260.37820294476,146060.37820294476
2026-08-10,0.0,0.0,169260.37820294476,146060.37820294476
2026-08-11,0.0,0.0,169260.37820294476,146060.37820294476
2026-08-12,0.0,0.0,169260.37820294476,146060.37820294476
2026-08-13,0.0,0.0,169260.37820294476,146060.37820294476
2026-08-14,0.0,0.0,169260.37820294476,146060.37820294476
2026-08-15,0.0,0.0,169260.37820294476,146060.37820294476
2026-08-16,0.0,0.0,169260.37820294476,146060.37820294476
2026-08-17,0.0,0.0,169260.37820294476,146060.37820294476
2026-08-18,0.0,0.0,169260.37820294476,146060.37820294476
2026-08-19,0.0,0.0,169260.37820294476,146060.37820294476
2026-08-20,0.0,0.0,169260.37820294476,146060.37820294476
2026-08-21,0.0,0.0,169260.37820294476,146060.37820294476
2026-08-22,0.0,0.0,169260.37820294476,146060.37820294476
2026-08-23,0.0,0.0,169260.37820294476,146060.37820294476
2026-08-24,0.0,0.0,169260.37820294476,146060.37820294476
2026-08-25,0.0,0.0,169260.37820294476,146060.37820294476
2026-08-26,0.0,0.0,169260.37820294476,146060.37820294476
2026-08-27,0.0,0.0,169260.37820294476,146060.37820294476
2026-08-28,0.0,0.0,169260.37820294476,146060.37820294476
2026-08-29,0.0,0.0,169260.37820294476,146060.37820294476
2026-08-30,0.0,0.0,169260.37820294476,146060.37820294476
2026-08-31,0.0,0.0,169260.37820294476,146060.37820294476
2026-09-01,300.0,0.0,169560.37820294476,146060.37820294476
2026-09-02,0.0,0.0,169560.37820294476,146060.37820294476
2026-09-03,0.0,0.0,169560.37820294476,146060.37820294476
2026-09-04,0.0,0.0,169560.37820294476,146060.37820294476
2026-09-05,0.0,0.0,169560.37820294476,146060.37820294476
2026-09-06,0.0,0.0,169560.37820294476,146060.37820294476
2026-09-07,0.0,0.0,169560.37820294476,146060.37820294476
2026-09-08,0.0,0.0,169560.37820294476,146060.37820294476
2026-09-09,0.0,0.0,169560.37820294476,146060.37820294476
2026-09-10,0.0,0.0,169560.37820294476,146060.37820294476
2026-09-11,0.0,0.0,169560.37820294476,146060.37820294476
2026-09-12,0.0,0.0,169560.37820294476,146060.37820294476
2026-09-13,0.0,0.0,169560.37820294476,146060.37820294476
2026-09-14,0.0,0.0,169560.37820294476,146060.37820294476
2026-09-15,0.0,0.0,169560.37820294476,146060.37820294476
2026-09-16,0.0,0.0,169560.37820294476,146060.37820294476
2026-09-17,0.0,0.0,169560.37820294476,146060.37820294476
2026-09-18,0.0,0.0,169560.37820294476,146060.37820294476
2026-09-19,0.0,0.0,169560.37820294476,146060.37820294476
2026-09-20,0.0,0.0,169560.37820294476,146060.37820294476
2026-09-21,0.0,0.0,169560.37820294476,146060.37820294476
2026-09-22,0.0,0.0,169560.37820294476,146060.37820294476
2026-09-23,0.0,0.0,169560.37820294476,146060.37820294476
2026-09-24,0.0,0.0,169560.37820294476,146060.37820294476
2026-09-25,0.0,0.0,169560.37820294476,146060.37820294476
2026-09-26,0.0,0.0,169560.37820294476,146060.37820294476
2026-09-27,0.0,0.0,169560.37820294476,146060.37820294476
2026-09-28,0.0,0.0,169560.37820294476,146060.37820294476
2026-09-29,0.0,0.0,169560.37820294476,146060.37820294476
2026-09-30,0.0,0.0,169560.37820294476,146060.37820294476
